age,annual_income,net_worth,savings_rate,debt_ratio,employment_years,investment_experience_years,time_horizon_years,emergency_fund_months,employment_status,primary_goal,liquidity_need,resources_used,q1,q2,q3,q4,q5,risk_tolerance,risk_capacity,combined_score,investor_type,stocks_target,bonds_target,cash_target,alts_target,curr_stock,curr_bonds,curr_cash,curr_alts
30,4199,10213,0.091,0.291,11,3,17,1,employee,retirement,medium,advisor,1,2,3,4,4,0.51,0.28,0.502,moderate,0.625,0.25,0.083,0.042,0.592,0.294,0.07,0.043
27,4402,15414,0.135,0.519,8,14,12,2,self-employed,home_purchase,medium,online,2,4,3,3,3,0.6,0.176,0.44,moderate,0.605,0.263,0.088,0.044,0.59,0.261,0.124,0.026
31,4776,20234,0.088,0.092,9,1,10,3,employee,retirement,low,friends,4,2,3,2,3,0.57,0.352,0.492,moderate,0.591,0.273,0.091,0.045,0.606,0.278,0.067,0.05
35,5011,22628,0.294,0.103,16,8,4,4,employee,wealth_generation,low,online,4,4,2,3,4,0.69,0.333,0.491,moderate,0.541,0.306,0.102,0.051,0.53,0.288,0.115,0.066
26,6106,22807,0.077,0.336,10,8,16,2,employee,retirement,high,advisor,3,3,3,4,3,0.63,0.279,0.511,moderate,0.625,0.25,0.083,0.042,0.646,0.286,0.052,0.015
26,6176,23539,0.26,0.321,2,1,4,2,retired,wealth_generation,high,online,2,4,2,4,2,0.56,0.231,0.46,moderate,0.541,0.306,0.102,0.051,0.54,0.277,0.089,0.094
35,6462,26974,0.139,0.165,18,10,6,5,employee,retirement,low,books,4,3,3,4,4,0.71,0.327,0.567,moderate,0.559,0.294,0.098,0.049,0.573,0.291,0.072,0.064
31,6805,28738,0.129,0.388,11,6,4,1,self-employed,retirement,medium,friends,3,5,4,2,1,0.65,0.225,0.484,moderate,0.541,0.306,0.102,0.051,0.543,0.283,0.131,0.043
25,7152,30137,0.097,0.107,6,10,1,4,employee,wealth_generation,low,books,3,4,4,5,2,0.72,0.34,0.572,moderate,0.511,0.326,0.109,0.054,0.497,0.317,0.088,0.097
30,7195,32146,0.18,0.471,7,12,14,6,retired,retirement,medium,advisor,3,3,3,4,5,0.69,0.204,0.469,moderate,0.619,0.254,0.085,0.042,0.641,0.261,0.013,0.085
25,7370,33985,0.191,0.144,4,4,7,2,employee,home_purchase,low,books,5,5,4,3,3,0.84,0.346,0.622,moderate,0.567,0.288,0.096,0.048,0.578,0.281,0.09,0.051
25,7574,35822,0.147,0.078,3,6,5,1,employee,wealth_generation,medium,online,4,3,2,3,4,0.64,0.369,0.525,moderate,0.55,0.3,0.1,0.05,0.53,0.313,0.109,0.048
29,7645,40153,0.04,0.201,12,4,8,7,employee,retirement,low,online,3,3,3,2,3,0.57,0.329,0.507,moderate,0.575,0.283,0.094,0.047,0.57,0.259,0.107,0.064
18,7777,40276,0.263,0.138,0,3,11,2,retired,retirement,medium,advisor,3,2,2,3,4,0.54,0.33,0.464,moderate,0.598,0.268,0.089,0.045,0.602,0.247,0.118,0.033
19,7898,42778,0.316,0.269,0,0,11,2,retired,retirement,medium,online,4,2,5,3,2,0.65,0.281,0.48,moderate,0.598,0.268,0.089,0.045,0.564,0.24,0.105,0.092
25,8023,42950,0.14,0.329,8,16,9,3,retired,retirement,medium,books,3,1,1,5,2,0.45,0.254,0.352,moderate,0.583,0.278,0.093,0.046,0.616,0.222,0.09,0.071
22,8050,43286,0.176,0.256,3,6,11,2,employee,wealth_generation,low,online,4,3,3,3,1,0.59,0.317,0.416,moderate,0.598,0.268,0.089,0.045,0.572,0.327,0.036,0.065
29,8168,43941,0.143,0.319,5,0,10,8,unemployed,retirement,low,advisor,4,3,2,3,2,0.58,0.247,0.46,moderate,0.591,0.273,0.091,0.045,0.597,0.287,0.096,0.02
23,8191,45876,0.118,0.21,0,0,18,1,employee,retirement,medium,online,3,3,4,3,2,0.61,0.356,0.502,moderate,0.625,0.25,0.083,0.042,0.636,0.241,0.1,0.022
20,8210,46205,0.05,0.033,4,4,2,3,employee,retirement,medium,friends,3,3,1,3,2,0.49,0.384,0.453,moderate,0.521,0.319,0.106,0.053,0.502,0.328,0.083,0.086
35,8341,48018,0.145,0.545,12,0,20,3,employee,wealth_generation,low,books,3,2,2,4,4,0.57,0.209,0.517,moderate,0.625,0.25,0.083,0.042,0.591,0.289,0.073,0.047
26,8446,48530,0.224,0.392,2,5,7,3,retired,wealth_generation,low,advisor,3,3,4,3,2,0.61,0.229,0.444,moderate,0.567,0.288,0.096,0.048,0.53,0.273,0.107,0.091
28,8604,52870,0.016,0.072,5,1,16,3,student,retirement,low,books,3,4,4,3,4,0.72,0.37,0.586,moderate,0.625,0.25,0.083,0.042,0.653,0.267,0.05,0.03
20,8915,54261,0.169,0.241,4,1,10,8,employee,home_purchase,medium,none,3,4,4,2,4,0.69,0.327,0.526,moderate,0.591,0.273,0.091,0.045,0.61,0.249,0.091,0.05
25,9022,55162,0.246,0.309,2,9,8,5,employee,wealth_generation,high,advisor,5,4,4,2,2,0.73,0.293,0.55,moderate,0.575,0.283,0.094,0.047,0.614,0.271,0.046,0.069
28,9070,58085,0.094,0.139,8,14,13,2,employee,wealth_generation,medium,books,3,3,2,3,4,0.59,0.381,0.477,moderate,0.612,0.259,0.086,0.043,0.616,0.313,0.07,0.002
22,9073,58461,0.085,0.287,0,5,17,3,retired,retirement,medium,online,2,3,3,3,3,0.55,0.296,0.416,moderate,0.625,0.25,0.083,0.042,0.616,0.258,0.098,0.029
29,9077,59069,0.212,0.271,5,12,10,0,employee,wealth_generation,low,online,3,3,4,4,5,0.73,0.315,0.51,moderate,0.591,0.273,0.091,0.045,0.625,0.286,0.077,0.013
24,9136,60069,0.103,0.147,3,0,11,3,retired,wealth_generation,medium,friends,3,3,3,4,3,0.63,0.338,0.481,moderate,0.598,0.268,0.089,0.045,0.584,0.264,0.109,0.043
26,9148,60082,0.087,0.114,8,11,3,1,employee,retirement,medium,online,3,5,2,3,3,0.66,0.363,0.548,moderate,0.531,0.312,0.104,0.052,0.528,0.336,0.104,0.032
24,9218,60501,0.129,0.361,2,1,22,4,retired,retirement,low,none,3,2,2,3,3,0.51,0.277,0.408,moderate,0.625,0.25,0.083,0.042,0.59,0.251,0.075,0.085
37,9243,61103,0.132,0.194,19,12,19,2,self-employed,retirement,low,books,4,1,2,4,4,0.57,0.358,0.479,moderate,0.625,0.25,0.083,0.042,0.662,0.266,0.072,0.0
27,9245,62286,0.243,0.163,5,13,10,4,employee,retirement,low,books,2,4,3,4,2,0.6,0.363,0.492,moderate,0.591,0.273,0.091,0.045,0.569,0.307,0.065,0.059
22,9486,64181,0.177,0.351,0,11,17,2,employee,wealth_generation,low,none,2,3,3,3,3,0.55,0.298,0.454,moderate,0.625,0.25,0.083,0.042,0.611,0.25,0.07,0.068
32,9514,64219,0.135,0.351,12,11,8,6,retired,wealth_generation,medium,none,5,1,2,3,3,0.56,0.253,0.44,moderate,0.575,0.283,0.094,0.047,0.596,0.232,0.133,0.039
21,9681,64247,0.16,0.176,1,7,16,3,employee,wealth_generation,low,advisor,4,4,4,3,1,0.68,0.376,0.559,moderate,0.625,0.25,0.083,0.042,0.596,0.262,0.06,0.082
29,9722,64704,0.286,0.425,10,4,12,5,employee,retirement,low,online,1,4,4,4,2,0.59,0.255,0.446,moderate,0.605,0.263,0.088,0.044,0.633,0.266,0.086,0.015
18,9748,66771,0.064,0.33,0,8,11,4,employee,wealth_generation,high,advisor,3,3,2,3,5,0.62,0.295,0.512,moderate,0.598,0.268,0.089,0.045,0.568,0.306,0.078,0.048
21,9780,68767,0.091,0.203,0,6,3,7,employee,wealth_generation,low,online,3,4,2,1,4,0.58,0.33,0.42,moderate,0.531,0.312,0.104,0.052,0.514,0.322,0.14,0.024
28,9782,69197,0.294,0.233,7,0,25,4,self-employed,wealth_generation,low,online,3,4,4,3,4,0.72,0.36,0.553,moderate,0.625,0.25,0.083,0.042,0.641,0.243,0.084,0.032
31,9785,72943,0.289,0.346,10,6,19,4,student,retirement,low,books,2,2,4,1,3,0.48,0.274,0.374,moderate,0.625,0.25,0.083,0.042,0.572,0.267,0.093,0.067
28,9804,72972,0.083,0.148,11,9,17,2,retired,education,medium,advisor,4,4,3,4,2,0.7,0.36,0.583,moderate,0.625,0.25,0.083,0.042,0.612,0.242,0.088,0.058
27,9813,73509,0.074,0.248,8,0,8,3,employee,retirement,low,books,2,3,3,2,5,0.58,0.325,0.462,moderate,0.575,0.283,0.094,0.047,0.554,0.318,0.07,0.058
26,9816,75303,0.138,0.316,6,8,8,2,employee,education,low,books,1,3,3,1,4,0.47,0.296,0.371,moderate,0.575,0.283,0.094,0.047,0.602,0.276,0.094,0.028
20,9876,76081,0.037,0.273,0,9,13,0,self-employed,retirement,low,books,2,3,3,2,2,0.49,0.313,0.424,moderate,0.612,0.259,0.086,0.043,0.613,0.216,0.135,0.035
24,9890,76162,0.184,0.299,6,2,19,4,self-employed,wealth_generation,low,books,5,3,1,3,3,0.62,0.316,0.522,moderate,0.625,0.25,0.083,0.042,0.664,0.218,0.08,0.038
25,9947,76701,0.05,0.276,5,6,23,2,employee,wealth_generation,low,books,3,1,3,2,3,0.47,0.351,0.445,moderate,0.625,0.25,0.083,0.042,0.603,0.232,0.162,0.003
33,9969,78258,0.041,0.143,13,16,7,3,retired,wealth_generation,low,advisor,4,3,4,5,2,0.72,0.335,0.594,moderate,0.567,0.288,0.096,0.048,0.597,0.307,0.057,0.039
29,10009,80129,0.15,0.227,12,13,13,2,self-employed,wealth_generation,low,books,3,4,3,1,3,0.59,0.334,0.491,moderate,0.612,0.259,0.086,0.043,0.614,0.218,0.132,0.036
19,10170,82571,0.289,0.27,0,5,16,2,employee,income,low,friends,4,2,3,1,4,0.57,0.338,0.486,moderate,0.625,0.25,0.083,0.042,0.678,0.259,0.058,0.006
29,10225,83917,0.139,0.371,11,5,6,1,unemployed,home_purchase,low,online,3,2,3,2,4,0.55,0.232,0.415,moderate,0.559,0.294,0.098,0.049,0.536,0.314,0.113,0.038
26,10241,86230,0.125,0.316,8,2,10,2,unemployed,retirement,low,online,2,4,2,5,5,0.68,0.262,0.503,moderate,0.591,0.273,0.091,0.045,0.644,0.246,0.104,0.006
24,10330,87068,0.38,0.233,4,1,6,1,retired,wealth_generation,medium,online,5,5,2,2,5,0.79,0.3,0.565,moderate,0.559,0.294,0.098,0.049,0.557,0.304,0.09,0.049
31,10393,90057,0.159,0.546,7,4,15,3,retired,education,low,online,3,4,2,2,4,0.61,0.192,0.463,moderate,0.625,0.25,0.083,0.042,0.58,0.264,0.104,0.052
33,10442,91462,0.129,0.095,16,15,19,0,employee,retirement,medium,books,1,4,4,2,3,0.56,0.431,0.454,moderate,0.625,0.25,0.083,0.042,0.624,0.257,0.069,0.051
32,10501,94491,0.131,0.146,8,16,20,6,unemployed,retirement,medium,books,3,3,4,2,5,0.67,0.359,0.506,moderate,0.625,0.25,0.083,0.042,0.652,0.245,0.101,0.002
23,10519,97120,0.088,0.201,5,11,14,7,student,income,medium,none,3,3,5,1,5,0.68,0.328,0.595,moderate,0.619,0.254,0.085,0.042,0.589,0.259,0.076,0.076
26,10538,97295,0.155,0.156,4,5,9,2,self-employed,income,medium,advisor,3,2,2,2,3,0.48,0.357,0.427,moderate,0.583,0.278,0.093,0.046,0.556,0.301,0.088,0.055
29,10561,98513,0.141,0.305,13,2,14,2,retired,retirement,medium,books,3,4,3,2,4,0.65,0.292,0.511,moderate,0.619,0.254,0.085,0.042,0.652,0.269,0.068,0.011
32,10582,103693,0.106,0.045,16,8,19,1,employee,retirement,low,books,5,4,3,4,4,0.81,0.457,0.633,moderate,0.625,0.25,0.083,0.042,0.582,0.252,0.099,0.067
25,10689,104671,0.079,0.133,2,8,14,6,retired,retirement,low,friends,5,3,2,4,3,0.69,0.366,0.575,moderate,0.619,0.254,0.085,0.042,0.672,0.259,0.069,0.0
27,10712,105189,0.115,0.183,3,6,10,4,self-employed,wealth_generation,low,books,2,4,5,2,2,0.62,0.35,0.553,moderate,0.591,0.273,0.091,0.045,0.578,0.264,0.097,0.061
22,10719,106262,0.155,0.328,4,9,22,4,employee,education,low,online,3,4,3,4,3,0.68,0.329,0.583,moderate,0.625,0.25,0.083,0.042,0.646,0.233,0.095,0.026
22,10724,107722,0.041,0.428,1,10,19,6,self-employed,wealth_generation,low,online,4,2,2,3,2,0.53,0.263,0.378,moderate,0.625,0.25,0.083,0.042,0.584,0.249,0.129,0.037
32,10735,109604,0.077,0.381,14,11,20,6,student,retirement,low,none,3,1,3,3,2,0.47,0.268,0.424,moderate,0.625,0.25,0.083,0.042,0.583,0.255,0.107,0.056
34,10779,112111,0.281,0.135,13,7,21,5,employee,wealth_generation,medium,books,3,3,4,2,3,0.61,0.422,0.535,moderate,0.625,0.25,0.083,0.042,0.657,0.219,0.123,0.0
27,10797,113193,0.161,0.283,5,11,9,5,unemployed,wealth_generation,medium,online,4,3,3,2,5,0.68,0.278,0.443,moderate,0.583,0.278,0.093,0.046,0.604,0.271,0.124,0.001
33,10811,113301,0.044,0.036,13,0,19,5,employee,wealth_generation,low,none,3,3,5,3,5,0.74,0.464,0.583,moderate,0.625,0.25,0.083,0.042,0.589,0.231,0.103,0.078
29,10821,114069,0.193,0.19,11,9,13,5,retired,wealth_generation,low,books,2,3,2,3,3,0.51,0.341,0.386,moderate,0.612,0.259,0.086,0.043,0.653,0.22,0.094,0.033
24,10844,114899,0.043,0.385,1,3,2,3,self-employed,retirement,medium,books,3,3,3,3,2,0.57,0.248,0.459,moderate,0.521,0.319,0.106,0.053,0.539,0.331,0.097,0.033
29,10862,116815,0.203,0.243,9,4,14,7,retired,wealth_generation,low,books,4,2,3,2,2,0.54,0.321,0.447,moderate,0.619,0.254,0.085,0.042,0.609,0.235,0.116,0.041
35,10877,117086,0.206,0.119,19,1,11,4,employee,retirement,low,online,2,3,3,2,3,0.52,0.401,0.453,moderate,0.598,0.268,0.089,0.045,0.589,0.282,0.123,0.006
27,10961,118434,0.183,0.237,3,3,7,3,retired,wealth_generation,medium,advisor,2,2,4,2,3,0.51,0.306,0.426,moderate,0.567,0.288,0.096,0.048,0.551,0.241,0.145,0.063
35,11057,118781,0.202,0.142,17,20,26,3,self-employed,retirement,low,online,5,4,3,3,4,0.78,0.417,0.688,aggressive,0.792,0.125,0.042,0.042,0.785,0.117,0.067,0.031
18,11062,119785,0.054,0.221,1,6,3,4,retired,home_purchase,medium,online,3,4,3,4,3,0.68,0.303,0.52,moderate,0.531,0.312,0.104,0.052,0.487,0.324,0.14,0.05
32,11091,122777,0.2,0.255,14,14,23,3,employee,home_purchase,low,online,5,3,1,3,4,0.65,0.37,0.548,moderate,0.625,0.25,0.083,0.042,0.64,0.23,0.086,0.044
28,11108,123475,0.071,0.204,6,2,5,5,retired,wealth_generation,low,online,5,2,1,3,3,0.57,0.315,0.487,moderate,0.55,0.3,0.1,0.05,0.587,0.296,0.085,0.032
26,11113,124445,0.121,0.483,3,3,9,1,retired,education,low,none,2,3,3,4,3,0.58,0.212,0.396,moderate,0.583,0.278,0.093,0.046,0.575,0.276,0.098,0.051
28,11183,124539,0.277,0.282,11,7,10,6,employee,wealth_generation,low,online,3,3,2,5,4,0.65,0.326,0.537,moderate,0.591,0.273,0.091,0.045,0.601,0.279,0.067,0.052
18,11218,124974,0.154,0.406,0,5,16,2,employee,wealth_generation,medium,books,2,2,2,4,2,0.46,0.282,0.416,moderate,0.625,0.25,0.083,0.042,0.661,0.251,0.06,0.028
26,11273,125143,0.299,0.362,6,8,6,1,employee,wealth_generation,low,advisor,3,1,4,4,3,0.57,0.281,0.484,moderate,0.559,0.294,0.098,0.049,0.542,0.286,0.102,0.07
29,11291,125202,0.055,0.319,5,6,28,5,employee,wealth_generation,high,online,3,4,3,4,2,0.65,0.351,0.526,moderate,0.625,0.25,0.083,0.042,0.665,0.232,0.089,0.014
35,11291,126522,0.149,0.258,13,11,16,2,employee,income,low,online,3,3,4,3,3,0.64,0.352,0.553,moderate,0.625,0.25,0.083,0.042,0.605,0.258,0.077,0.06
25,11315,129502,0.043,0.003,9,6,17,5,retired,wealth_generation,low,online,2,4,1,4,3,0.55,0.437,0.519,moderate,0.625,0.25,0.083,0.042,0.65,0.213,0.074,0.063
23,11349,129562,0.179,0.301,7,7,4,2,employee,income,medium,none,3,3,3,3,2,0.57,0.304,0.466,moderate,0.541,0.306,0.102,0.051,0.569,0.281,0.091,0.059
25,11379,129588,0.05,0.207,4,4,11,6,self-employed,wealth_generation,medium,advisor,3,3,2,4,3,0.59,0.348,0.52,moderate,0.598,0.268,0.089,0.045,0.562,0.249,0.093,0.096
32,11398,130232,0.083,0.101,8,9,23,2,self-employed,retirement,low,books,2,2,2,3,3,0.46,0.431,0.501,moderate,0.625,0.25,0.083,0.042,0.657,0.28,0.059,0.004
29,11411,131345,0.104,0.239,13,9,7,1,employee,retirement,low,none,4,3,2,4,2,0.61,0.339,0.529,moderate,0.567,0.288,0.096,0.048,0.547,0.286,0.104,0.063
25,11412,131806,0.206,0.35,7,5,5,6,employee,wealth_generation,medium,online,2,2,1,4,4,0.48,0.285,0.4,moderate,0.55,0.3,0.1,0.05,0.593,0.347,0.039,0.021
30,11531,132325,0.08,0.519,10,4,11,1,retired,income,medium,books,4,5,5,3,4,0.86,0.202,0.582,moderate,0.598,0.268,0.089,0.045,0.64,0.275,0.085,0.0
28,11563,134383,0.233,0.214,9,8,22,6,employee,wealth_generation,medium,online,3,3,2,3,3,0.56,0.391,0.508,moderate,0.625,0.25,0.083,0.042,0.592,0.279,0.07,0.059
32,11586,134686,0.07,0.274,16,15,11,5,self-employed,wealth_generation,low,online,5,4,2,2,4,0.71,0.319,0.558,moderate,0.598,0.268,0.089,0.045,0.582,0.331,0.087,0.0
24,11602,134978,0.029,0.411,5,2,10,1,student,retirement,low,online,4,4,3,3,4,0.73,0.239,0.567,moderate,0.591,0.273,0.091,0.045,0.604,0.273,0.072,0.051
26,11603,135951,0.133,0.199,7,11,14,3,employee,retirement,medium,none,2,3,4,4,3,0.62,0.377,0.494,moderate,0.619,0.254,0.085,0.042,0.649,0.247,0.056,0.048
26,11616,136608,0.314,0.115,7,7,23,1,employee,retirement,medium,advisor,5,5,3,3,4,0.83,0.443,0.706,aggressive,0.792,0.125,0.042,0.042,0.777,0.136,0.08,0.007
20,11618,136670,0.063,0.178,2,7,2,2,employee,education,medium,books,3,4,2,3,4,0.64,0.353,0.483,moderate,0.521,0.319,0.106,0.053,0.475,0.396,0.113,0.016
29,11623,138572,0.06,0.446,7,16,5,2,employee,home_purchase,medium,none,4,2,2,1,2,0.47,0.244,0.374,moderate,0.55,0.3,0.1,0.05,0.568,0.312,0.119,0.0
29,11642,138953,0.206,0.124,13,8,4,4,retired,retirement,low,books,2,4,3,3,3,0.6,0.348,0.517,moderate,0.541,0.306,0.102,0.051,0.532,0.27,0.139,0.059
28,11661,139225,0.115,0.197,11,12,3,7,employee,retirement,low,online,4,2,1,4,3,0.55,0.348,0.466,moderate,0.531,0.312,0.104,0.052,0.522,0.286,0.104,0.088
26,11664,140550,0.198,0.246,10,7,8,1,employee,wealth_generation,low,books,2,4,1,2,1,0.43,0.339,0.407,moderate,0.575,0.283,0.094,0.047,0.526,0.284,0.106,0.084
20,11701,141777,0.089,0.408,1,4,6,2,employee,retirement,low,friends,3,5,2,2,5,0.69,0.263,0.561,moderate,0.559,0.294,0.098,0.049,0.548,0.273,0.136,0.043
25,11737,142636,0.145,0.484,5,9,12,4,student,wealth_generation,low,none,4,5,3,3,4,0.78,0.214,0.537,moderate,0.605,0.263,0.088,0.044,0.631,0.271,0.05,0.047
26,11763,143736,0.105,0.232,6,14,8,2,employee,income,medium,books,3,3,1,5,3,0.58,0.346,0.444,moderate,0.575,0.283,0.094,0.047,0.535,0.319,0.053,0.093
23,11763,144064,0.144,0.477,6,12,10,4,employee,education,low,books,3,4,2,2,4,0.61,0.239,0.428,moderate,0.591,0.273,0.091,0.045,0.589,0.256,0.095,0.059
27,11777,145925,0.211,0.125,9,3,23,3,employee,retirement,medium,none,3,3,3,4,2,0.6,0.44,0.533,moderate,0.625,0.25,0.083,0.042,0.657,0.211,0.091,0.041
30,11795,146941,0.209,0.122,11,4,5,6,self-employed,retirement,low,online,4,3,3,2,3,0.62,0.37,0.557,moderate,0.55,0.3,0.1,0.05,0.571,0.332,0.08,0.017
37,11875,147320,0.156,0.499,16,7,9,4,employee,wealth_generation,low,books,3,4,4,3,2,0.66,0.228,0.478,moderate,0.583,0.278,0.093,0.046,0.646,0.235,0.108,0.011
28,11905,147811,0.268,0.262,7,7,7,3,student,income,low,books,3,3,3,4,2,0.6,0.294,0.542,moderate,0.567,0.288,0.096,0.048,0.594,0.239,0.052,0.115
29,11923,148358,0.105,0.137,12,3,12,4,employee,education,low,advisor,1,4,3,3,2,0.52,0.402,0.435,moderate,0.605,0.263,0.088,0.044,0.678,0.252,0.053,0.017
27,11989,148586,0.099,0.255,10,3,16,5,employee,retirement,low,friends,4,3,3,3,1,0.59,0.357,0.445,moderate,0.625,0.25,0.083,0.042,0.6,0.244,0.067,0.088
18,11995,148897,0.176,0.373,0,10,18,5,retired,retirement,low,books,3,4,3,3,3,0.65,0.28,0.509,moderate,0.625,0.25,0.083,0.042,0.585,0.188,0.159,0.067
27,12020,149360,0.177,0.396,10,10,12,2,employee,wealth_generation,low,online,4,4,3,3,3,0.7,0.281,0.516,moderate,0.605,0.263,0.088,0.044,0.624,0.281,0.095,0.0
28,12076,149572,0.035,0.419,11,12,19,3,employee,retirement,low,books,3,2,4,4,4,0.65,0.285,0.481,moderate,0.625,0.25,0.083,0.042,0.636,0.268,0.097,0.0
40,12095,150236,0.174,0.284,22,15,17,3,employee,retirement,medium,online,2,2,5,4,2,0.58,0.346,0.487,moderate,0.625,0.25,0.083,0.042,0.642,0.269,0.083,0.005
27,12099,150349,0.128,0.421,3,4,5,3,employee,retirement,low,online,4,3,1,1,3,0.51,0.256,0.372,moderate,0.55,0.3,0.1,0.05,0.574,0.291,0.091,0.044
29,12155,150806,0.205,0.263,8,12,7,2,employee,education,high,books,5,5,4,4,3,0.87,0.332,0.671,aggressive,0.76,0.144,0.048,0.048,0.696,0.197,0.08,0.027
27,12190,151172,0.221,0.298,6,9,15,4,retired,retirement,low,books,4,1,4,2,2,0.53,0.307,0.447,moderate,0.625,0.25,0.083,0.042,0.577,0.271,0.108,0.044
22,12208,152291,0.163,0.361,2,16,26,0,self-employed,wealth_generation,high,online,4,4,2,4,4,0.72,0.316,0.548,moderate,0.625,0.25,0.083,0.042,0.671,0.218,0.111,0.0
33,12216,152549,0.002,0.232,11,4,9,2,self-employed,education,medium,books,3,3,5,3,3,0.68,0.336,0.549,moderate,0.583,0.278,0.093,0.046,0.584,0.296,0.082,0.038
31,12228,152776,0.18,0.072,12,4,6,1,student,retirement,low,online,3,3,4,4,3,0.67,0.368,0.607,moderate,0.559,0.294,0.098,0.049,0.58,0.319,0.1,0.001
31,12249,154120,0.206,0.205,13,9,20,1,employee,home_purchase,low,online,2,5,3,1,5,0.65,0.393,0.54,moderate,0.625,0.25,0.083,0.042,0.629,0.215,0.066,0.09
23,12275,156541,0.101,0.305,1,14,6,2,employee,retirement,medium,online,4,5,4,5,2,0.82,0.311,0.602,moderate,0.559,0.294,0.098,0.049,0.516,0.304,0.119,0.061
35,12287,156650,0.146,0.14,19,11,15,5,employee,wealth_generation,medium,books,2,3,2,3,3,0.51,0.411,0.491,moderate,0.625,0.25,0.083,0.042,0.64,0.219,0.114,0.027
20,12307,158953,0.297,0.118,0,10,2,7,employee,retirement,low,advisor,2,2,3,4,2,0.5,0.383,0.433,moderate,0.521,0.319,0.106,0.053,0.495,0.365,0.124,0.016
30,12319,159795,0.112,0.183,13,5,2,3,employee,home_purchase,low,online,4,2,1,3,2,0.49,0.355,0.45,moderate,0.521,0.319,0.106,0.053,0.502,0.261,0.154,0.083
38,12326,161988,0.095,0.038,21,10,10,2,retired,wealth_generation,low,friends,2,2,2,2,2,0.4,0.406,0.427,moderate,0.591,0.273,0.091,0.045,0.606,0.248,0.094,0.052
23,12334,162168,0.092,0.354,0,11,14,5,employee,wealth_generation,low,online,2,1,1,5,3,0.43,0.307,0.423,moderate,0.619,0.254,0.085,0.042,0.596,0.249,0.134,0.021
25,12375,163191,0.165,0.169,7,10,5,1,employee,retirement,low,online,5,3,3,3,4,0.73,0.37,0.576,moderate,0.55,0.3,0.1,0.05,0.574,0.288,0.054,0.083
28,12390,163720,0.283,0.105,4,9,17,1,unemployed,retirement,medium,books,2,3,3,1,4,0.52,0.381,0.425,moderate,0.625,0.25,0.083,0.042,0.641,0.281,0.055,0.023
25,12394,167095,0.175,0.335,6,1,4,2,employee,wealth_generation,low,books,4,1,2,3,4,0.54,0.294,0.434,moderate,0.541,0.306,0.102,0.051,0.518,0.308,0.129,0.045
20,12414,167865,0.114,0.406,0,9,12,3,employee,education,medium,friends,5,2,5,3,3,0.73,0.279,0.555,moderate,0.605,0.263,0.088,0.044,0.582,0.297,0.072,0.049
28,12443,167997,0.181,0.025,12,6,8,5,unemployed,retirement,low,online,4,3,3,5,3,0.71,0.386,0.562,moderate,0.575,0.283,0.094,0.047,0.557,0.282,0.133,0.029
22,12449,168250,0.178,0.158,4,16,16,6,employee,home_purchase,high,advisor,2,2,4,4,1,0.51,0.407,0.473,moderate,0.625,0.25,0.083,0.042,0.597,0.275,0.128,0.0
30,12476,168848,0.172,0.494,11,8,18,3,employee,wealth_generation,low,none,1,3,4,2,1,0.45,0.248,0.422,moderate,0.625,0.25,0.083,0.042,0.612,0.258,0.084,0.046
23,12481,171515,0.078,0.218,3,8,3,3,employee,wealth_generation,high,friends,2,5,3,4,4,0.71,0.344,0.546,moderate,0.531,0.312,0.104,0.052,0.591,0.322,0.03,0.057
35,12483,171689,0.18,0.485,19,21,6,2,employee,retirement,medium,online,2,3,3,3,4,0.58,0.232,0.416,moderate,0.559,0.294,0.098,0.049,0.578,0.261,0.081,0.079
24,12525,171959,0.139,0.175,5,1,21,3,employee,retirement,medium,advisor,5,4,4,5,3,0.85,0.413,0.703,aggressive,0.792,0.125,0.042,0.042,0.797,0.133,0.01,0.06
26,12528,175242,0.017,0.151,6,4,10,6,employee,wealth_generation,low,advisor,4,4,4,3,2,0.71,0.394,0.546,moderate,0.591,0.273,0.091,0.045,0.596,0.261,0.094,0.048
32,12534,175485,0.161,0.15,13,9,11,3,employee,income,medium,none,3,3,2,3,2,0.53,0.397,0.477,moderate,0.598,0.268,0.089,0.045,0.547,0.281,0.081,0.091
21,12548,175860,0.335,0.08,0,4,5,2,retired,retirement,low,advisor,2,3,2,2,4,0.51,0.374,0.44,moderate,0.55,0.3,0.1,0.05,0.579,0.272,0.118,0.031
29,12590,176081,0.123,0.443,6,5,31,2,retired,retirement,low,friends,4,5,3,4,3,0.78,0.276,0.529,moderate,0.625,0.25,0.083,0.042,0.64,0.217,0.088,0.056
34,12593,178618,0.297,0.561,11,13,22,3,employee,wealth_generation,low,none,3,3,4,3,2,0.61,0.222,0.45,moderate,0.625,0.25,0.083,0.042,0.64,0.217,0.096,0.048
19,12612,181292,0.057,0.507,1,8,1,4,employee,retirement,low,online,3,2,4,2,2,0.53,0.214,0.385,moderate,0.511,0.326,0.109,0.054,0.454,0.343,0.149,0.053
28,12650,182628,0.202,0.411,8,2,12,3,self-employed,retirement,low,online,3,3,3,5,2,0.63,0.266,0.5,moderate,0.605,0.263,0.088,0.044,0.552,0.231,0.15,0.066
29,12693,184072,0.064,0.408,6,4,20,5,employee,wealth_generation,low,books,3,1,3,2,2,0.44,0.295,0.388,moderate,0.625,0.25,0.083,0.042,0.667,0.223,0.078,0.032
31,12707,186172,0.107,0.319,9,1,10,4,retired,retirement,low,online,1,2,3,3,3,0.45,0.29,0.391,moderate,0.591,0.273,0.091,0.045,0.6,0.275,0.126,0.0
21,12728,186431,0.167,0.396,0,7,10,4,employee,education,medium,books,3,2,3,3,3,0.55,0.281,0.414,moderate,0.591,0.273,0.091,0.045,0.63,0.311,0.038,0.02
21,12737,189134,0.171,0.147,0,3,9,5,employee,income,medium,online,3,3,4,4,3,0.67,0.394,0.543,moderate,0.583,0.278,0.093,0.046,0.576,0.297,0.081,0.046
30,12739,189222,0.212,0.219,13,12,2,5,employee,income,low,books,4,3,3,3,3,0.65,0.343,0.535,moderate,0.521,0.319,0.106,0.053,0.533,0.344,0.094,0.029
29,12774,190936,0.176,0.311,10,8,17,2,retired,wealth_generation,low,online,2,1,3,4,2,0.45,0.31,0.367,moderate,0.625,0.25,0.083,0.042,0.61,0.268,0.088,0.034
29,12822,194354,0.172,0.427,6,1,11,4,employee,retirement,high,online,4,1,2,5,3,0.57,0.269,0.449,moderate,0.598,0.268,0.089,0.045,0.599,0.242,0.083,0.076
29,12869,194508,0.26,0.319,5,4,12,4,employee,education,medium,online,3,3,4,2,4,0.64,0.322,0.523,moderate,0.605,0.263,0.088,0.044,0.615,0.256,0.114,0.014
24,12891,194901,0.144,0.403,2,8,7,1,employee,education,low,online,3,4,2,5,3,0.67,0.272,0.533,moderate,0.567,0.288,0.096,0.048,0.628,0.24,0.102,0.03
29,12910,196104,0.096,0.25,9,5,17,5,employee,wealth_generation,low,online,2,3,4,4,3,0.62,0.368,0.503,moderate,0.625,0.25,0.083,0.042,0.65,0.301,0.05,0.0
29,12911,200777,0.079,0.342,13,7,17,2,employee,wealth_generation,high,online,4,3,4,3,1,0.63,0.323,0.495,moderate,0.625,0.25,0.083,0.042,0.648,0.239,0.079,0.033
24,12948,200950,0.133,0.561,0,14,12,5,retired,home_purchase,low,online,2,3,3,3,3,0.55,0.191,0.412,moderate,0.605,0.263,0.088,0.044,0.64,0.254,0.087,0.02
37,12949,201029,0.197,0.12,16,5,21,1,employee,retirement,low,none,4,3,1,5,1,0.57,0.444,0.498,moderate,0.625,0.25,0.083,0.042,0.611,0.218,0.114,0.058
30,12959,202011,0.033,0.472,13,5,4,4,self-employed,retirement,low,online,4,1,4,3,3,0.59,0.226,0.403,moderate,0.541,0.306,0.102,0.051,0.562,0.302,0.105,0.032
22,12961,203625,0.069,0.267,5,11,17,1,employee,wealth_generation,low,advisor,1,4,3,4,4,0.61,0.36,0.521,moderate,0.625,0.25,0.083,0.042,0.575,0.263,0.087,0.075
31,12962,205034,0.061,0.312,15,4,12,3,employee,wealth_generation,medium,books,3,3,2,3,4,0.59,0.326,0.477,moderate,0.605,0.263,0.088,0.044,0.621,0.225,0.071,0.082
23,13007,205218,0.17,0.429,4,1,7,1,retired,wealth_generation,low,online,2,1,2,4,3,0.44,0.239,0.375,moderate,0.567,0.288,0.096,0.048,0.532,0.327,0.078,0.064
31,13058,205541,0.1,0.227,14,3,4,2,employee,wealth_generation,low,books,4,1,1,3,4,0.5,0.346,0.421,moderate,0.541,0.306,0.102,0.051,0.578,0.265,0.088,0.07
33,13068,207618,0.08,0.23,9,15,8,7,retired,wealth_generation,high,advisor,1,4,4,3,4,0.62,0.325,0.504,moderate,0.575,0.283,0.094,0.047,0.583,0.274,0.091,0.052
23,13106,207785,0.171,0.269,6,15,19,1,self-employed,wealth_generation,low,books,3,3,4,5,2,0.67,0.35,0.488,moderate,0.625,0.25,0.083,0.042,0.605,0.26,0.066,0.07
32,13140,208066,0.209,0.024,8,3,17,3,employee,retirement,low,online,3,2,3,3,4,0.58,0.48,0.558,moderate,0.625,0.25,0.083,0.042,0.655,0.258,0.088,0.0
30,13152,208235,0.12,0.258,14,7,14,4,employee,retirement,medium,friends,4,4,4,2,2,0.68,0.358,0.535,moderate,0.619,0.254,0.085,0.042,0.617,0.254,0.085,0.044
32,13179,208327,0.168,0.182,10,2,4,1,self-employed,wealth_generation,low,advisor,3,3,5,1,4,0.65,0.35,0.526,moderate,0.541,0.306,0.102,0.051,0.543,0.377,0.08,0.0
37,13186,209001,0.058,0.473,16,9,24,1,retired,income,medium,friends,4,2,2,3,1,0.5,0.251,0.396,moderate,0.625,0.25,0.083,0.042,0.665,0.228,0.107,0.0
26,13198,210221,0.273,0.082,5,3,8,1,employee,wealth_generation,medium,books,4,5,3,2,2,0.69,0.424,0.573,moderate,0.575,0.283,0.094,0.047,0.597,0.269,0.112,0.022
24,13211,210477,0.121,0.244,7,1,13,4,employee,wealth_generation,medium,online,2,2,4,5,2,0.57,0.362,0.489,moderate,0.612,0.259,0.086,0.043,0.62,0.244,0.066,0.07
23,13231,211322,0.375,0.497,7,11,18,6,self-employed,wealth_generation,low,books,2,2,3,3,3,0.5,0.24,0.396,moderate,0.625,0.25,0.083,0.042,0.67,0.234,0.059,0.037
23,13246,211322,0.313,0.447,0,4,4,5,self-employed,home_purchase,high,advisor,3,4,4,4,3,0.72,0.237,0.533,moderate,0.541,0.306,0.102,0.051,0.623,0.289,0.082,0.007
27,13275,212991,0.213,0.335,4,2,14,7,employee,wealth_generation,medium,advisor,3,2,4,3,4,0.62,0.321,0.463,moderate,0.619,0.254,0.085,0.042,0.614,0.313,0.017,0.056
29,13284,213766,0.018,0.292,12,12,2,4,employee,retirement,low,books,1,3,3,2,4,0.5,0.313,0.449,moderate,0.521,0.319,0.106,0.053,0.539,0.345,0.075,0.042
29,13304,213806,0.162,0.178,10,10,4,7,employee,wealth_generation,low,books,3,5,3,3,3,0.7,0.369,0.564,moderate,0.541,0.306,0.102,0.051,0.569,0.288,0.142,0.0
32,13340,214166,0.054,0.211,13,9,16,2,employee,wealth_generation,low,online,2,4,3,3,2,0.57,0.387,0.507,moderate,0.625,0.25,0.083,0.042,0.64,0.251,0.04,0.069
28,13378,215081,0.252,0.084,11,14,5,3,employee,home_purchase,medium,books,4,2,2,3,2,0.53,0.415,0.48,moderate,0.55,0.3,0.1,0.05,0.561,0.327,0.075,0.037
35,13383,217825,0.216,0.374,11,6,10,3,student,retirement,low,none,2,3,4,4,4,0.65,0.263,0.463,moderate,0.591,0.273,0.091,0.045,0.555,0.311,0.058,0.075
26,13395,218606,0.304,0.195,7,2,7,1,employee,retirement,low,online,3,3,4,1,3,0.58,0.37,0.572,moderate,0.567,0.288,0.096,0.048,0.573,0.29,0.112,0.025
41,13405,219091,0.174,0.322,22,1,10,5,retired,wealth_generation,medium,advisor,4,3,2,3,2,0.58,0.292,0.469,moderate,0.591,0.273,0.091,0.045,0.588,0.271,0.103,0.038
31,13425,222554,0.157,0.207,12,4,3,0,unemployed,retirement,medium,online,4,4,3,3,4,0.73,0.307,0.513,moderate,0.531,0.312,0.104,0.052,0.523,0.299,0.098,0.08
23,13432,224029,0.157,0.246,3,1,16,4,employee,home_purchase,medium,online,4,2,1,3,4,0.55,0.37,0.475,moderate,0.625,0.25,0.083,0.042,0.602,0.271,0.101,0.026
22,13441,224176,0.131,0.279,0,7,3,3,student,wealth_generation,low,online,1,3,4,3,5,0.6,0.286,0.463,moderate,0.531,0.312,0.104,0.052,0.534,0.344,0.093,0.029
30,13466,225561,0.147,0.382,11,0,19,0,unemployed,wealth_generation,low,online,4,3,3,3,3,0.65,0.273,0.494,moderate,0.625,0.25,0.083,0.042,0.616,0.232,0.111,0.041
26,13507,226043,0.18,0.148,8,6,14,2,self-employed,wealth_generation,low,none,2,2,1,3,5,0.48,0.396,0.397,moderate,0.619,0.254,0.085,0.042,0.571,0.292,0.079,0.057
31,13526,228771,0.271,0.223,15,3,10,2,employee,wealth_generation,low,friends,1,3,3,3,4,0.53,0.366,0.465,moderate,0.591,0.273,0.091,0.045,0.657,0.267,0.058,0.018
30,13537,229513,0.172,0.108,13,5,20,7,retired,education,medium,none,2,1,2,2,1,0.32,0.415,0.332,conservative,0.417,0.417,0.125,0.042,0.377,0.394,0.166,0.063
27,13537,229805,0.237,0.074,8,9,6,4,student,retirement,low,friends,3,2,3,3,2,0.52,0.378,0.507,moderate,0.559,0.294,0.098,0.049,0.557,0.323,0.033,0.087
23,13539,232086,0.239,0.297,0,5,7,3,employee,retirement,low,online,4,3,3,4,3,0.68,0.324,0.535,moderate,0.567,0.288,0.096,0.048,0.567,0.292,0.09,0.051
20,13545,232312,0.157,0.138,4,5,5,1,employee,wealth_generation,low,online,3,2,2,3,2,0.48,0.392,0.466,moderate,0.55,0.3,0.1,0.05,0.55,0.315,0.074,0.061
25,13627,232340,0.123,0.062,4,20,9,3,self-employed,home_purchase,medium,online,4,3,4,2,2,0.63,0.421,0.573,moderate,0.583,0.278,0.093,0.046,0.563,0.278,0.085,0.074
32,13638,232344,0.181,0.444,11,10,28,0,employee,wealth_generation,medium,online,5,3,4,2,3,0.71,0.296,0.558,moderate,0.625,0.25,0.083,0.042,0.704,0.211,0.047,0.038
29,13644,232719,0.143,0.271,11,7,5,5,retired,education,low,none,4,1,5,3,2,0.6,0.302,0.486,moderate,0.55,0.3,0.1,0.05,0.524,0.307,0.112,0.058
21,13647,232908,0.052,0.11,0,8,18,1,unemployed,home_purchase,medium,books,3,4,2,2,3,0.58,0.391,0.537,moderate,0.625,0.25,0.083,0.042,0.56,0.249,0.135,0.056
28,13647,233668,0.129,0.057,10,8,14,4,employee,retirement,medium,friends,3,3,3,4,3,0.63,0.458,0.543,moderate,0.619,0.254,0.085,0.042,0.615,0.272,0.059,0.055
29,13660,234119,0.352,0.102,13,0,2,4,self-employed,wealth_generation,low,friends,2,3,5,3,4,0.66,0.382,0.571,moderate,0.521,0.319,0.106,0.053,0.535,0.293,0.117,0.056
23,13673,234852,0.036,0.249,6,1,23,3,employee,home_purchase,medium,books,2,3,4,4,4,0.65,0.388,0.533,moderate,0.625,0.25,0.083,0.042,0.625,0.244,0.086,0.044
28,13688,235749,0.193,0.322,9,9,26,4,employee,wealth_generation,high,online,2,4,5,2,2,0.62,0.357,0.518,moderate,0.625,0.25,0.083,0.042,0.61,0.275,0.102,0.013
28,13690,236071,0.232,0.311,9,5,22,5,unemployed,wealth_generation,low,none,3,3,3,2,4,0.6,0.312,0.449,moderate,0.625,0.25,0.083,0.042,0.635,0.212,0.131,0.021
22,13714,236158,0.183,0.116,5,1,11,2,employee,education,low,friends,2,2,3,2,1,0.41,0.421,0.375,moderate,0.598,0.268,0.089,0.045,0.584,0.327,0.072,0.016
29,13725,237115,0.167,0.308,8,4,6,4,employee,education,low,books,3,4,3,1,4,0.62,0.318,0.497,moderate,0.559,0.294,0.098,0.049,0.577,0.293,0.071,0.059
30,13730,240826,0.196,0.225,9,2,9,4,retired,wealth_generation,low,none,4,3,3,4,5,0.74,0.333,0.609,moderate,0.583,0.278,0.093,0.046,0.558,0.281,0.093,0.068
33,13732,241236,0.139,0.246,15,14,13,2,employee,retirement,low,books,4,3,2,3,4,0.64,0.364,0.524,moderate,0.612,0.259,0.086,0.043,0.589,0.226,0.127,0.058
33,13732,241430,0.056,0.382,17,3,9,1,self-employed,wealth_generation,low,books,3,2,4,2,4,0.59,0.278,0.516,moderate,0.583,0.278,0.093,0.046,0.584,0.255,0.11,0.051
21,13733,241475,0.293,0.198,0,2,15,2,retired,retirement,low,books,3,1,3,3,4,0.53,0.361,0.474,moderate,0.625,0.25,0.083,0.042,0.631,0.229,0.064,0.076
23,13753,241921,0.14,0.117,4,8,17,6,employee,retirement,low,online,3,2,3,2,3,0.52,0.439,0.482,moderate,0.625,0.25,0.083,0.042,0.652,0.288,0.042,0.018
30,13769,243769,0.186,0.426,6,7,6,2,employee,wealth_generation,low,friends,2,3,5,5,2,0.66,0.264,0.546,moderate,0.559,0.294,0.098,0.049,0.511,0.313,0.128,0.049
30,13794,245403,0.159,0.149,10,8,10,1,employee,wealth_generation,low,advisor,3,3,3,4,3,0.63,0.403,0.578,moderate,0.591,0.273,0.091,0.045,0.611,0.28,0.062,0.048
30,13807,249096,0.039,0.183,8,6,24,1,retired,education,low,advisor,2,4,2,3,2,0.53,0.393,0.434,moderate,0.625,0.25,0.083,0.042,0.595,0.238,0.076,0.091
47,13817,249206,0.285,0.338,29,6,7,2,employee,wealth_generation,low,books,2,4,2,1,2,0.47,0.307,0.404,moderate,0.567,0.288,0.096,0.048,0.577,0.279,0.116,0.029
30,13828,253432,0.217,0.328,12,11,9,1,employee,home_purchase,medium,advisor,2,2,4,1,2,0.45,0.316,0.412,moderate,0.583,0.278,0.093,0.046,0.667,0.292,0.019,0.022
33,13828,254688,0.075,0.382,10,3,2,3,employee,wealth_generation,low,none,3,3,3,2,2,0.54,0.276,0.456,moderate,0.521,0.319,0.106,0.053,0.545,0.306,0.087,0.062
32,13837,255500,0.318,0.136,16,5,8,2,retired,wealth_generation,low,online,2,4,3,3,4,0.63,0.369,0.544,moderate,0.575,0.283,0.094,0.047,0.607,0.292,0.06,0.042
31,13852,256221,0.203,0.205,8,16,9,5,employee,retirement,low,online,4,2,3,4,2,0.6,0.374,0.505,moderate,0.583,0.278,0.093,0.046,0.595,0.279,0.101,0.025
26,13862,256690,0.148,0.105,3,3,4,5,employee,wealth_generation,medium,books,1,3,3,4,2,0.5,0.406,0.453,moderate,0.541,0.306,0.102,0.051,0.555,0.278,0.094,0.072
31,13891,256754,0.175,0.274,13,4,1,3,employee,retirement,low,books,1,2,3,5,3,0.51,0.322,0.432,moderate,0.511,0.326,0.109,0.054,0.48,0.334,0.097,0.09
24,13893,257172,0.061,0.183,8,3,13,6,student,education,medium,friends,4,2,2,1,3,0.5,0.355,0.42,moderate,0.612,0.259,0.086,0.043,0.649,0.241,0.073,0.038
26,13897,257408,0.165,0.33,2,0,8,3,employee,education,high,none,2,4,2,5,5,0.68,0.313,0.492,moderate,0.575,0.283,0.094,0.047,0.588,0.329,0.048,0.035
25,13910,257586,0.048,0.0,6,4,2,4,retired,retirement,low,books,1,4,2,4,2,0.51,0.407,0.484,moderate,0.521,0.319,0.106,0.053,0.533,0.303,0.097,0.067
28,13911,258839,0.162,0.062,6,1,19,1,employee,wealth_generation,low,online,4,4,2,3,3,0.66,0.474,0.603,moderate,0.625,0.25,0.083,0.042,0.589,0.27,0.093,0.048
39,13918,263200,0.163,0.235,15,2,13,1,employee,retirement,medium,advisor,4,3,4,3,4,0.72,0.371,0.633,moderate,0.612,0.259,0.086,0.043,0.622,0.247,0.084,0.047
18,13924,265459,0.243,0.513,0,5,5,1,employee,wealth_generation,medium,online,2,3,4,4,3,0.62,0.223,0.444,moderate,0.55,0.3,0.1,0.05,0.487,0.33,0.117,0.066
31,13925,268045,0.2,0.439,11,0,20,2,employee,income,medium,advisor,3,4,3,4,3,0.68,0.286,0.533,moderate,0.625,0.25,0.083,0.042,0.604,0.277,0.085,0.034
19,13951,268201,0.102,0.629,1,10,7,4,employee,home_purchase,low,online,3,2,2,4,5,0.6,0.172,0.421,moderate,0.567,0.288,0.096,0.048,0.57,0.277,0.096,0.057
25,13952,271055,0.249,0.229,5,11,6,2,employee,retirement,low,books,3,3,4,3,1,0.58,0.356,0.486,moderate,0.559,0.294,0.098,0.049,0.554,0.294,0.073,0.079
33,13963,271063,0.167,0.051,16,5,21,1,employee,retirement,medium,friends,4,2,3,3,2,0.57,0.487,0.518,moderate,0.625,0.25,0.083,0.042,0.599,0.277,0.073,0.051
28,14021,272824,0.174,0.188,9,18,5,6,unemployed,education,low,books,3,4,3,4,5,0.74,0.324,0.575,moderate,0.55,0.3,0.1,0.05,0.578,0.312,0.069,0.041
22,14029,274026,0.081,0.325,5,9,20,4,retired,wealth_generation,low,advisor,5,3,3,3,4,0.73,0.317,0.606,moderate,0.625,0.25,0.083,0.042,0.606,0.322,0.0,0.072
24,14054,275211,0.237,0.111,6,10,18,3,employee,wealth_generation,medium,advisor,4,1,3,1,3,0.49,0.447,0.46,moderate,0.625,0.25,0.083,0.042,0.679,0.214,0.098,0.009
31,14056,275769,0.27,0.185,11,3,8,1,employee,home_purchase,high,books,2,2,4,2,3,0.51,0.382,0.471,moderate,0.575,0.283,0.094,0.047,0.584,0.279,0.101,0.036
24,14069,275877,0.212,0.059,0,12,2,5,employee,retirement,medium,friends,2,3,4,2,4,0.59,0.423,0.505,moderate,0.521,0.319,0.106,0.053,0.57,0.293,0.088,0.049
29,14083,276119,0.276,0.25,11,15,3,1,retired,retirement,high,books,3,3,3,4,4,0.66,0.309,0.476,moderate,0.531,0.312,0.104,0.052,0.578,0.305,0.048,0.069
28,14092,276129,0.113,0.147,7,3,4,4,employee,wealth_generation,low,none,3,3,4,4,3,0.67,0.389,0.553,moderate,0.541,0.306,0.102,0.051,0.5,0.325,0.127,0.048
24,14109,276622,0.238,0.084,5,9,20,4,employee,retirement,medium,none,4,4,5,1,4,0.75,0.467,0.694,aggressive,0.792,0.125,0.042,0.042,0.76,0.157,0.016,0.067
38,14119,276658,0.151,0.227,19,10,10,3,employee,wealth_generation,medium,friends,4,4,3,2,5,0.73,0.368,0.561,moderate,0.591,0.273,0.091,0.045,0.574,0.348,0.062,0.017
31,14131,278686,0.08,0.205,11,4,2,6,student,wealth_generation,low,none,3,3,5,2,4,0.68,0.317,0.506,moderate,0.521,0.319,0.106,0.053,0.501,0.332,0.129,0.038
18,14134,281571,0.187,0.273,0,6,12,1,self-employed,retirement,low,online,2,2,3,4,4,0.56,0.337,0.445,moderate,0.605,0.263,0.088,0.044,0.603,0.229,0.1,0.067
28,14138,282196,0.191,0.356,9,2,6,5,employee,retirement,low,online,4,2,2,3,3,0.56,0.298,0.509,moderate,0.559,0.294,0.098,0.049,0.581,0.325,0.063,0.031
24,14174,282397,0.11,0.098,1,3,7,3,employee,education,low,online,3,1,1,3,4,0.45,0.421,0.472,moderate,0.567,0.288,0.096,0.048,0.513,0.299,0.123,0.066
32,14184,282738,0.024,0.377,8,1,5,4,student,education,low,books,2,4,2,3,3,0.56,0.255,0.457,moderate,0.55,0.3,0.1,0.05,0.602,0.29,0.108,0.0
24,14210,282817,0.089,0.032,0,7,17,7,employee,wealth_generation,high,online,3,2,1,4,1,0.44,0.485,0.499,moderate,0.625,0.25,0.083,0.042,0.597,0.224,0.133,0.046
27,14219,283809,0.133,0.239,3,8,1,4,employee,retirement,medium,books,2,4,3,3,4,0.63,0.34,0.541,moderate,0.511,0.326,0.109,0.054,0.523,0.341,0.096,0.04
30,14219,283834,0.081,0.291,13,14,10,5,employee,wealth_generation,low,friends,4,3,2,5,3,0.67,0.338,0.534,moderate,0.591,0.273,0.091,0.045,0.64,0.264,0.097,0.0
32,14242,285473,0.088,0.511,14,7,3,1,employee,retirement,high,friends,3,3,2,3,4,0.59,0.222,0.429,moderate,0.531,0.312,0.104,0.052,0.556,0.301,0.066,0.077
21,14243,285549,0.132,0.286,1,4,12,5,employee,home_purchase,low,books,2,3,4,3,3,0.59,0.346,0.523,moderate,0.605,0.263,0.088,0.044,0.579,0.296,0.107,0.018
26,14248,287394,0.293,0.123,10,1,9,5,employee,wealth_generation,low,online,4,3,1,5,2,0.6,0.416,0.53,moderate,0.583,0.278,0.093,0.046,0.556,0.276,0.096,0.071
25,14252,288137,0.209,0.265,6,13,2,7,employee,retirement,high,online,3,2,2,3,3,0.51,0.331,0.411,moderate,0.521,0.319,0.106,0.053,0.498,0.321,0.129,0.052
24,14296,288375,0.117,0.222,4,6,11,6,employee,retirement,high,online,2,5,3,4,3,0.68,0.374,0.573,moderate,0.598,0.268,0.089,0.045,0.577,0.259,0.077,0.086
36,14302,290500,0.284,0.252,12,10,13,2,employee,income,medium,books,4,1,2,2,2,0.45,0.365,0.406,moderate,0.612,0.259,0.086,0.043,0.572,0.284,0.07,0.074
30,14317,292746,0.182,0.142,7,0,7,3,retired,retirement,medium,books,4,4,3,3,5,0.76,0.367,0.636,moderate,0.567,0.288,0.096,0.048,0.592,0.289,0.104,0.015
21,14351,293915,0.144,0.259,5,6,17,6,employee,home_purchase,low,online,3,1,4,4,4,0.6,0.372,0.48,moderate,0.625,0.25,0.083,0.042,0.597,0.259,0.115,0.03
32,14357,295766,0.147,0.119,14,4,9,4,employee,income,low,online,4,2,4,3,4,0.67,0.418,0.586,moderate,0.583,0.278,0.093,0.046,0.626,0.258,0.076,0.04
38,14385,295866,0.136,0.354,20,0,16,3,employee,retirement,high,books,5,3,4,4,3,0.77,0.322,0.596,moderate,0.625,0.25,0.083,0.042,0.704,0.235,0.056,0.006
33,14407,298994,0.098,0.293,12,11,13,1,self-employed,wealth_generation,low,online,5,4,2,3,4,0.74,0.331,0.582,moderate,0.612,0.259,0.086,0.043,0.602,0.295,0.064,0.038
20,14449,299073,0.131,0.076,1,7,20,2,self-employed,wealth_generation,low,friends,5,4,3,4,3,0.78,0.455,0.658,aggressive,0.792,0.125,0.042,0.042,0.744,0.14,0.048,0.067
25,14458,300119,0.158,0.438,6,5,12,4,self-employed,wealth_generation,medium,friends,2,4,3,5,3,0.66,0.262,0.495,moderate,0.605,0.263,0.088,0.044,0.601,0.274,0.084,0.041
34,14480,301241,0.159,0.302,18,11,6,5,employee,retirement,medium,online,4,2,4,3,3,0.64,0.325,0.529,moderate,0.559,0.294,0.098,0.049,0.603,0.284,0.087,0.026
24,14484,301866,0.209,0.192,5,6,18,3,employee,wealth_generation,low,online,3,2,3,4,1,0.52,0.409,0.484,moderate,0.625,0.25,0.083,0.042,0.681,0.219,0.1,0.001
30,14485,304723,0.125,0.05,14,0,17,1,employee,retirement,low,online,4,3,3,1,3,0.59,0.478,0.548,moderate,0.625,0.25,0.083,0.042,0.643,0.217,0.088,0.051
31,14519,306755,0.198,0.308,11,15,26,4,employee,retirement,low,books,2,3,1,2,3,0.44,0.369,0.448,moderate,0.625,0.25,0.083,0.042,0.615,0.268,0.096,0.021
23,14533,308069,0.168,0.213,5,4,4,6,employee,wealth_generation,low,books,3,4,1,3,3,0.57,0.361,0.446,moderate,0.541,0.306,0.102,0.051,0.552,0.311,0.13,0.007
27,14596,309594,0.293,0.453,7,12,13,3,retired,wealth_generation,medium,online,3,2,4,5,1,0.59,0.246,0.47,moderate,0.612,0.259,0.086,0.043,0.599,0.255,0.073,0.073
18,14612,311119,0.131,0.04,0,11,11,6,employee,retirement,low,online,2,2,3,4,4,0.56,0.464,0.528,moderate,0.598,0.268,0.089,0.045,0.567,0.284,0.066,0.083
22,14636,312593,0.254,0.044,2,2,15,2,employee,income,medium,books,3,3,3,4,4,0.66,0.475,0.601,moderate,0.625,0.25,0.083,0.042,0.627,0.2,0.116,0.058
26,14724,312871,0.225,0.499,7,6,27,5,employee,retirement,low,online,4,1,3,3,4,0.58,0.269,0.474,moderate,0.625,0.25,0.083,0.042,0.645,0.237,0.059,0.058
21,14764,313159,0.181,0.525,0,1,12,5,employee,income,low,online,3,4,3,4,4,0.71,0.231,0.538,moderate,0.605,0.263,0.088,0.044,0.613,0.266,0.119,0.002
36,14784,314146,0.184,0.033,15,5,15,7,employee,retirement,low,advisor,1,2,4,3,4,0.52,0.481,0.493,moderate,0.625,0.25,0.083,0.042,0.575,0.261,0.074,0.09
20,14800,315548,0.053,0.342,3,10,9,5,employee,retirement,low,advisor,3,4,2,3,3,0.61,0.314,0.472,moderate,0.583,0.278,0.093,0.046,0.612,0.246,0.135,0.007
25,14838,316890,0.283,0.153,9,3,8,2,retired,retirement,medium,advisor,2,4,1,3,2,0.49,0.367,0.455,moderate,0.575,0.283,0.094,0.047,0.559,0.28,0.102,0.06
28,14840,318845,0.061,0.336,12,2,8,6,student,wealth_generation,low,advisor,2,4,2,2,4,0.56,0.282,0.493,moderate,0.575,0.283,0.094,0.047,0.633,0.215,0.069,0.083
35,14852,320635,0.165,0.423,19,7,2,4,unemployed,wealth_generation,low,advisor,2,4,4,2,4,0.64,0.227,0.469,moderate,0.521,0.319,0.106,0.053,0.491,0.315,0.146,0.048
20,14853,321023,0.119,0.09,0,7,8,1,unemployed,income,low,advisor,1,3,2,2,3,0.43,0.377,0.378,moderate,0.575,0.283,0.094,0.047,0.58,0.284,0.136,0.0
33,14856,321805,0.139,0.16,13,9,5,1,self-employed,education,medium,online,4,2,3,3,2,0.57,0.373,0.515,moderate,0.55,0.3,0.1,0.05,0.596,0.29,0.089,0.025
28,14870,323413,0.175,0.029,9,10,11,3,student,retirement,low,online,2,3,3,4,3,0.58,0.422,0.492,moderate,0.598,0.268,0.089,0.045,0.636,0.223,0.142,0.0
23,14905,324156,0.258,0.048,3,9,11,5,employee,retirement,low,online,3,4,3,2,4,0.65,0.461,0.584,moderate,0.598,0.268,0.089,0.045,0.629,0.268,0.103,0.0
30,14916,324994,0.145,0.035,6,12,17,4,employee,retirement,low,advisor,2,3,2,2,1,0.42,0.487,0.417,moderate,0.625,0.25,0.083,0.042,0.616,0.271,0.091,0.022
28,14921,325892,0.331,0.382,10,3,11,3,retired,wealth_generation,low,online,3,1,4,4,2,0.54,0.275,0.425,moderate,0.598,0.268,0.089,0.045,0.539,0.286,0.109,0.066
24,14932,326743,0.171,0.185,6,7,11,0,employee,retirement,low,online,5,5,3,3,3,0.8,0.395,0.638,moderate,0.598,0.268,0.089,0.045,0.613,0.272,0.069,0.046
28,14941,326864,0.079,0.257,11,5,7,3,self-employed,retirement,low,books,5,2,3,4,4,0.71,0.335,0.551,moderate,0.567,0.288,0.096,0.048,0.609,0.308,0.083,0.0
26,14978,327839,0.087,0.375,3,16,19,1,self-employed,wealth_generation,low,online,3,4,3,3,4,0.68,0.307,0.538,moderate,0.625,0.25,0.083,0.042,0.638,0.274,0.066,0.021
28,15011,328173,0.198,0.257,6,6,4,3,employee,retirement,medium,advisor,3,3,2,5,3,0.62,0.343,0.519,moderate,0.541,0.306,0.102,0.051,0.495,0.353,0.092,0.06
31,15024,328839,0.037,0.234,14,16,27,8,self-employed,retirement,high,books,4,5,2,4,3,0.74,0.398,0.588,moderate,0.625,0.25,0.083,0.042,0.619,0.216,0.134,0.031
35,15036,332385,0.149,0.015,16,10,11,5,employee,retirement,low,online,5,2,2,3,3,0.61,0.478,0.541,moderate,0.598,0.268,0.089,0.045,0.537,0.331,0.111,0.021
21,15053,332607,0.075,0.284,0,10,6,2,student,wealth_generation,medium,books,3,5,3,2,3,0.67,0.3,0.56,moderate,0.559,0.294,0.098,0.049,0.619,0.262,0.094,0.025
38,15068,333177,0.14,0.105,22,6,9,4,retired,retirement,low,advisor,3,3,2,1,3,0.5,0.393,0.45,moderate,0.583,0.278,0.093,0.046,0.558,0.307,0.039,0.096
18,15082,333192,0.206,0.364,2,6,1,3,employee,education,low,online,3,2,4,4,3,0.62,0.287,0.496,moderate,0.511,0.326,0.109,0.054,0.566,0.314,0.084,0.035
27,15144,333590,0.145,0.168,4,7,5,1,employee,education,low,none,3,5,2,3,3,0.66,0.387,0.51,moderate,0.55,0.3,0.1,0.05,0.59,0.309,0.051,0.05
30,15169,335525,0.079,0.324,9,4,8,8,self-employed,wealth_generation,medium,online,3,4,2,2,3,0.58,0.308,0.525,moderate,0.575,0.283,0.094,0.047,0.571,0.254,0.099,0.077
29,15180,336077,0.102,0.313,12,14,12,3,employee,education,low,advisor,2,3,3,2,3,0.52,0.336,0.46,moderate,0.605,0.263,0.088,0.044,0.661,0.287,0.05,0.002
24,15182,336694,0.127,0.302,8,11,4,3,employee,retirement,medium,online,4,3,4,4,3,0.72,0.323,0.5,moderate,0.541,0.306,0.102,0.051,0.557,0.279,0.111,0.054
26,15209,337226,0.046,0.172,8,11,15,4,employee,income,medium,books,3,5,2,3,3,0.66,0.414,0.531,moderate,0.625,0.25,0.083,0.042,0.655,0.258,0.088,0.0
25,15211,337935,0.17,0.172,6,6,19,2,self-employed,wealth_generation,low,advisor,3,5,3,3,3,0.7,0.408,0.562,moderate,0.625,0.25,0.083,0.042,0.672,0.269,0.059,0.0
25,15224,338042,0.174,0.419,5,1,13,2,student,wealth_generation,medium,friends,2,3,5,4,4,0.69,0.257,0.568,moderate,0.612,0.259,0.086,0.043,0.628,0.3,0.034,0.039
32,15234,338070,0.043,0.017,14,9,8,2,student,retirement,low,books,4,2,5,1,3,0.62,0.419,0.615,moderate,0.575,0.283,0.094,0.047,0.516,0.307,0.132,0.045
29,15277,339442,0.134,0.134,9,5,4,3,unemployed,wealth_generation,medium,online,1,1,4,2,4,0.44,0.348,0.419,moderate,0.541,0.306,0.102,0.051,0.567,0.312,0.074,0.048
24,15288,340106,0.136,0.299,2,13,1,2,employee,wealth_generation,low,online,1,3,2,3,5,0.52,0.317,0.472,moderate,0.511,0.326,0.109,0.054,0.505,0.319,0.119,0.058
32,15301,341019,0.12,0.391,8,11,16,6,retired,retirement,low,advisor,5,4,1,2,3,0.64,0.282,0.534,moderate,0.625,0.25,0.083,0.042,0.617,0.23,0.098,0.054
29,15303,343774,0.164,0.208,9,2,14,4,self-employed,wealth_generation,medium,online,2,4,5,2,2,0.62,0.378,0.49,moderate,0.619,0.254,0.085,0.042,0.645,0.237,0.053,0.065
32,15318,344479,0.123,0.316,13,8,11,6,self-employed,retirement,medium,online,2,3,3,3,4,0.58,0.319,0.474,moderate,0.598,0.268,0.089,0.045,0.615,0.277,0.046,0.062
31,15329,348782,0.137,0.28,7,9,4,5,self-employed,wealth_generation,low,online,3,3,3,3,3,0.6,0.319,0.485,moderate,0.541,0.306,0.102,0.051,0.555,0.295,0.08,0.07
23,15330,350056,0.218,0.065,0,7,6,4,employee,retirement,low,online,2,2,3,3,4,0.53,0.439,0.535,moderate,0.559,0.294,0.098,0.049,0.531,0.265,0.142,0.062
25,15339,351146,0.079,0.304,5,7,18,2,employee,income,low,friends,3,3,4,2,5,0.67,0.356,0.607,moderate,0.625,0.25,0.083,0.042,0.673,0.266,0.029,0.033
31,15356,351211,0.177,0.389,7,3,11,4,retired,home_purchase,high,online,1,4,3,2,2,0.49,0.273,0.47,moderate,0.598,0.268,0.089,0.045,0.619,0.271,0.081,0.03
31,15359,351746,0.154,0.617,7,3,25,2,employee,wealth_generation,low,online,2,3,3,4,3,0.58,0.205,0.445,moderate,0.625,0.25,0.083,0.042,0.661,0.207,0.083,0.049
27,15402,352242,0.114,0.035,11,10,43,1,employee,wealth_generation,low,online,3,3,3,3,3,0.6,0.575,0.602,moderate,0.625,0.25,0.083,0.042,0.581,0.221,0.141,0.057
28,15408,352263,0.2,0.319,7,0,18,4,employee,home_purchase,medium,online,4,2,2,3,2,0.53,0.348,0.444,moderate,0.625,0.25,0.083,0.042,0.577,0.229,0.083,0.112
34,15423,353111,0.163,0.228,14,11,7,4,self-employed,wealth_generation,low,advisor,3,2,4,4,2,0.59,0.35,0.496,moderate,0.567,0.288,0.096,0.048,0.57,0.308,0.104,0.018
25,15437,354164,0.149,0.013,4,7,7,1,retired,wealth_generation,medium,friends,4,3,3,3,4,0.68,0.428,0.611,moderate,0.567,0.288,0.096,0.048,0.529,0.27,0.116,0.085
30,15457,355581,0.187,0.301,12,15,7,2,employee,wealth_generation,low,none,3,4,3,2,3,0.62,0.331,0.533,moderate,0.567,0.288,0.096,0.048,0.579,0.272,0.098,0.051
26,15469,355652,0.22,0.103,8,22,28,1,employee,home_purchase,low,online,2,3,3,5,5,0.67,0.489,0.614,moderate,0.625,0.25,0.083,0.042,0.628,0.25,0.084,0.037
26,15501,358909,0.305,0.215,6,9,8,4,employee,retirement,medium,friends,3,4,3,2,4,0.65,0.375,0.515,moderate,0.575,0.283,0.094,0.047,0.563,0.288,0.131,0.018
33,15503,363616,0.179,0.17,11,5,15,8,retired,home_purchase,low,online,3,2,2,4,1,0.48,0.383,0.499,moderate,0.625,0.25,0.083,0.042,0.598,0.248,0.127,0.027
32,15525,363715,0.243,0.209,13,6,24,4,employee,wealth_generation,medium,advisor,4,3,4,4,2,0.69,0.421,0.597,moderate,0.625,0.25,0.083,0.042,0.587,0.288,0.096,0.028
32,15526,365814,0.001,0.256,11,3,18,5,employee,wealth_generation,low,online,2,4,3,3,4,0.63,0.381,0.536,moderate,0.625,0.25,0.083,0.042,0.668,0.197,0.083,0.051
34,15530,366939,0.159,0.208,14,2,13,3,employee,income,low,online,2,4,4,4,4,0.7,0.392,0.604,moderate,0.612,0.259,0.086,0.043,0.621,0.231,0.06,0.088
28,15538,371008,0.093,0.278,11,8,5,1,retired,wealth_generation,medium,none,3,4,3,3,2,0.62,0.309,0.477,moderate,0.55,0.3,0.1,0.05,0.576,0.319,0.082,0.024
31,15588,371122,0.057,0.16,15,11,5,4,employee,wealth_generation,medium,online,3,1,3,4,4,0.56,0.393,0.471,moderate,0.55,0.3,0.1,0.05,0.537,0.338,0.082,0.043
26,15598,371534,0.159,0.309,5,4,11,2,retired,wealth_generation,low,online,3,3,2,2,4,0.56,0.31,0.449,moderate,0.598,0.268,0.089,0.045,0.632,0.324,0.044,0.0
29,15618,372021,0.205,0.413,9,6,24,3,employee,income,low,books,1,1,4,3,3,0.44,0.313,0.359,moderate,0.625,0.25,0.083,0.042,0.627,0.229,0.101,0.043
27,15631,373477,0.136,0.154,3,7,21,4,employee,wealth_generation,low,online,3,5,3,3,5,0.76,0.442,0.636,moderate,0.625,0.25,0.083,0.042,0.661,0.294,0.021,0.025
28,15631,374804,0.187,0.262,6,14,5,6,employee,retirement,low,online,3,5,1,2,2,0.56,0.346,0.413,moderate,0.55,0.3,0.1,0.05,0.526,0.319,0.095,0.06
30,15632,374884,0.151,0.314,14,2,8,3,employee,wealth_generation,low,none,4,5,2,4,5,0.8,0.328,0.597,moderate,0.575,0.283,0.094,0.047,0.581,0.289,0.088,0.041
23,15641,375082,0.141,0.282,2,3,13,7,employee,income,low,advisor,5,3,4,3,2,0.71,0.356,0.509,moderate,0.612,0.259,0.086,0.043,0.584,0.287,0.094,0.035
38,15651,375527,0.111,0.21,16,14,11,3,retired,wealth_generation,low,online,3,3,3,2,1,0.51,0.355,0.44,moderate,0.598,0.268,0.089,0.045,0.598,0.266,0.104,0.032
22,15656,377311,0.13,0.312,4,1,4,1,employee,retirement,low,advisor,3,3,2,4,3,0.59,0.32,0.476,moderate,0.541,0.306,0.102,0.051,0.569,0.329,0.061,0.04
21,15656,379386,0.123,0.034,0,9,9,3,unemployed,wealth_generation,low,books,4,4,4,4,3,0.77,0.408,0.66,aggressive,0.769,0.139,0.046,0.046,0.841,0.142,0.017,0.0
33,15691,381331,0.182,0.212,16,8,24,5,employee,wealth_generation,low,books,3,5,4,3,3,0.74,0.42,0.621,moderate,0.625,0.25,0.083,0.042,0.644,0.182,0.14,0.034
31,15692,383686,0.065,0.271,15,5,24,3,retired,wealth_generation,medium,friends,2,2,5,3,2,0.55,0.36,0.451,moderate,0.625,0.25,0.083,0.042,0.706,0.237,0.039,0.017
31,15709,383706,0.056,0.026,7,6,12,4,self-employed,retirement,low,advisor,3,4,3,2,3,0.62,0.461,0.545,moderate,0.605,0.263,0.088,0.044,0.604,0.302,0.041,0.054
31,15713,385446,0.185,0.262,9,12,14,3,employee,retirement,low,advisor,4,3,2,3,2,0.58,0.369,0.539,moderate,0.619,0.254,0.085,0.042,0.624,0.252,0.111,0.013
27,15720,385593,0.162,0.316,11,2,6,3,student,wealth_generation,medium,advisor,2,3,4,3,4,0.62,0.289,0.455,moderate,0.559,0.294,0.098,0.049,0.567,0.297,0.106,0.03
23,15738,386856,0.139,0.361,4,3,16,2,employee,retirement,high,online,4,2,5,4,3,0.71,0.324,0.62,moderate,0.625,0.25,0.083,0.042,0.614,0.242,0.093,0.05
28,15741,387114,0.076,0.098,10,7,3,2,employee,retirement,low,advisor,3,2,5,3,2,0.6,0.417,0.54,moderate,0.531,0.312,0.104,0.052,0.519,0.298,0.059,0.123
24,15749,387425,0.136,0.605,2,5,6,2,self-employed,home_purchase,medium,books,1,3,3,2,1,0.41,0.179,0.279,conservative,0.314,0.49,0.147,0.049,0.346,0.531,0.087,0.035
32,15794,387763,0.216,0.298,12,7,1,3,self-employed,income,low,books,1,2,3,4,3,0.48,0.306,0.379,moderate,0.511,0.326,0.109,0.054,0.51,0.315,0.1,0.074
27,15805,388982,0.249,0.21,3,14,9,5,self-employed,income,low,online,4,4,4,4,2,0.74,0.366,0.615,moderate,0.583,0.278,0.093,0.046,0.601,0.251,0.1,0.048
23,15827,388990,0.195,0.165,5,14,19,5,employee,income,low,none,2,5,1,3,3,0.57,0.432,0.537,moderate,0.625,0.25,0.083,0.042,0.617,0.297,0.061,0.025
26,15840,391269,0.042,0.285,5,3,27,1,employee,income,medium,online,1,2,5,3,2,0.5,0.389,0.469,moderate,0.625,0.25,0.083,0.042,0.562,0.256,0.107,0.076
30,15851,391531,0.188,0.432,13,4,14,3,employee,home_purchase,medium,none,3,2,5,2,2,0.57,0.284,0.459,moderate,0.619,0.254,0.085,0.042,0.605,0.237,0.107,0.051
25,15857,391779,0.1,0.266,7,2,16,3,self-employed,education,low,friends,2,3,3,4,2,0.55,0.357,0.47,moderate,0.625,0.25,0.083,0.042,0.645,0.245,0.081,0.028
23,15857,392021,0.116,0.319,4,14,7,4,employee,retirement,low,books,3,3,1,2,2,0.46,0.325,0.382,moderate,0.567,0.288,0.096,0.048,0.56,0.272,0.107,0.061
29,15863,395537,0.088,0.207,8,5,12,4,self-employed,wealth_generation,low,friends,5,4,3,1,1,0.63,0.376,0.54,moderate,0.605,0.263,0.088,0.044,0.633,0.261,0.063,0.042
29,15888,395554,0.212,0.219,13,6,16,2,employee,wealth_generation,high,books,4,4,2,3,3,0.66,0.396,0.603,moderate,0.625,0.25,0.083,0.042,0.696,0.23,0.033,0.042
25,15889,396296,0.183,0.18,4,11,11,6,employee,education,medium,online,3,3,4,4,2,0.64,0.402,0.544,moderate,0.598,0.268,0.089,0.045,0.564,0.295,0.127,0.014
25,15907,396856,0.175,0.337,6,7,3,6,employee,wealth_generation,low,online,2,2,3,3,4,0.53,0.307,0.449,moderate,0.531,0.312,0.104,0.052,0.488,0.335,0.112,0.065
29,15910,396900,0.187,0.208,6,2,16,1,employee,wealth_generation,low,online,4,3,3,5,3,0.71,0.402,0.618,moderate,0.625,0.25,0.083,0.042,0.63,0.231,0.075,0.064
20,15921,397671,0.099,0.139,0,6,6,4,retired,home_purchase,low,online,4,3,3,3,4,0.68,0.374,0.542,moderate,0.559,0.294,0.098,0.049,0.524,0.326,0.098,0.052
20,15926,399445,0.142,0.212,0,8,4,0,employee,education,low,books,3,3,2,3,2,0.53,0.368,0.478,moderate,0.541,0.306,0.102,0.051,0.515,0.334,0.112,0.039
24,15937,400027,0.18,0.413,1,10,11,1,employee,wealth_generation,high,friends,3,3,3,2,2,0.54,0.288,0.463,moderate,0.598,0.268,0.089,0.045,0.595,0.281,0.058,0.066
26,15938,400071,0.18,0.352,9,8,3,7,retired,wealth_generation,high,books,2,2,3,5,2,0.53,0.275,0.406,moderate,0.531,0.312,0.104,0.052,0.534,0.324,0.05,0.091
29,15948,400897,0.217,0.199,12,2,14,4,employee,home_purchase,low,none,3,2,4,3,3,0.59,0.401,0.476,moderate,0.619,0.254,0.085,0.042,0.688,0.255,0.028,0.028
35,15953,401303,0.11,0.452,14,4,14,2,employee,education,low,none,2,2,3,3,3,0.5,0.274,0.403,moderate,0.619,0.254,0.085,0.042,0.588,0.237,0.1,0.076
32,15960,401545,0.211,0.073,12,10,7,4,employee,wealth_generation,low,online,4,2,3,3,2,0.57,0.443,0.545,moderate,0.567,0.288,0.096,0.048,0.594,0.274,0.09,0.043
27,15965,402797,0.141,0.054,6,13,25,5,unemployed,education,low,online,2,4,2,5,4,0.65,0.453,0.527,moderate,0.625,0.25,0.083,0.042,0.571,0.29,0.086,0.053
27,15966,403086,0.187,0.106,3,1,18,5,employee,retirement,high,none,3,3,4,3,3,0.64,0.46,0.575,moderate,0.625,0.25,0.083,0.042,0.606,0.269,0.072,0.054
22,15971,404202,0.144,0.1,0,1,4,0,employee,wealth_generation,medium,books,4,3,3,2,3,0.62,0.421,0.535,moderate,0.541,0.306,0.102,0.051,0.587,0.273,0.092,0.048
27,15980,404792,0.282,0.082,7,8,16,5,employee,retirement,medium,online,4,5,2,2,3,0.68,0.466,0.588,moderate,0.625,0.25,0.083,0.042,0.591,0.32,0.063,0.025
26,15984,405654,0.084,0.319,4,7,9,5,employee,retirement,high,advisor,2,3,4,5,3,0.65,0.33,0.531,moderate,0.583,0.278,0.093,0.046,0.66,0.25,0.043,0.047
29,16008,406156,0.189,0.296,6,2,16,4,employee,education,medium,books,1,3,3,2,3,0.47,0.358,0.374,moderate,0.625,0.25,0.083,0.042,0.63,0.293,0.075,0.003
23,16021,406184,0.168,0.314,7,7,18,3,employee,retirement,low,books,3,3,4,3,4,0.67,0.353,0.579,moderate,0.625,0.25,0.083,0.042,0.611,0.294,0.063,0.032
30,16044,407952,0.082,0.33,8,17,5,1,self-employed,retirement,medium,online,1,2,3,2,3,0.42,0.302,0.346,conservative,0.3,0.5,0.15,0.05,0.281,0.466,0.154,0.1
35,16050,408396,0.045,0.36,16,8,14,2,employee,wealth_generation,low,books,3,3,4,3,2,0.61,0.321,0.505,moderate,0.619,0.254,0.085,0.042,0.621,0.272,0.055,0.052
27,16051,408983,0.219,0.146,7,6,19,3,retired,wealth_generation,low,online,2,4,3,4,4,0.66,0.409,0.58,moderate,0.625,0.25,0.083,0.042,0.63,0.23,0.079,0.061
30,16064,409225,0.078,0.304,13,12,8,5,employee,wealth_generation,medium,books,3,4,5,1,3,0.67,0.335,0.58,moderate,0.575,0.283,0.094,0.047,0.59,0.302,0.053,0.054
31,16069,409645,0.086,0.288,11,3,3,5,employee,wealth_generation,low,online,2,3,2,2,4,0.51,0.331,0.437,moderate,0.531,0.312,0.104,0.052,0.555,0.327,0.07,0.048
25,16071,411387,0.313,0.492,1,5,2,3,employee,home_purchase,low,online,2,3,2,4,3,0.54,0.234,0.374,moderate,0.521,0.319,0.106,0.053,0.499,0.317,0.122,0.062
29,16076,411474,0.198,0.158,13,7,4,5,employee,retirement,high,online,4,3,3,3,5,0.71,0.394,0.536,moderate,0.541,0.306,0.102,0.051,0.562,0.289,0.051,0.098
28,16080,412059,0.102,0.061,10,7,1,5,employee,retirement,low,friends,2,1,2,2,4,0.41,0.43,0.456,moderate,0.511,0.326,0.109,0.054,0.498,0.325,0.118,0.059
28,16097,413000,0.171,0.316,9,14,8,4,employee,wealth_generation,medium,online,3,4,3,3,3,0.65,0.329,0.505,moderate,0.575,0.283,0.094,0.047,0.579,0.252,0.113,0.055
24,16101,414127,0.16,0.352,0,4,8,2,employee,wealth_generation,medium,books,4,3,4,4,3,0.72,0.312,0.545,moderate,0.575,0.283,0.094,0.047,0.585,0.271,0.103,0.041
28,16103,414211,0.233,0.179,11,1,4,2,retired,retirement,low,friends,3,3,4,2,2,0.58,0.352,0.455,moderate,0.541,0.306,0.102,0.051,0.568,0.293,0.071,0.068
30,16111,415630,0.201,0.285,8,14,14,1,retired,wealth_generation,low,advisor,3,2,2,4,4,0.57,0.331,0.463,moderate,0.619,0.254,0.085,0.042,0.609,0.234,0.072,0.086
35,16120,417120,0.229,0.062,11,3,30,0,employee,education,low,friends,3,4,5,3,4,0.76,0.522,0.717,aggressive,0.792,0.125,0.042,0.042,0.775,0.116,0.09,0.019
32,16123,418278,0.092,0.516,13,5,21,1,employee,education,medium,books,4,3,3,4,2,0.65,0.255,0.493,moderate,0.625,0.25,0.083,0.042,0.582,0.246,0.159,0.013
38,16139,420043,0.181,0.096,18,7,7,5,employee,wealth_generation,medium,online,1,2,1,2,1,0.28,0.433,0.317,conservative,0.327,0.481,0.144,0.048,0.28,0.467,0.181,0.072
24,16158,420881,0.032,0.068,5,17,17,0,employee,retirement,low,books,4,2,4,4,4,0.7,0.478,0.643,moderate,0.625,0.25,0.083,0.042,0.651,0.232,0.069,0.048
32,16169,421858,0.046,0.049,10,7,23,3,employee,retirement,high,books,1,4,3,4,5,0.64,0.507,0.512,moderate,0.625,0.25,0.083,0.042,0.643,0.246,0.076,0.034
28,16175,424480,0.197,0.233,5,6,21,7,employee,wealth_generation,low,none,4,2,4,1,3,0.58,0.404,0.509,moderate,0.625,0.25,0.083,0.042,0.608,0.246,0.096,0.049
38,16218,424511,0.021,0.088,15,8,20,5,employee,education,medium,books,2,3,1,2,3,0.44,0.477,0.444,moderate,0.625,0.25,0.083,0.042,0.586,0.258,0.065,0.092
23,16224,424749,0.169,0.354,5,17,17,4,employee,wealth_generation,low,online,3,3,4,3,3,0.64,0.331,0.508,moderate,0.625,0.25,0.083,0.042,0.629,0.205,0.114,0.052
23,16264,425526,0.231,0.445,6,11,8,2,employee,education,low,books,3,2,3,5,3,0.61,0.268,0.43,moderate,0.575,0.283,0.094,0.047,0.58,0.295,0.092,0.033
25,16266,427196,0.129,0.169,4,2,3,4,retired,income,medium,online,4,4,4,3,2,0.71,0.354,0.563,moderate,0.531,0.312,0.104,0.052,0.537,0.281,0.149,0.033
18,16279,427576,0.034,0.306,2,11,11,3,employee,wealth_generation,low,books,3,3,3,2,2,0.54,0.342,0.449,moderate,0.598,0.268,0.089,0.045,0.57,0.283,0.065,0.082
25,16284,427708,0.197,0.047,1,12,3,4,employee,retirement,low,online,3,2,2,2,3,0.48,0.444,0.437,moderate,0.531,0.312,0.104,0.052,0.534,0.298,0.105,0.063
24,16313,427730,0.269,0.218,2,9,34,3,employee,retirement,low,advisor,1,2,4,3,3,0.49,0.446,0.46,moderate,0.625,0.25,0.083,0.042,0.602,0.242,0.135,0.021
28,16347,427761,0.198,0.183,5,9,9,3,employee,retirement,medium,advisor,1,3,3,3,4,0.53,0.397,0.419,moderate,0.583,0.278,0.093,0.046,0.577,0.292,0.063,0.068
29,16350,428305,0.168,0.156,7,6,24,8,employee,retirement,low,advisor,4,2,2,4,3,0.59,0.453,0.601,moderate,0.625,0.25,0.083,0.042,0.646,0.248,0.096,0.01
37,16389,428780,0.097,0.313,17,8,17,2,retired,retirement,low,books,2,3,4,2,3,0.56,0.325,0.363,moderate,0.625,0.25,0.083,0.042,0.621,0.221,0.127,0.03
32,16398,429037,0.015,0.108,12,10,10,2,employee,retirement,low,online,2,4,3,4,5,0.69,0.437,0.584,moderate,0.591,0.273,0.091,0.045,0.554,0.256,0.104,0.085
25,16413,430375,0.193,0.417,3,2,4,3,retired,wealth_generation,low,advisor,1,2,3,3,4,0.48,0.25,0.383,moderate,0.541,0.306,0.102,0.051,0.528,0.355,0.074,0.043
23,16419,431436,0.097,0.321,1,4,7,3,employee,retirement,low,online,3,2,4,4,3,0.62,0.326,0.485,moderate,0.567,0.288,0.096,0.048,0.602,0.308,0.086,0.005
30,16424,432075,0.237,0.339,13,3,15,1,employee,wealth_generation,low,online,1,4,3,3,2,0.52,0.335,0.439,moderate,0.625,0.25,0.083,0.042,0.626,0.257,0.068,0.049
21,16431,433374,0.147,0.481,4,12,18,5,unemployed,retirement,high,books,2,2,1,2,1,0.33,0.237,0.312,conservative,0.417,0.417,0.125,0.042,0.406,0.412,0.141,0.041
37,16439,434419,0.159,0.49,15,9,27,3,employee,retirement,medium,advisor,3,2,4,1,4,0.56,0.279,0.41,moderate,0.625,0.25,0.083,0.042,0.621,0.191,0.107,0.08
33,16460,435532,0.207,0.278,13,6,4,3,retired,retirement,low,online,4,2,3,2,4,0.6,0.311,0.431,moderate,0.541,0.306,0.102,0.051,0.541,0.274,0.124,0.061
25,16463,438357,0.213,0.257,8,12,5,4,self-employed,education,low,advisor,5,4,2,3,5,0.77,0.337,0.581,moderate,0.55,0.3,0.1,0.05,0.575,0.319,0.106,0.0
19,16482,438893,0.182,0.199,3,10,2,5,employee,wealth_generation,medium,books,4,4,4,3,3,0.74,0.371,0.511,moderate,0.521,0.319,0.106,0.053,0.558,0.302,0.079,0.061
34,16504,439867,0.275,0.342,10,14,7,7,retired,wealth_generation,low,online,2,2,2,3,3,0.46,0.29,0.366,moderate,0.567,0.288,0.096,0.048,0.593,0.275,0.107,0.024
27,16505,440874,0.319,0.273,4,1,18,2,employee,education,low,online,3,3,4,3,4,0.67,0.376,0.536,moderate,0.625,0.25,0.083,0.042,0.585,0.279,0.086,0.05
34,16527,441152,0.28,0.478,17,7,6,2,employee,home_purchase,medium,online,4,3,2,4,3,0.64,0.249,0.486,moderate,0.559,0.294,0.098,0.049,0.604,0.286,0.079,0.03
20,16531,446046,0.226,0.16,3,9,12,1,employee,wealth_generation,low,advisor,4,5,4,5,3,0.85,0.418,0.716,aggressive,0.781,0.132,0.044,0.044,0.813,0.125,0.015,0.047
25,16549,448021,0.195,0.189,7,3,10,5,employee,wealth_generation,low,books,3,4,2,5,4,0.7,0.398,0.588,moderate,0.591,0.273,0.091,0.045,0.56,0.255,0.137,0.048
28,16568,448237,0.186,0.192,9,4,8,3,student,education,low,none,3,4,4,2,2,0.63,0.351,0.529,moderate,0.575,0.283,0.094,0.047,0.617,0.31,0.045,0.028
28,16569,449395,0.06,0.385,4,6,13,5,self-employed,retirement,low,online,3,3,4,3,2,0.61,0.296,0.463,moderate,0.612,0.259,0.086,0.043,0.615,0.227,0.158,0.0
25,16575,450399,0.107,0.089,4,11,11,7,employee,education,low,none,2,4,1,2,3,0.49,0.45,0.456,moderate,0.598,0.268,0.089,0.045,0.58,0.269,0.09,0.061
31,16587,452070,0.006,0.243,13,6,8,3,employee,wealth_generation,low,books,4,3,3,3,3,0.65,0.367,0.519,moderate,0.575,0.283,0.094,0.047,0.576,0.325,0.058,0.041
22,16592,452151,0.072,0.233,0,6,15,1,employee,wealth_generation,medium,online,2,4,2,3,4,0.59,0.39,0.506,moderate,0.625,0.25,0.083,0.042,0.615,0.244,0.079,0.063
27,16594,452445,0.141,0.072,6,6,7,3,self-employed,retirement,medium,books,2,1,1,4,4,0.43,0.428,0.416,moderate,0.567,0.288,0.096,0.048,0.556,0.29,0.1,0.054
28,16604,452834,0.074,0.227,5,3,14,0,retired,income,low,friends,3,2,3,4,2,0.55,0.359,0.483,moderate,0.619,0.254,0.085,0.042,0.561,0.25,0.115,0.074
30,16610,459314,0.255,0.264,13,14,24,5,retired,income,low,online,4,1,2,3,4,0.54,0.367,0.489,moderate,0.625,0.25,0.083,0.042,0.596,0.257,0.076,0.071
31,16610,460299,0.221,0.066,8,4,16,0,employee,wealth_generation,high,online,4,4,5,3,2,0.75,0.478,0.68,aggressive,0.792,0.125,0.042,0.042,0.845,0.094,0.039,0.023
22,16618,461054,0.047,0.263,2,7,10,4,employee,wealth_generation,low,none,4,4,4,4,4,0.8,0.362,0.633,moderate,0.591,0.273,0.091,0.045,0.616,0.25,0.092,0.043
20,16631,462451,0.101,0.515,1,2,16,1,self-employed,education,high,advisor,3,3,4,3,4,0.67,0.239,0.507,moderate,0.625,0.25,0.083,0.042,0.633,0.263,0.038,0.066
34,16635,465252,0.225,0.558,16,6,18,0,self-employed,wealth_generation,low,online,3,4,4,3,2,0.66,0.221,0.519,moderate,0.625,0.25,0.083,0.042,0.606,0.272,0.075,0.046
29,16664,466592,0.22,0.27,5,14,8,2,self-employed,wealth_generation,low,books,4,2,2,3,1,0.5,0.339,0.457,moderate,0.575,0.283,0.094,0.047,0.605,0.261,0.109,0.025
24,16671,467562,0.279,0.264,2,21,15,3,retired,retirement,medium,advisor,5,3,5,5,3,0.84,0.345,0.631,moderate,0.625,0.25,0.083,0.042,0.631,0.258,0.056,0.056
35,16697,468516,0.376,0.18,13,5,10,1,employee,income,low,books,4,2,3,3,4,0.63,0.404,0.508,moderate,0.591,0.273,0.091,0.045,0.556,0.258,0.111,0.075
28,16712,468644,0.31,0.666,7,2,18,4,employee,retirement,low,books,4,3,4,4,3,0.72,0.173,0.487,moderate,0.625,0.25,0.083,0.042,0.622,0.244,0.102,0.031
33,16729,468799,0.135,0.175,9,4,8,4,retired,wealth_generation,low,online,5,3,5,4,1,0.75,0.367,0.572,moderate,0.575,0.283,0.094,0.047,0.618,0.272,0.09,0.02
28,16731,468825,0.102,0.242,10,4,23,7,self-employed,retirement,low,advisor,4,4,3,3,3,0.7,0.391,0.58,moderate,0.625,0.25,0.083,0.042,0.547,0.26,0.113,0.08
38,16732,470853,0.208,0.004,22,8,13,6,self-employed,retirement,low,advisor,4,3,5,2,1,0.64,0.48,0.591,moderate,0.612,0.259,0.086,0.043,0.526,0.301,0.108,0.065
36,16747,471588,0.113,0.204,14,6,9,3,employee,retirement,low,friends,4,4,3,1,2,0.61,0.389,0.509,moderate,0.583,0.278,0.093,0.046,0.636,0.248,0.079,0.036
26,16749,472993,0.221,0.071,2,10,10,5,self-employed,income,low,online,3,3,4,3,2,0.61,0.439,0.531,moderate,0.591,0.273,0.091,0.045,0.589,0.261,0.09,0.06
32,16750,474503,0.16,0.354,11,9,9,3,self-employed,education,low,advisor,3,4,4,3,3,0.69,0.303,0.456,moderate,0.583,0.278,0.093,0.046,0.568,0.264,0.082,0.086
31,16750,478831,0.217,0.281,14,4,5,4,self-employed,retirement,low,friends,4,2,4,3,3,0.64,0.328,0.498,moderate,0.55,0.3,0.1,0.05,0.559,0.336,0.105,0.0
34,16752,479347,0.108,0.285,11,11,3,3,self-employed,wealth_generation,low,online,3,3,5,3,3,0.68,0.321,0.63,moderate,0.531,0.312,0.104,0.052,0.5,0.291,0.143,0.065
23,16770,480908,0.155,0.18,0,12,8,2,employee,retirement,low,friends,4,3,4,2,3,0.66,0.398,0.589,moderate,0.575,0.283,0.094,0.047,0.589,0.307,0.082,0.022
31,16775,481415,0.166,0.389,8,8,11,4,unemployed,education,low,advisor,4,2,4,3,2,0.61,0.266,0.512,moderate,0.598,0.268,0.089,0.045,0.616,0.242,0.087,0.055
33,16781,481608,0.278,0.005,9,14,9,2,employee,wealth_generation,low,none,4,4,3,3,4,0.73,0.487,0.647,moderate,0.583,0.278,0.093,0.046,0.512,0.273,0.08,0.135
19,16788,481906,0.105,0.198,3,11,1,3,employee,income,low,none,3,3,3,2,3,0.57,0.37,0.518,moderate,0.511,0.326,0.109,0.054,0.5,0.337,0.155,0.008
22,16792,483220,0.273,0.318,4,8,13,3,employee,wealth_generation,low,friends,2,3,2,2,4,0.51,0.343,0.433,moderate,0.612,0.259,0.086,0.043,0.601,0.242,0.08,0.077
18,16813,483498,0.22,0.453,0,14,5,5,unemployed,education,medium,books,4,3,4,2,3,0.66,0.227,0.463,moderate,0.55,0.3,0.1,0.05,0.544,0.272,0.128,0.056
26,16817,483635,0.201,0.159,2,8,6,1,employee,retirement,high,online,3,4,3,2,4,0.65,0.403,0.596,moderate,0.559,0.294,0.098,0.049,0.539,0.286,0.1,0.075
31,16820,485190,0.215,0.274,13,7,4,3,employee,income,low,friends,4,3,4,5,3,0.75,0.343,0.555,moderate,0.541,0.306,0.102,0.051,0.533,0.333,0.103,0.03
35,16821,485325,0.174,0.273,19,5,12,6,employee,wealth_generation,medium,advisor,2,3,2,4,2,0.51,0.363,0.466,moderate,0.605,0.263,0.088,0.044,0.616,0.289,0.083,0.011
28,16823,485408,0.1,0.426,10,13,4,0,employee,retirement,low,books,3,2,3,3,4,0.58,0.271,0.51,moderate,0.541,0.306,0.102,0.051,0.517,0.264,0.139,0.081
36,16834,486139,0.087,0.054,19,2,7,6,employee,retirement,low,advisor,3,3,2,3,2,0.53,0.457,0.53,moderate,0.567,0.288,0.096,0.048,0.534,0.288,0.089,0.089
21,16889,486481,0.24,0.232,0,6,10,6,unemployed,wealth_generation,low,online,4,3,5,3,1,0.67,0.333,0.527,moderate,0.591,0.273,0.091,0.045,0.576,0.296,0.066,0.062
19,16909,488230,0.2,0.135,3,7,5,3,employee,education,high,advisor,3,3,3,4,3,0.63,0.412,0.581,moderate,0.55,0.3,0.1,0.05,0.496,0.311,0.159,0.034
27,16958,489166,0.093,0.027,10,7,10,4,employee,retirement,low,online,3,2,3,4,4,0.61,0.48,0.565,moderate,0.591,0.273,0.091,0.045,0.549,0.294,0.082,0.074
29,16969,489863,0.176,0.117,13,9,9,8,self-employed,retirement,low,advisor,2,4,4,2,3,0.61,0.415,0.528,moderate,0.583,0.278,0.093,0.046,0.551,0.276,0.082,0.09
27,16981,490382,0.143,0.551,3,7,19,3,self-employed,wealth_generation,low,books,3,2,2,3,3,0.51,0.226,0.419,moderate,0.625,0.25,0.083,0.042,0.635,0.223,0.062,0.079
18,16985,490546,0.078,0.15,0,4,17,1,unemployed,home_purchase,low,online,5,5,3,4,2,0.8,0.389,0.609,moderate,0.625,0.25,0.083,0.042,0.654,0.232,0.074,0.04
27,16994,491820,0.159,0.481,11,12,30,5,self-employed,income,medium,books,2,3,2,3,2,0.48,0.281,0.357,moderate,0.625,0.25,0.083,0.042,0.608,0.228,0.115,0.049
21,17025,494121,0.109,0.146,0,9,12,1,employee,education,low,online,3,3,4,3,3,0.64,0.428,0.548,moderate,0.605,0.263,0.088,0.044,0.595,0.211,0.122,0.073
31,17041,494724,0.057,0.477,11,12,13,2,unemployed,retirement,low,none,2,3,1,4,4,0.53,0.232,0.391,moderate,0.612,0.259,0.086,0.043,0.607,0.24,0.124,0.029
29,17042,495668,0.147,0.316,9,4,23,5,student,income,high,online,4,2,3,2,3,0.57,0.333,0.432,moderate,0.625,0.25,0.083,0.042,0.641,0.272,0.051,0.037
23,17046,498446,0.171,0.098,4,8,10,2,employee,retirement,low,advisor,2,3,2,3,1,0.45,0.445,0.449,moderate,0.591,0.273,0.091,0.045,0.582,0.233,0.158,0.027
25,17071,498848,0.035,0.289,7,9,12,4,employee,home_purchase,medium,none,5,3,3,4,2,0.7,0.356,0.546,moderate,0.605,0.263,0.088,0.044,0.609,0.318,0.067,0.006
22,17074,498974,0.134,0.193,0,5,9,3,unemployed,wealth_generation,high,online,2,4,3,2,4,0.6,0.348,0.47,moderate,0.583,0.278,0.093,0.046,0.639,0.251,0.081,0.029
27,17094,501463,0.103,0.217,5,11,12,5,employee,education,medium,online,3,4,3,2,3,0.62,0.392,0.528,moderate,0.605,0.263,0.088,0.044,0.621,0.212,0.108,0.059
32,17130,502087,0.026,0.238,12,0,3,2,employee,retirement,low,advisor,1,2,3,4,4,0.51,0.359,0.421,moderate,0.531,0.312,0.104,0.052,0.528,0.32,0.112,0.041
23,17130,503358,0.068,0.231,0,8,17,3,employee,retirement,low,books,2,2,4,3,3,0.54,0.398,0.518,moderate,0.625,0.25,0.083,0.042,0.65,0.239,0.092,0.019
30,17146,503553,0.072,0.32,8,8,28,2,self-employed,wealth_generation,low,advisor,4,3,3,3,2,0.62,0.364,0.571,moderate,0.625,0.25,0.083,0.042,0.63,0.237,0.059,0.073
25,17149,503745,0.085,0.366,8,7,3,2,employee,retirement,medium,friends,3,1,3,4,3,0.53,0.299,0.458,moderate,0.531,0.312,0.104,0.052,0.586,0.332,0.055,0.027
24,17169,503974,0.22,0.197,2,8,18,2,employee,wealth_generation,low,advisor,4,4,3,3,3,0.7,0.419,0.575,moderate,0.625,0.25,0.083,0.042,0.602,0.256,0.095,0.047
27,17180,504634,0.141,0.469,5,2,7,2,employee,education,low,advisor,4,3,3,2,3,0.62,0.257,0.487,moderate,0.567,0.288,0.096,0.048,0.554,0.275,0.075,0.095
22,17205,505161,0.075,0.485,3,9,6,6,employee,wealth_generation,low,online,4,3,3,3,3,0.65,0.248,0.469,moderate,0.559,0.294,0.098,0.049,0.602,0.318,0.065,0.014
25,17226,505290,0.059,0.046,2,5,15,3,employee,wealth_generation,low,advisor,3,3,2,4,3,0.59,0.488,0.569,moderate,0.625,0.25,0.083,0.042,0.655,0.246,0.052,0.047
22,17247,505353,0.112,0.019,3,6,2,3,employee,retirement,low,friends,5,3,3,4,2,0.7,0.458,0.625,moderate,0.521,0.319,0.106,0.053,0.479,0.326,0.125,0.07
37,17256,508139,0.219,0.232,15,5,11,3,employee,retirement,low,friends,4,3,3,2,2,0.59,0.382,0.531,moderate,0.598,0.268,0.089,0.045,0.629,0.245,0.096,0.03
28,17271,509790,0.126,0.292,9,6,1,8,employee,education,low,books,1,3,2,2,3,0.43,0.329,0.378,moderate,0.511,0.326,0.109,0.054,0.546,0.301,0.095,0.059
24,17284,510373,0.078,0.177,1,8,12,4,employee,retirement,low,online,3,3,4,4,4,0.7,0.413,0.606,moderate,0.605,0.263,0.088,0.044,0.653,0.248,0.063,0.037
29,17285,510401,0.134,0.169,11,12,11,4,self-employed,wealth_generation,high,advisor,3,3,4,4,2,0.64,0.397,0.558,moderate,0.598,0.268,0.089,0.045,0.565,0.273,0.104,0.057
27,17286,514152,0.164,0.326,10,6,22,2,retired,retirement,medium,online,3,1,1,2,3,0.39,0.334,0.376,moderate,0.625,0.25,0.083,0.042,0.574,0.252,0.091,0.084
26,17287,515602,0.025,0.296,5,4,16,3,employee,wealth_generation,low,online,3,1,4,2,3,0.51,0.363,0.454,moderate,0.625,0.25,0.083,0.042,0.646,0.271,0.066,0.017
31,17300,517597,0.178,0.127,9,6,4,2,retired,wealth_generation,low,books,2,3,3,3,3,0.55,0.379,0.45,moderate,0.541,0.306,0.102,0.051,0.501,0.27,0.154,0.075
31,17302,517686,0.133,0.434,9,9,9,4,employee,wealth_generation,medium,online,3,2,3,2,2,0.49,0.278,0.418,moderate,0.583,0.278,0.093,0.046,0.546,0.274,0.121,0.059
25,17305,518193,0.01,0.327,4,5,22,2,retired,education,medium,books,2,4,1,4,3,0.55,0.334,0.455,moderate,0.625,0.25,0.083,0.042,0.616,0.271,0.105,0.008
25,17309,518257,0.188,0.209,2,5,16,4,retired,home_purchase,low,online,3,3,3,4,3,0.63,0.376,0.49,moderate,0.625,0.25,0.083,0.042,0.637,0.211,0.118,0.034
26,17313,520916,0.197,0.328,5,7,13,2,unemployed,education,medium,friends,1,3,4,3,5,0.6,0.299,0.459,moderate,0.612,0.259,0.086,0.043,0.631,0.254,0.042,0.073
18,17327,522629,0.179,0.098,0,4,12,3,employee,wealth_generation,low,books,3,3,3,2,3,0.57,0.453,0.536,moderate,0.605,0.263,0.088,0.044,0.619,0.251,0.108,0.022
20,17328,522643,0.122,0.248,2,3,10,3,employee,income,low,advisor,2,1,2,3,4,0.44,0.373,0.399,moderate,0.591,0.273,0.091,0.045,0.558,0.288,0.096,0.057
34,17330,523347,0.159,0.128,17,2,13,1,employee,wealth_generation,medium,books,2,2,4,2,3,0.51,0.441,0.465,moderate,0.612,0.259,0.086,0.043,0.571,0.275,0.107,0.047
36,17331,523461,0.131,0.046,14,5,17,1,employee,wealth_generation,low,online,4,2,1,5,4,0.61,0.495,0.502,moderate,0.625,0.25,0.083,0.042,0.641,0.262,0.046,0.051
26,17368,527431,0.194,0.2,5,1,4,2,self-employed,wealth_generation,high,friends,4,3,4,1,3,0.63,0.364,0.556,moderate,0.541,0.306,0.102,0.051,0.525,0.306,0.129,0.041
30,17374,527799,0.169,0.119,14,8,26,3,self-employed,home_purchase,low,online,4,2,3,3,2,0.57,0.467,0.496,moderate,0.625,0.25,0.083,0.042,0.624,0.233,0.112,0.031
29,17377,528303,0.052,0.308,12,3,7,4,employee,wealth_generation,high,advisor,3,3,3,3,2,0.57,0.336,0.478,moderate,0.567,0.288,0.096,0.048,0.544,0.311,0.088,0.057
43,17383,528627,0.182,0.324,26,5,10,3,self-employed,wealth_generation,low,none,3,3,3,3,3,0.6,0.321,0.474,moderate,0.591,0.273,0.091,0.045,0.612,0.216,0.077,0.095
33,17383,532193,0.191,0.118,17,4,2,3,employee,wealth_generation,low,online,4,3,3,2,4,0.65,0.413,0.563,moderate,0.521,0.319,0.106,0.053,0.488,0.318,0.123,0.07
27,17411,532419,0.128,0.03,9,8,12,3,self-employed,retirement,low,none,2,3,2,1,3,0.45,0.468,0.465,moderate,0.605,0.263,0.088,0.044,0.592,0.23,0.12,0.058
23,17418,532605,0.244,0.378,3,12,9,3,unemployed,home_purchase,medium,online,3,3,3,4,4,0.66,0.269,0.498,moderate,0.583,0.278,0.093,0.046,0.602,0.218,0.106,0.074
19,17444,532984,0.232,0.003,0,8,7,1,student,home_purchase,low,none,2,5,3,4,3,0.68,0.435,0.59,moderate,0.567,0.288,0.096,0.048,0.534,0.303,0.126,0.037
29,17448,532993,0.083,0.202,12,7,28,3,self-employed,education,medium,online,3,4,4,4,3,0.72,0.428,0.604,moderate,0.625,0.25,0.083,0.042,0.637,0.246,0.072,0.045
24,17451,533274,0.256,0.257,1,9,10,2,employee,retirement,medium,none,3,2,4,4,3,0.62,0.368,0.478,moderate,0.591,0.273,0.091,0.045,0.626,0.22,0.094,0.06
20,17467,533648,0.142,0.392,0,0,10,3,employee,wealth_generation,low,online,4,4,5,2,3,0.75,0.302,0.607,moderate,0.591,0.273,0.091,0.045,0.638,0.29,0.065,0.007
24,17472,534505,0.2,0.403,1,2,11,5,employee,retirement,low,online,3,5,3,4,4,0.76,0.298,0.621,moderate,0.598,0.268,0.089,0.045,0.645,0.236,0.097,0.021
22,17484,535182,0.223,0.346,0,1,4,4,retired,retirement,medium,books,3,3,4,4,3,0.67,0.285,0.49,moderate,0.541,0.306,0.102,0.051,0.607,0.321,0.048,0.024
36,17495,536754,0.154,0.164,19,2,9,2,employee,wealth_generation,medium,none,2,4,2,3,4,0.59,0.412,0.472,moderate,0.583,0.278,0.093,0.046,0.573,0.293,0.082,0.052
32,17510,537219,0.133,0.344,11,4,8,2,retired,retirement,medium,advisor,3,2,2,4,3,0.54,0.295,0.48,moderate,0.575,0.283,0.094,0.047,0.592,0.287,0.073,0.048
27,17524,540818,0.261,0.164,8,7,11,0,employee,retirement,low,online,2,4,4,2,5,0.67,0.418,0.537,moderate,0.598,0.268,0.089,0.045,0.575,0.307,0.068,0.05
35,17532,542626,0.097,0.15,15,2,19,3,self-employed,retirement,medium,advisor,2,4,5,4,3,0.71,0.431,0.637,moderate,0.625,0.25,0.083,0.042,0.648,0.267,0.058,0.027
28,17535,544158,0.103,0.276,4,15,6,3,student,wealth_generation,medium,friends,2,5,4,2,5,0.72,0.313,0.592,moderate,0.559,0.294,0.098,0.049,0.562,0.28,0.117,0.041
23,17548,547287,0.126,0.326,0,12,13,2,employee,wealth_generation,low,books,3,3,2,3,4,0.59,0.342,0.486,moderate,0.612,0.259,0.086,0.043,0.578,0.258,0.098,0.065
35,17555,548674,0.238,0.056,16,17,2,5,student,retirement,high,none,3,3,5,3,4,0.71,0.396,0.579,moderate,0.521,0.319,0.106,0.053,0.572,0.327,0.068,0.032
30,17562,549283,0.275,0.062,7,1,8,3,self-employed,income,low,online,2,2,4,4,5,0.63,0.441,0.525,moderate,0.575,0.283,0.094,0.047,0.559,0.301,0.104,0.036
22,17562,550702,0.094,0.373,2,12,11,4,employee,income,medium,none,3,4,1,4,4,0.63,0.313,0.505,moderate,0.598,0.268,0.089,0.045,0.581,0.267,0.107,0.045
27,17566,551268,0.239,0.416,3,11,3,4,retired,retirement,medium,online,2,4,3,3,3,0.6,0.253,0.476,moderate,0.531,0.312,0.104,0.052,0.563,0.313,0.09,0.034
23,17570,551653,0.104,0.297,6,14,12,4,employee,income,low,online,5,3,2,2,3,0.63,0.354,0.53,moderate,0.605,0.263,0.088,0.044,0.617,0.244,0.073,0.066
21,17580,551935,0.302,0.233,2,7,8,6,employee,retirement,low,advisor,3,4,2,3,4,0.64,0.376,0.553,moderate,0.575,0.283,0.094,0.047,0.572,0.322,0.101,0.005
32,17615,552048,0.172,0.407,14,11,30,0,employee,retirement,medium,advisor,2,3,3,3,2,0.52,0.335,0.478,moderate,0.625,0.25,0.083,0.042,0.61,0.268,0.086,0.036
37,17620,552283,0.007,0.347,15,1,14,1,employee,home_purchase,low,books,3,3,5,3,4,0.71,0.333,0.558,moderate,0.619,0.254,0.085,0.042,0.584,0.226,0.117,0.073
21,17638,552377,0.028,0.288,4,1,7,4,employee,wealth_generation,high,advisor,4,2,3,4,3,0.63,0.347,0.601,moderate,0.567,0.288,0.096,0.048,0.574,0.307,0.062,0.057
30,17643,552520,0.075,0.193,12,2,4,2,employee,retirement,low,online,3,4,4,3,3,0.69,0.385,0.581,moderate,0.541,0.306,0.102,0.051,0.529,0.348,0.118,0.005
24,17646,552632,0.086,0.142,0,14,2,7,employee,education,high,books,1,3,3,2,3,0.47,0.403,0.455,moderate,0.521,0.319,0.106,0.053,0.501,0.327,0.082,0.09
25,17652,553602,0.21,0.23,2,1,4,2,employee,wealth_generation,low,books,3,3,3,3,3,0.6,0.367,0.519,moderate,0.541,0.306,0.102,0.051,0.549,0.344,0.062,0.045
25,17652,554878,0.095,0.18,8,2,15,2,employee,income,medium,friends,4,2,5,4,4,0.74,0.421,0.625,moderate,0.625,0.25,0.083,0.042,0.644,0.272,0.061,0.023
23,17689,556997,0.301,0.201,2,15,19,4,retired,income,low,books,3,3,2,5,4,0.65,0.39,0.558,moderate,0.625,0.25,0.083,0.042,0.705,0.254,0.001,0.039
28,17718,557135,0.18,0.265,10,2,5,2,employee,income,low,books,2,4,2,3,4,0.59,0.353,0.527,moderate,0.55,0.3,0.1,0.05,0.558,0.292,0.12,0.03
23,17720,557953,0.192,0.128,2,13,10,2,employee,wealth_generation,low,books,4,3,3,3,4,0.68,0.434,0.506,moderate,0.591,0.273,0.091,0.045,0.581,0.247,0.096,0.077
29,17737,558038,0.094,0.385,9,11,9,6,unemployed,education,high,online,4,3,1,1,3,0.51,0.267,0.406,moderate,0.583,0.278,0.093,0.046,0.605,0.246,0.088,0.062
27,17749,558804,0.251,0.116,8,1,14,0,employee,income,high,friends,2,2,3,5,3,0.56,0.452,0.467,moderate,0.619,0.254,0.085,0.042,0.636,0.245,0.099,0.021
26,17754,559302,0.187,0.252,4,0,6,3,employee,retirement,low,friends,4,4,1,3,2,0.59,0.362,0.54,moderate,0.559,0.294,0.098,0.049,0.519,0.293,0.14,0.048
23,17781,561525,0.24,0.355,1,7,24,2,retired,education,low,none,5,1,3,3,2,0.57,0.326,0.43,moderate,0.625,0.25,0.083,0.042,0.63,0.229,0.066,0.075
25,17783,564370,0.288,0.254,6,22,16,2,retired,retirement,medium,advisor,3,3,3,4,3,0.63,0.357,0.497,moderate,0.625,0.25,0.083,0.042,0.625,0.244,0.082,0.048
31,17811,564922,0.068,0.209,13,13,24,2,employee,income,low,online,3,4,1,4,2,0.57,0.431,0.495,moderate,0.625,0.25,0.083,0.042,0.577,0.254,0.16,0.009
30,17832,565058,0.058,0.25,11,4,7,1,retired,retirement,high,online,2,3,3,4,2,0.55,0.336,0.428,moderate,0.567,0.288,0.096,0.048,0.537,0.25,0.116,0.096
23,17853,566108,0.22,0.409,6,5,13,0,employee,wealth_generation,low,none,5,3,2,2,2,0.6,0.3,0.471,moderate,0.612,0.259,0.086,0.043,0.588,0.278,0.055,0.078
28,17868,566470,0.24,0.604,9,5,16,8,employee,wealth_generation,low,online,2,3,4,2,2,0.53,0.205,0.337,conservative,0.417,0.417,0.125,0.042,0.455,0.401,0.141,0.004
31,17868,566603,0.17,0.307,12,10,15,4,employee,retirement,low,online,3,3,3,2,3,0.57,0.357,0.53,moderate,0.625,0.25,0.083,0.042,0.59,0.259,0.15,0.0
19,17886,566695,0.127,0.378,0,5,2,5,retired,education,medium,online,5,2,3,3,2,0.62,0.268,0.492,moderate,0.521,0.319,0.106,0.053,0.482,0.327,0.148,0.043
30,17902,568053,0.184,0.019,14,2,34,1,employee,retirement,high,advisor,4,2,4,3,2,0.61,0.569,0.571,moderate,0.625,0.25,0.083,0.042,0.599,0.246,0.123,0.032
24,17903,568325,0.114,0.431,7,10,22,0,employee,retirement,low,books,4,2,3,4,2,0.6,0.307,0.5,moderate,0.625,0.25,0.083,0.042,0.65,0.239,0.077,0.034
30,17906,568687,0.099,0.506,7,6,4,4,employee,retirement,medium,books,2,4,1,4,2,0.52,0.236,0.416,moderate,0.541,0.306,0.102,0.051,0.508,0.354,0.102,0.036
24,17906,569880,0.151,0.286,1,1,12,4,retired,education,high,advisor,2,3,4,3,3,0.59,0.332,0.458,moderate,0.605,0.263,0.088,0.044,0.635,0.232,0.114,0.019
18,17915,570375,0.093,0.359,0,11,8,3,employee,retirement,medium,online,3,5,4,4,3,0.77,0.315,0.609,moderate,0.575,0.283,0.094,0.047,0.55,0.313,0.077,0.06
19,17918,571008,0.15,0.264,0,8,20,3,employee,home_purchase,low,online,1,4,3,3,2,0.52,0.392,0.462,moderate,0.625,0.25,0.083,0.042,0.645,0.249,0.068,0.038
28,17978,572036,0.288,0.18,5,6,15,3,retired,retirement,medium,friends,3,2,3,2,4,0.55,0.39,0.52,moderate,0.625,0.25,0.083,0.042,0.538,0.252,0.155,0.055
29,17987,572454,0.231,0.412,5,9,6,1,retired,wealth_generation,low,online,5,2,1,3,3,0.57,0.262,0.432,moderate,0.559,0.294,0.098,0.049,0.575,0.341,0.056,0.028
23,18004,574166,0.277,0.294,4,7,2,4,employee,wealth_generation,medium,advisor,3,5,4,1,2,0.65,0.333,0.483,moderate,0.521,0.319,0.106,0.053,0.51,0.352,0.128,0.01
31,18018,574618,0.221,0.288,12,8,8,2,employee,education,low,online,3,3,5,2,4,0.68,0.35,0.577,moderate,0.575,0.283,0.094,0.047,0.598,0.265,0.112,0.024
19,18025,575066,0.124,0.318,0,12,2,2,employee,retirement,medium,advisor,2,3,2,4,4,0.57,0.321,0.464,moderate,0.521,0.319,0.106,0.053,0.555,0.315,0.111,0.019
27,18045,575714,0.223,0.414,7,8,5,4,retired,home_purchase,low,books,3,5,2,3,4,0.69,0.259,0.517,moderate,0.55,0.3,0.1,0.05,0.573,0.307,0.077,0.042
21,18051,576226,0.265,0.349,5,9,14,0,self-employed,education,medium,books,2,3,4,4,4,0.65,0.321,0.526,moderate,0.619,0.254,0.085,0.042,0.635,0.301,0.052,0.012
24,18057,576471,0.281,0.148,1,8,16,5,employee,retirement,medium,online,2,3,2,2,3,0.48,0.442,0.435,moderate,0.625,0.25,0.083,0.042,0.652,0.209,0.094,0.044
28,18066,579607,0.19,0.247,9,7,11,6,retired,retirement,low,friends,4,4,3,3,4,0.73,0.348,0.568,moderate,0.598,0.268,0.089,0.045,0.575,0.313,0.085,0.027
23,18067,580909,0.092,0.562,0,3,13,1,retired,wealth_generation,low,online,3,2,2,3,2,0.48,0.205,0.354,moderate,0.612,0.259,0.086,0.043,0.595,0.24,0.075,0.09
26,18070,581534,0.031,0.279,9,5,5,4,employee,income,low,books,4,5,4,1,2,0.7,0.348,0.547,moderate,0.55,0.3,0.1,0.05,0.618,0.293,0.078,0.011
33,18079,581570,0.075,0.485,14,9,8,3,retired,retirement,high,books,3,2,3,3,4,0.58,0.233,0.479,moderate,0.575,0.283,0.094,0.047,0.578,0.338,0.084,0.0
25,18107,586350,0.297,0.389,8,6,15,1,employee,home_purchase,high,none,5,2,3,3,2,0.62,0.316,0.475,moderate,0.625,0.25,0.083,0.042,0.648,0.259,0.071,0.023
32,18130,587747,0.146,0.321,12,5,9,4,employee,wealth_generation,low,online,3,3,4,4,3,0.67,0.337,0.512,moderate,0.583,0.278,0.093,0.046,0.603,0.289,0.108,0.0
22,18131,589261,0.236,0.204,0,10,9,4,employee,retirement,medium,online,3,2,5,4,3,0.66,0.395,0.596,moderate,0.583,0.278,0.093,0.046,0.593,0.285,0.057,0.065
30,18132,590152,0.146,0.187,8,0,6,4,retired,wealth_generation,medium,friends,3,5,3,1,3,0.64,0.362,0.499,moderate,0.559,0.294,0.098,0.049,0.563,0.268,0.115,0.054
35,18169,595212,0.185,0.312,15,9,13,5,unemployed,wealth_generation,high,none,2,3,4,1,2,0.5,0.309,0.426,moderate,0.612,0.259,0.086,0.043,0.69,0.192,0.09,0.028
18,18177,595376,0.021,0.235,0,6,18,2,retired,wealth_generation,low,advisor,4,3,3,3,4,0.68,0.372,0.577,moderate,0.625,0.25,0.083,0.042,0.663,0.253,0.051,0.034
24,18194,596514,0.102,0.381,4,5,11,4,employee,income,medium,advisor,2,1,3,1,4,0.42,0.311,0.397,moderate,0.598,0.268,0.089,0.045,0.59,0.297,0.086,0.028
30,18218,597442,0.141,0.362,8,5,4,4,employee,home_purchase,low,books,3,3,4,1,3,0.58,0.306,0.428,moderate,0.541,0.306,0.102,0.051,0.466,0.359,0.122,0.052
26,18220,598675,0.179,0.19,7,3,19,1,retired,retirement,medium,none,3,3,3,3,5,0.66,0.397,0.533,moderate,0.625,0.25,0.083,0.042,0.576,0.202,0.132,0.089
29,18225,598706,0.082,0.336,10,5,3,6,self-employed,retirement,medium,books,4,2,4,4,3,0.67,0.303,0.471,moderate,0.531,0.312,0.104,0.052,0.573,0.306,0.093,0.028
24,18226,599226,0.21,0.257,5,5,11,2,employee,retirement,low,online,4,2,5,4,3,0.71,0.374,0.601,moderate,0.598,0.268,0.089,0.045,0.596,0.236,0.102,0.066
28,18246,599477,0.126,0.194,5,6,7,4,employee,income,medium,online,3,3,2,4,2,0.56,0.394,0.525,moderate,0.567,0.288,0.096,0.048,0.532,0.293,0.088,0.087
27,18248,599775,0.224,0.228,11,9,23,4,unemployed,income,low,none,3,3,3,4,3,0.63,0.374,0.558,moderate,0.625,0.25,0.083,0.042,0.643,0.248,0.088,0.021
33,18262,600527,0.058,0.443,13,6,16,3,employee,home_purchase,low,advisor,4,1,3,3,3,0.55,0.29,0.445,moderate,0.625,0.25,0.083,0.042,0.602,0.229,0.099,0.07
29,18264,601685,0.19,0.208,12,11,13,1,employee,income,low,online,2,4,3,2,2,0.54,0.404,0.479,moderate,0.612,0.259,0.086,0.043,0.631,0.212,0.096,0.062
29,18309,602597,0.111,0.18,10,8,14,2,self-employed,retirement,low,none,4,3,3,3,4,0.68,0.405,0.553,moderate,0.619,0.254,0.085,0.042,0.614,0.196,0.107,0.083
25,18310,603065,0.218,0.205,5,3,12,2,retired,home_purchase,medium,online,3,2,2,3,2,0.48,0.371,0.391,moderate,0.605,0.263,0.088,0.044,0.612,0.302,0.039,0.046
25,18316,603092,0.134,0.15,2,4,5,3,employee,wealth_generation,medium,online,1,2,3,3,4,0.48,0.411,0.468,moderate,0.55,0.3,0.1,0.05,0.531,0.328,0.101,0.04
25,18338,604413,0.186,0.275,8,1,15,2,employee,education,low,online,1,2,4,2,2,0.43,0.375,0.379,moderate,0.625,0.25,0.083,0.042,0.634,0.221,0.083,0.062
29,18365,605061,0.272,0.117,12,15,11,3,retired,wealth_generation,low,friends,2,3,3,2,3,0.52,0.409,0.414,moderate,0.598,0.268,0.089,0.045,0.572,0.264,0.079,0.085
25,18365,608091,0.019,0.391,8,13,14,2,employee,home_purchase,medium,books,3,2,3,2,4,0.55,0.313,0.495,moderate,0.619,0.254,0.085,0.042,0.657,0.25,0.081,0.012
29,18396,608104,0.011,0.155,6,1,2,0,retired,wealth_generation,medium,online,4,3,4,2,3,0.66,0.366,0.524,moderate,0.521,0.319,0.106,0.053,0.507,0.295,0.115,0.083
38,18400,608640,0.211,0.295,20,7,5,3,employee,income,low,books,2,3,3,3,3,0.55,0.341,0.474,moderate,0.55,0.3,0.1,0.05,0.538,0.287,0.142,0.033
32,18404,609214,0.182,0.105,12,16,13,4,employee,retirement,low,online,3,4,1,5,3,0.63,0.457,0.556,moderate,0.612,0.259,0.086,0.043,0.609,0.269,0.054,0.067
26,18416,610281,0.111,0.556,9,10,11,5,retired,wealth_generation,low,friends,3,4,4,4,4,0.75,0.206,0.566,moderate,0.598,0.268,0.089,0.045,0.615,0.252,0.124,0.009
34,18431,610671,0.152,0.243,13,6,6,0,employee,home_purchase,high,online,3,4,2,3,4,0.64,0.369,0.487,moderate,0.559,0.294,0.098,0.049,0.556,0.344,0.095,0.005
25,18436,611707,0.033,0.394,4,3,7,2,employee,wealth_generation,low,advisor,4,4,3,3,3,0.7,0.297,0.562,moderate,0.567,0.288,0.096,0.048,0.549,0.267,0.107,0.077
18,18437,612214,0.087,0.366,1,4,14,7,retired,retirement,low,online,3,2,5,4,3,0.66,0.301,0.515,moderate,0.619,0.254,0.085,0.042,0.675,0.2,0.111,0.013
22,18467,612322,0.138,0.341,3,10,3,2,employee,wealth_generation,medium,books,4,4,2,4,4,0.72,0.314,0.571,moderate,0.531,0.312,0.104,0.052,0.497,0.308,0.124,0.071
18,18484,613711,0.229,0.396,1,11,10,5,employee,wealth_generation,medium,online,2,1,2,3,2,0.38,0.302,0.337,conservative,0.364,0.455,0.136,0.045,0.346,0.44,0.146,0.068
26,18486,614095,0.149,0.09,7,7,12,3,self-employed,retirement,low,books,3,2,3,2,3,0.52,0.444,0.478,moderate,0.605,0.263,0.088,0.044,0.64,0.323,0.037,0.0
28,18492,614430,0.17,0.326,6,2,8,1,retired,education,low,online,4,2,3,2,3,0.57,0.306,0.492,moderate,0.575,0.283,0.094,0.047,0.531,0.301,0.114,0.054
36,18501,615662,0.243,0.172,16,15,18,4,retired,retirement,low,books,3,3,3,4,3,0.63,0.404,0.517,moderate,0.625,0.25,0.083,0.042,0.629,0.273,0.065,0.033
29,18513,616631,0.115,0.374,10,12,3,7,employee,home_purchase,medium,books,2,4,3,4,3,0.63,0.299,0.482,moderate,0.531,0.312,0.104,0.052,0.512,0.336,0.088,0.064
26,18519,617348,0.194,0.511,8,2,20,6,employee,retirement,low,online,2,5,2,2,4,0.61,0.262,0.463,moderate,0.625,0.25,0.083,0.042,0.576,0.273,0.078,0.072
32,18519,617399,0.239,0.448,11,1,16,4,self-employed,wealth_generation,low,online,2,3,3,3,3,0.55,0.277,0.397,moderate,0.625,0.25,0.083,0.042,0.672,0.224,0.069,0.035
18,18531,618247,0.09,0.099,1,7,10,3,employee,wealth_generation,low,advisor,5,3,2,4,2,0.66,0.451,0.568,moderate,0.591,0.273,0.091,0.045,0.587,0.286,0.107,0.021
29,18540,618457,0.125,0.212,10,4,22,2,self-employed,income,high,online,3,2,3,3,3,0.55,0.411,0.488,moderate,0.625,0.25,0.083,0.042,0.653,0.248,0.099,0.0
31,18590,619580,0.315,0.21,8,4,15,2,employee,retirement,low,books,3,4,4,2,2,0.63,0.409,0.562,moderate,0.625,0.25,0.083,0.042,0.648,0.205,0.053,0.094
20,18596,620268,0.321,0.103,3,1,22,2,employee,wealth_generation,low,books,4,2,3,4,1,0.57,0.486,0.521,moderate,0.625,0.25,0.083,0.042,0.637,0.217,0.093,0.053
33,18599,624927,0.095,0.089,9,16,11,6,employee,retirement,medium,books,3,4,3,3,4,0.68,0.46,0.535,moderate,0.598,0.268,0.089,0.045,0.644,0.277,0.058,0.02
29,18617,626293,0.045,0.218,12,12,10,2,employee,home_purchase,low,online,4,2,5,1,1,0.56,0.392,0.494,moderate,0.591,0.273,0.091,0.045,0.647,0.234,0.042,0.076
25,18639,629055,0.106,0.614,2,2,12,3,employee,home_purchase,medium,online,3,3,3,2,2,0.54,0.196,0.388,moderate,0.605,0.263,0.088,0.044,0.65,0.232,0.079,0.039
31,18659,630167,0.133,0.284,8,13,3,3,student,home_purchase,medium,online,3,2,4,3,3,0.59,0.306,0.441,moderate,0.531,0.312,0.104,0.052,0.537,0.286,0.101,0.076
39,18665,631273,0.142,0.304,17,9,21,3,employee,income,low,online,3,4,3,2,2,0.59,0.375,0.514,moderate,0.625,0.25,0.083,0.042,0.6,0.247,0.113,0.04
28,18665,633060,0.177,0.249,7,4,14,0,student,wealth_generation,low,advisor,3,3,4,5,4,0.73,0.35,0.589,moderate,0.619,0.254,0.085,0.042,0.646,0.21,0.057,0.088
29,18672,633580,0.254,0.32,13,13,13,2,employee,wealth_generation,low,advisor,2,3,1,3,2,0.44,0.348,0.422,moderate,0.612,0.259,0.086,0.043,0.602,0.268,0.125,0.006
25,18674,636279,0.119,0.51,8,8,22,3,employee,retirement,medium,online,1,5,3,1,3,0.54,0.266,0.442,moderate,0.625,0.25,0.083,0.042,0.658,0.23,0.093,0.019
23,18678,636505,0.234,0.291,1,12,30,5,self-employed,home_purchase,medium,books,5,5,3,3,4,0.83,0.39,0.676,aggressive,0.792,0.125,0.042,0.042,0.798,0.132,0.024,0.046
32,18689,637112,0.056,0.066,13,6,5,3,employee,wealth_generation,low,online,3,3,4,2,5,0.67,0.453,0.593,moderate,0.55,0.3,0.1,0.05,0.575,0.306,0.1,0.019
23,18707,637873,0.033,0.256,0,7,16,3,student,wealth_generation,high,online,2,2,3,4,4,0.56,0.351,0.537,moderate,0.625,0.25,0.083,0.042,0.668,0.238,0.085,0.008
28,18729,641014,0.154,0.619,10,4,13,4,unemployed,retirement,medium,online,3,3,4,3,2,0.61,0.172,0.479,moderate,0.612,0.259,0.086,0.043,0.618,0.255,0.126,0.001
25,18772,641498,0.042,0.218,6,5,11,4,employee,home_purchase,low,friends,2,4,2,1,3,0.5,0.395,0.465,moderate,0.598,0.268,0.089,0.045,0.661,0.316,0.022,0.0
30,18777,644680,0.132,0.293,12,7,27,2,employee,wealth_generation,low,friends,3,4,2,3,4,0.64,0.396,0.49,moderate,0.625,0.25,0.083,0.042,0.603,0.253,0.072,0.072
29,18780,644913,0.252,0.094,7,15,19,1,employee,wealth_generation,low,friends,2,3,1,4,4,0.53,0.483,0.567,moderate,0.625,0.25,0.083,0.042,0.611,0.26,0.13,0.0
33,18786,645992,0.1,0.114,16,8,15,5,retired,wealth_generation,medium,advisor,3,2,4,3,1,0.53,0.425,0.48,moderate,0.625,0.25,0.083,0.042,0.607,0.266,0.123,0.004
25,18790,647185,0.195,0.427,8,2,9,3,self-employed,retirement,low,advisor,4,4,4,2,1,0.65,0.275,0.519,moderate,0.583,0.278,0.093,0.046,0.63,0.295,0.065,0.01
26,18804,649907,0.113,0.186,9,0,14,2,self-employed,education,medium,books,3,4,2,1,4,0.58,0.404,0.524,moderate,0.619,0.254,0.085,0.042,0.523,0.329,0.108,0.04
23,18805,650159,0.034,0.188,4,12,12,2,student,home_purchase,medium,books,3,4,3,3,3,0.65,0.373,0.536,moderate,0.605,0.263,0.088,0.044,0.601,0.29,0.053,0.056
25,18829,650174,0.164,0.218,2,5,7,5,retired,wealth_generation,low,online,3,3,2,3,4,0.59,0.354,0.481,moderate,0.567,0.288,0.096,0.048,0.6,0.287,0.079,0.033
29,18842,650502,0.23,0.528,6,4,10,4,employee,income,low,none,2,5,3,3,4,0.68,0.237,0.493,moderate,0.591,0.273,0.091,0.045,0.601,0.263,0.136,0.0
31,18853,651671,0.135,0.08,8,11,6,6,employee,retirement,medium,online,4,3,4,4,3,0.72,0.45,0.532,moderate,0.559,0.294,0.098,0.049,0.534,0.304,0.114,0.048
23,18863,651976,0.176,0.392,0,15,11,3,retired,wealth_generation,medium,online,3,2,3,3,2,0.52,0.283,0.39,moderate,0.598,0.268,0.089,0.045,0.612,0.229,0.086,0.074
32,18869,653018,0.254,0.201,10,10,16,1,student,retirement,low,advisor,3,3,3,2,2,0.54,0.378,0.46,moderate,0.625,0.25,0.083,0.042,0.6,0.216,0.145,0.039
34,18884,653219,0.216,0.41,13,3,2,4,employee,wealth_generation,low,books,4,2,4,2,3,0.61,0.281,0.48,moderate,0.521,0.319,0.106,0.053,0.534,0.288,0.095,0.082
30,18896,653858,0.088,0.612,8,5,17,2,retired,income,low,advisor,4,1,4,4,3,0.62,0.189,0.465,moderate,0.625,0.25,0.083,0.042,0.606,0.233,0.049,0.112
37,18898,655047,0.202,0.204,17,10,2,2,employee,wealth_generation,high,online,3,2,3,5,1,0.55,0.379,0.464,moderate,0.521,0.319,0.106,0.053,0.558,0.349,0.053,0.04
24,18945,656011,0.153,0.107,1,14,12,2,employee,wealth_generation,medium,online,2,4,4,2,2,0.58,0.455,0.55,moderate,0.605,0.263,0.088,0.044,0.569,0.233,0.151,0.047
21,18956,656160,0.205,0.116,4,23,13,2,employee,wealth_generation,high,advisor,2,2,3,2,3,0.47,0.454,0.457,moderate,0.612,0.259,0.086,0.043,0.518,0.27,0.139,0.073
19,18967,658721,0.152,0.361,0,7,17,5,retired,retirement,low,books,2,3,2,3,2,0.48,0.311,0.402,moderate,0.625,0.25,0.083,0.042,0.655,0.255,0.036,0.055
35,18972,659326,0.069,0.116,13,11,17,4,employee,wealth_generation,low,advisor,4,3,3,3,3,0.65,0.466,0.578,moderate,0.625,0.25,0.083,0.042,0.628,0.213,0.085,0.074
31,18974,659409,0.167,0.17,7,1,10,1,unemployed,wealth_generation,low,advisor,3,4,3,2,3,0.62,0.368,0.541,moderate,0.591,0.273,0.091,0.045,0.585,0.284,0.031,0.101
27,18979,661261,0.152,0.145,11,4,3,4,employee,wealth_generation,low,online,2,3,2,4,2,0.51,0.41,0.463,moderate,0.531,0.312,0.104,0.052,0.525,0.312,0.115,0.047
29,18986,662647,0.157,0.207,5,5,15,4,self-employed,wealth_generation,medium,books,4,3,4,2,1,0.6,0.397,0.53,moderate,0.625,0.25,0.083,0.042,0.636,0.232,0.064,0.068
22,18988,662821,0.245,0.073,4,17,12,5,employee,retirement,low,advisor,1,5,2,4,2,0.56,0.473,0.548,moderate,0.605,0.263,0.088,0.044,0.574,0.247,0.104,0.076
40,19000,664129,0.252,0.414,24,0,8,5,employee,wealth_generation,low,advisor,3,3,5,3,2,0.65,0.291,0.523,moderate,0.575,0.283,0.094,0.047,0.629,0.211,0.084,0.076
28,19004,664270,0.144,0.417,6,4,7,1,employee,wealth_generation,medium,online,3,2,3,3,2,0.52,0.288,0.407,moderate,0.567,0.288,0.096,0.048,0.549,0.288,0.112,0.051
28,19006,665236,0.144,0.228,10,15,4,5,retired,retirement,medium,advisor,3,3,4,5,2,0.67,0.342,0.524,moderate,0.541,0.306,0.102,0.051,0.532,0.288,0.114,0.066
31,19012,666262,0.156,0.3,8,4,8,1,employee,wealth_generation,medium,books,3,2,4,2,3,0.56,0.348,0.493,moderate,0.575,0.283,0.094,0.047,0.565,0.288,0.116,0.031
30,19037,666432,0.157,0.311,13,3,11,1,self-employed,income,medium,books,4,2,3,4,4,0.66,0.335,0.526,moderate,0.598,0.268,0.089,0.045,0.553,0.259,0.14,0.049
29,19041,667157,0.283,0.357,10,10,11,1,retired,income,low,books,4,3,2,2,2,0.55,0.3,0.427,moderate,0.598,0.268,0.089,0.045,0.549,0.264,0.113,0.074
24,19062,673166,0.183,0.266,7,10,13,2,employee,education,low,friends,4,3,2,3,3,0.61,0.377,0.518,moderate,0.612,0.259,0.086,0.043,0.616,0.239,0.064,0.081
30,19072,675345,0.108,0.263,11,6,9,5,employee,retirement,medium,advisor,3,2,5,2,4,0.63,0.369,0.549,moderate,0.583,0.278,0.093,0.046,0.589,0.266,0.082,0.062
37,19079,676040,0.159,0.307,21,15,22,4,employee,education,medium,online,3,1,2,4,3,0.49,0.377,0.472,moderate,0.625,0.25,0.083,0.042,0.615,0.239,0.076,0.07
34,19087,680002,0.178,0.336,14,3,11,4,employee,wealth_generation,low,online,2,3,2,3,5,0.57,0.337,0.507,moderate,0.598,0.268,0.089,0.045,0.572,0.28,0.082,0.066
35,19101,680197,0.181,0.203,17,14,10,6,self-employed,income,low,advisor,3,4,3,2,4,0.65,0.385,0.545,moderate,0.591,0.273,0.091,0.045,0.544,0.227,0.144,0.085
25,19104,681844,0.17,0.197,1,10,2,3,employee,wealth_generation,low,friends,2,3,5,3,4,0.66,0.383,0.561,moderate,0.521,0.319,0.106,0.053,0.524,0.334,0.083,0.059
23,19105,682602,0.083,0.173,4,5,13,0,employee,retirement,low,none,3,2,3,2,4,0.55,0.425,0.533,moderate,0.612,0.259,0.086,0.043,0.63,0.27,0.05,0.05
27,19132,682617,0.028,0.277,6,11,13,4,employee,retirement,low,books,4,3,4,3,4,0.72,0.372,0.562,moderate,0.612,0.259,0.086,0.043,0.588,0.263,0.134,0.015
28,19138,683403,0.121,0.208,4,2,13,5,employee,retirement,low,friends,5,5,3,3,2,0.77,0.407,0.654,aggressive,0.784,0.129,0.043,0.043,0.803,0.099,0.051,0.048
33,19144,684119,0.139,0.274,16,2,20,7,employee,retirement,low,online,4,3,2,4,3,0.64,0.391,0.561,moderate,0.625,0.25,0.083,0.042,0.672,0.22,0.108,0.0
19,19155,685860,0.043,0.225,0,15,17,3,employee,education,low,friends,2,3,3,3,5,0.61,0.409,0.551,moderate,0.625,0.25,0.083,0.042,0.647,0.237,0.083,0.033
35,19156,686529,0.223,0.402,17,1,20,5,employee,retirement,low,advisor,2,4,2,2,3,0.53,0.322,0.396,moderate,0.625,0.25,0.083,0.042,0.614,0.223,0.084,0.079
27,19165,688844,0.122,0.072,11,0,3,5,employee,retirement,low,online,5,4,3,2,3,0.72,0.446,0.594,moderate,0.531,0.312,0.104,0.052,0.52,0.304,0.096,0.081
25,19201,689613,0.26,0.285,1,5,8,1,self-employed,wealth_generation,low,books,2,5,3,3,3,0.65,0.341,0.508,moderate,0.575,0.283,0.094,0.047,0.56,0.265,0.098,0.078
22,19214,690842,0.077,0.286,0,2,8,4,self-employed,wealth_generation,high,none,5,3,3,5,3,0.76,0.341,0.635,moderate,0.575,0.283,0.094,0.047,0.533,0.304,0.104,0.059
19,19218,693531,0.041,0.217,0,12,14,2,retired,retirement,medium,online,1,1,3,3,4,0.43,0.374,0.381,moderate,0.619,0.254,0.085,0.042,0.632,0.26,0.108,0.0
32,19219,693540,0.15,0.231,8,14,10,3,retired,retirement,low,books,2,3,2,4,4,0.57,0.357,0.453,moderate,0.591,0.273,0.091,0.045,0.557,0.218,0.143,0.082
28,19223,693894,0.087,0.382,6,6,17,5,self-employed,retirement,low,friends,5,3,5,2,3,0.75,0.314,0.539,moderate,0.625,0.25,0.083,0.042,0.585,0.273,0.08,0.062
21,19232,693982,0.274,0.178,2,6,9,5,employee,education,low,none,2,4,3,1,4,0.57,0.412,0.496,moderate,0.583,0.278,0.093,0.046,0.574,0.264,0.088,0.074
21,19235,696131,0.01,0.424,4,7,6,4,employee,income,medium,advisor,4,2,3,2,2,0.54,0.283,0.449,moderate,0.559,0.294,0.098,0.049,0.533,0.278,0.116,0.074
26,19243,696358,0.136,0.443,6,3,8,5,employee,wealth_generation,low,online,5,2,3,2,3,0.62,0.277,0.538,moderate,0.575,0.283,0.094,0.047,0.651,0.299,0.049,0.0
36,19248,696419,0.267,0.315,13,4,6,1,self-employed,wealth_generation,low,none,4,4,3,4,2,0.7,0.323,0.538,moderate,0.559,0.294,0.098,0.049,0.578,0.313,0.091,0.018
26,19253,697749,0.13,0.368,5,2,6,2,retired,home_purchase,high,online,2,2,2,3,3,0.46,0.285,0.367,moderate,0.559,0.294,0.098,0.049,0.529,0.303,0.141,0.027
20,19260,699989,0.056,0.3,0,6,6,2,employee,retirement,low,online,3,1,3,4,4,0.56,0.344,0.52,moderate,0.559,0.294,0.098,0.049,0.562,0.275,0.117,0.046
26,19271,701130,0.113,0.268,7,8,2,5,employee,retirement,low,online,1,3,2,3,3,0.46,0.35,0.467,moderate,0.521,0.319,0.106,0.053,0.545,0.319,0.109,0.027
26,19275,702180,0.153,0.528,5,15,15,6,employee,wealth_generation,low,books,5,3,3,3,3,0.7,0.246,0.466,moderate,0.625,0.25,0.083,0.042,0.568,0.25,0.085,0.097
18,19280,703535,0.085,0.179,0,10,10,3,employee,education,low,online,3,4,3,4,3,0.68,0.415,0.558,moderate,0.591,0.273,0.091,0.045,0.574,0.311,0.098,0.017
27,19296,704469,0.147,0.121,10,10,2,7,employee,wealth_generation,low,friends,3,4,3,4,3,0.68,0.42,0.582,moderate,0.521,0.319,0.106,0.053,0.507,0.345,0.105,0.043
26,19323,704472,0.23,0.18,10,4,9,4,employee,income,high,books,3,3,2,4,4,0.62,0.411,0.542,moderate,0.583,0.278,0.093,0.046,0.623,0.27,0.103,0.005
31,19363,705078,0.243,0.301,7,13,21,3,retired,wealth_generation,low,advisor,4,4,4,3,4,0.77,0.351,0.669,aggressive,0.792,0.125,0.042,0.042,0.786,0.084,0.061,0.069
37,19378,705847,0.037,0.136,21,15,12,4,retired,wealth_generation,low,friends,2,3,2,3,2,0.48,0.408,0.434,moderate,0.605,0.263,0.088,0.044,0.555,0.318,0.073,0.054
33,19431,706622,0.079,0.454,14,15,28,5,employee,income,medium,advisor,4,3,4,3,1,0.63,0.309,0.467,moderate,0.625,0.25,0.083,0.042,0.669,0.237,0.064,0.03
26,19446,706924,0.107,0.227,5,1,12,1,employee,home_purchase,low,none,3,2,3,5,5,0.67,0.396,0.537,moderate,0.605,0.263,0.088,0.044,0.557,0.253,0.117,0.073
22,19461,707123,0.172,0.41,0,8,25,1,unemployed,retirement,medium,advisor,3,2,2,3,3,0.51,0.293,0.456,moderate,0.625,0.25,0.083,0.042,0.616,0.257,0.1,0.028
40,19463,711220,0.126,0.165,21,8,6,2,retired,wealth_generation,low,online,1,2,4,3,3,0.49,0.377,0.445,moderate,0.559,0.294,0.098,0.049,0.553,0.253,0.143,0.051
28,19465,711384,0.232,0.191,6,4,8,6,retired,education,medium,books,3,3,4,3,4,0.67,0.371,0.599,moderate,0.575,0.283,0.094,0.047,0.626,0.212,0.08,0.082
28,19469,711917,0.198,0.061,6,20,15,6,employee,retirement,low,advisor,4,3,3,2,3,0.62,0.49,0.588,moderate,0.625,0.25,0.083,0.042,0.607,0.22,0.076,0.097
27,19483,712164,0.059,0.168,6,4,28,2,employee,home_purchase,low,online,4,3,3,3,2,0.62,0.471,0.54,moderate,0.625,0.25,0.083,0.042,0.616,0.253,0.083,0.048
28,19494,712295,0.178,0.256,4,3,18,6,self-employed,wealth_generation,low,books,3,5,2,3,3,0.66,0.382,0.575,moderate,0.625,0.25,0.083,0.042,0.569,0.279,0.11,0.042
27,19504,712736,0.064,0.495,5,6,12,3,unemployed,retirement,low,books,3,3,4,2,4,0.64,0.228,0.511,moderate,0.605,0.263,0.088,0.044,0.661,0.225,0.09,0.024
25,19508,715955,0.103,0.219,7,4,3,3,employee,wealth_generation,low,advisor,3,1,3,3,2,0.47,0.376,0.476,moderate,0.531,0.312,0.104,0.052,0.508,0.337,0.143,0.012
25,19521,716035,0.083,0.311,4,14,9,5,retired,wealth_generation,medium,advisor,3,2,2,3,1,0.45,0.319,0.355,moderate,0.583,0.278,0.093,0.046,0.562,0.251,0.11,0.077
27,19521,717941,0.082,0.233,5,6,3,3,employee,wealth_generation,medium,books,2,2,3,3,2,0.47,0.37,0.438,moderate,0.531,0.312,0.104,0.052,0.541,0.314,0.125,0.02
25,19527,718655,0.176,0.051,3,5,8,3,employee,wealth_generation,medium,none,2,3,3,2,5,0.58,0.473,0.504,moderate,0.575,0.283,0.094,0.047,0.523,0.268,0.162,0.047
24,19535,719323,0.166,0.26,3,8,7,0,employee,home_purchase,medium,advisor,3,3,3,4,4,0.66,0.367,0.534,moderate,0.567,0.288,0.096,0.048,0.593,0.268,0.093,0.046
28,19553,721176,0.083,0.066,10,1,9,0,employee,retirement,low,online,1,2,3,3,4,0.48,0.469,0.469,moderate,0.583,0.278,0.093,0.046,0.618,0.324,0.058,0.0
26,19553,721221,0.338,0.433,5,10,19,4,employee,income,low,advisor,2,3,5,3,2,0.6,0.304,0.49,moderate,0.625,0.25,0.083,0.042,0.585,0.252,0.057,0.106
35,19558,722452,0.138,0.358,18,10,5,1,employee,wealth_generation,medium,none,2,3,2,3,4,0.54,0.314,0.464,moderate,0.55,0.3,0.1,0.05,0.555,0.305,0.071,0.069
18,19558,723573,0.058,0.215,2,6,8,4,self-employed,home_purchase,medium,books,3,3,1,4,3,0.55,0.376,0.462,moderate,0.575,0.283,0.094,0.047,0.575,0.274,0.098,0.052
33,19569,723808,0.066,0.311,10,16,7,4,student,retirement,low,advisor,3,2,3,2,2,0.49,0.307,0.453,moderate,0.567,0.288,0.096,0.048,0.51,0.313,0.082,0.094
34,19572,725404,0.17,0.097,16,8,8,3,employee,wealth_generation,low,advisor,2,3,3,2,2,0.49,0.451,0.514,moderate,0.575,0.283,0.094,0.047,0.54,0.31,0.1,0.05
18,19579,728680,0.314,0.336,0,9,9,4,retired,wealth_generation,high,online,3,4,2,3,2,0.58,0.307,0.476,moderate,0.583,0.278,0.093,0.046,0.528,0.278,0.101,0.093
26,19595,729154,0.167,0.394,8,14,7,8,employee,retirement,high,online,4,2,4,4,5,0.73,0.301,0.61,moderate,0.567,0.288,0.096,0.048,0.585,0.275,0.083,0.058
26,19597,729314,0.282,0.393,9,9,23,2,self-employed,wealth_generation,low,online,2,2,4,4,2,0.54,0.322,0.45,moderate,0.625,0.25,0.083,0.042,0.611,0.239,0.104,0.046
20,19601,729395,0.142,0.179,0,6,10,3,employee,home_purchase,medium,friends,1,3,1,2,3,0.39,0.415,0.345,conservative,0.364,0.455,0.136,0.045,0.311,0.474,0.132,0.083
24,19604,731757,0.141,0.171,6,0,4,5,retired,retirement,low,advisor,3,5,3,2,4,0.7,0.37,0.54,moderate,0.541,0.306,0.102,0.051,0.544,0.332,0.089,0.034
22,19605,734042,0.153,0.267,0,10,11,0,employee,wealth_generation,low,friends,3,3,3,3,4,0.63,0.374,0.514,moderate,0.598,0.268,0.089,0.045,0.61,0.274,0.098,0.018
36,19609,735229,0.193,0.531,19,16,6,2,employee,income,medium,online,5,2,3,1,2,0.56,0.231,0.456,moderate,0.559,0.294,0.098,0.049,0.561,0.234,0.163,0.042
32,19622,735787,0.127,0.465,13,6,6,3,employee,wealth_generation,medium,books,4,3,2,3,4,0.64,0.263,0.46,moderate,0.559,0.294,0.098,0.049,0.557,0.317,0.126,0.0
34,19629,737931,0.239,0.208,10,5,8,3,employee,retirement,medium,advisor,2,5,4,4,3,0.72,0.396,0.588,moderate,0.575,0.283,0.094,0.047,0.548,0.321,0.119,0.012
31,19636,738429,0.025,0.371,15,7,4,1,employee,wealth_generation,medium,friends,5,4,3,4,2,0.75,0.306,0.647,moderate,0.541,0.306,0.102,0.051,0.558,0.318,0.075,0.049
22,19642,739260,0.141,0.466,5,10,16,3,employee,wealth_generation,low,advisor,3,4,3,4,4,0.71,0.281,0.545,moderate,0.625,0.25,0.083,0.042,0.569,0.272,0.128,0.031
25,19669,739286,0.155,0.17,8,0,17,3,employee,retirement,high,books,4,2,5,4,4,0.74,0.44,0.668,aggressive,0.792,0.125,0.042,0.042,0.821,0.143,0.036,0.0
30,19673,740257,0.174,0.398,6,13,9,3,employee,retirement,low,online,3,4,5,3,4,0.76,0.303,0.541,moderate,0.583,0.278,0.093,0.046,0.544,0.278,0.1,0.078
21,19677,742168,0.108,0.173,1,13,15,4,employee,wealth_generation,high,friends,3,1,2,3,4,0.49,0.433,0.407,moderate,0.625,0.25,0.083,0.042,0.646,0.274,0.065,0.016
31,19686,743265,0.139,0.202,12,7,9,5,employee,wealth_generation,low,books,4,4,5,4,3,0.81,0.401,0.598,moderate,0.583,0.278,0.093,0.046,0.541,0.286,0.095,0.079
26,19696,744366,0.15,0.143,7,2,5,3,retired,retirement,medium,online,3,5,2,4,3,0.69,0.385,0.601,moderate,0.55,0.3,0.1,0.05,0.492,0.305,0.15,0.053
26,19724,745116,0.191,0.262,4,9,10,3,employee,income,low,books,2,2,4,2,3,0.51,0.374,0.449,moderate,0.591,0.273,0.091,0.045,0.564,0.313,0.12,0.002
31,19728,745236,0.212,0.406,13,2,12,4,employee,wealth_generation,medium,advisor,2,5,3,2,3,0.62,0.305,0.484,moderate,0.605,0.263,0.088,0.044,0.574,0.264,0.083,0.08
30,19742,746655,0.203,0.269,6,7,2,3,employee,retirement,low,advisor,4,2,3,4,3,0.63,0.351,0.57,moderate,0.521,0.319,0.106,0.053,0.527,0.321,0.141,0.011
26,19756,748231,0.122,0.104,6,1,14,5,employee,wealth_generation,low,books,2,3,3,3,4,0.58,0.466,0.567,moderate,0.619,0.254,0.085,0.042,0.628,0.233,0.107,0.031
33,19757,749006,0.412,0.166,9,8,16,3,employee,education,low,advisor,3,3,3,4,2,0.6,0.44,0.55,moderate,0.625,0.25,0.083,0.042,0.674,0.246,0.025,0.055
22,19778,749613,0.234,0.282,6,4,19,4,employee,wealth_generation,low,advisor,1,3,3,3,2,0.47,0.386,0.472,moderate,0.625,0.25,0.083,0.042,0.561,0.282,0.096,0.061
31,19796,752035,0.104,0.289,8,12,4,1,employee,retirement,low,online,3,3,2,4,1,0.53,0.346,0.452,moderate,0.541,0.306,0.102,0.051,0.571,0.328,0.033,0.067
30,19816,752506,0.088,0.287,13,11,1,5,retired,wealth_generation,low,friends,4,3,3,1,3,0.59,0.311,0.489,moderate,0.511,0.326,0.109,0.054,0.496,0.349,0.079,0.076
26,19841,752554,0.116,0.075,3,23,3,3,employee,retirement,low,books,2,5,3,2,1,0.56,0.447,0.479,moderate,0.531,0.312,0.104,0.052,0.536,0.273,0.145,0.046
29,19841,752561,0.144,0.359,10,4,22,4,employee,wealth_generation,low,online,2,4,4,3,3,0.64,0.351,0.502,moderate,0.625,0.25,0.083,0.042,0.609,0.286,0.068,0.037
21,19842,753891,0.235,0.455,4,1,17,3,self-employed,wealth_generation,medium,advisor,3,3,4,3,4,0.67,0.279,0.505,moderate,0.625,0.25,0.083,0.042,0.625,0.244,0.095,0.036
32,19845,754991,0.213,0.263,15,6,19,0,retired,wealth_generation,low,none,2,4,4,4,5,0.73,0.367,0.584,moderate,0.625,0.25,0.083,0.042,0.658,0.261,0.014,0.067
27,19848,755143,0.235,0.343,6,1,12,3,retired,education,low,online,1,4,3,3,3,0.55,0.311,0.484,moderate,0.605,0.263,0.088,0.044,0.662,0.232,0.105,0.0
25,19850,756004,0.107,0.459,7,3,12,1,employee,wealth_generation,low,books,3,3,4,4,3,0.67,0.278,0.55,moderate,0.605,0.263,0.088,0.044,0.635,0.233,0.069,0.063
33,19857,756295,0.171,0.312,15,8,8,3,retired,education,medium,advisor,3,3,3,5,2,0.63,0.317,0.591,moderate,0.575,0.283,0.094,0.047,0.6,0.241,0.097,0.061
24,19862,758148,0.109,0.324,0,8,19,2,employee,retirement,low,books,4,4,2,3,4,0.69,0.363,0.628,moderate,0.625,0.25,0.083,0.042,0.613,0.28,0.046,0.061
20,19865,758651,0.062,0.344,0,1,18,2,retired,retirement,low,online,3,4,4,2,2,0.63,0.324,0.542,moderate,0.625,0.25,0.083,0.042,0.632,0.259,0.038,0.072
20,19872,759249,0.191,0.17,0,6,9,1,employee,income,low,online,3,2,1,3,5,0.53,0.418,0.441,moderate,0.583,0.278,0.093,0.046,0.59,0.312,0.076,0.022
31,19876,760188,0.073,0.289,11,7,8,4,employee,retirement,low,online,3,3,4,3,3,0.64,0.356,0.569,moderate,0.575,0.283,0.094,0.047,0.61,0.287,0.076,0.028
21,19891,760492,0.187,0.405,4,4,16,4,employee,wealth_generation,low,online,4,3,3,4,2,0.65,0.314,0.572,moderate,0.625,0.25,0.083,0.042,0.599,0.274,0.049,0.078
36,19947,760532,0.183,0.184,13,13,2,2,employee,income,medium,books,2,1,4,3,4,0.52,0.392,0.473,moderate,0.521,0.319,0.106,0.053,0.491,0.339,0.095,0.075
18,19954,761937,0.222,0.444,0,2,19,3,retired,home_purchase,low,books,3,2,3,4,3,0.58,0.277,0.408,moderate,0.625,0.25,0.083,0.042,0.621,0.272,0.107,0.0
36,19957,764338,0.072,0.303,19,4,10,3,employee,income,low,friends,4,3,4,1,3,0.63,0.354,0.526,moderate,0.591,0.273,0.091,0.045,0.626,0.224,0.121,0.03
29,19965,767090,0.215,0.231,12,2,10,2,employee,income,medium,books,3,2,4,2,2,0.53,0.39,0.501,moderate,0.591,0.273,0.091,0.045,0.615,0.286,0.081,0.019
27,19987,767892,0.406,0.304,8,2,14,2,employee,wealth_generation,medium,online,4,3,4,1,2,0.6,0.363,0.512,moderate,0.619,0.254,0.085,0.042,0.616,0.242,0.097,0.045
25,20028,767993,0.235,0.224,2,13,14,2,employee,retirement,low,books,5,4,2,3,2,0.68,0.405,0.558,moderate,0.619,0.254,0.085,0.042,0.643,0.235,0.078,0.043
29,20029,768412,0.206,0.403,9,4,7,5,employee,retirement,medium,friends,4,1,3,3,2,0.52,0.297,0.429,moderate,0.567,0.288,0.096,0.048,0.538,0.296,0.088,0.077
27,20034,769611,0.186,0.253,7,10,23,5,employee,retirement,high,online,3,3,1,2,3,0.49,0.412,0.498,moderate,0.625,0.25,0.083,0.042,0.606,0.255,0.063,0.076
33,20045,770780,0.138,0.447,11,6,28,3,unemployed,wealth_generation,low,advisor,2,3,3,2,3,0.52,0.281,0.439,moderate,0.625,0.25,0.083,0.042,0.593,0.271,0.103,0.033
28,20050,771630,0.201,0.263,9,8,12,4,employee,retirement,medium,online,3,4,2,2,4,0.61,0.38,0.562,moderate,0.605,0.263,0.088,0.044,0.615,0.279,0.083,0.024
28,20055,771918,0.2,0.319,4,14,12,3,retired,retirement,low,advisor,2,3,3,1,3,0.49,0.323,0.456,moderate,0.605,0.263,0.088,0.044,0.609,0.341,0.05,0.0
26,20066,776690,0.179,0.678,7,12,12,1,employee,wealth_generation,high,advisor,3,3,3,3,4,0.63,0.166,0.438,moderate,0.605,0.263,0.088,0.044,0.656,0.257,0.084,0.003
27,20075,776787,0.218,0.117,4,1,11,5,employee,retirement,low,friends,4,2,2,4,2,0.56,0.452,0.542,moderate,0.598,0.268,0.089,0.045,0.573,0.259,0.111,0.057
29,20090,777041,0.143,0.351,11,12,23,2,employee,retirement,medium,books,2,3,4,4,3,0.62,0.358,0.56,moderate,0.625,0.25,0.083,0.042,0.69,0.226,0.066,0.018
19,20095,777232,0.066,0.113,0,6,7,4,retired,home_purchase,low,books,2,2,5,3,4,0.61,0.406,0.533,moderate,0.567,0.288,0.096,0.048,0.518,0.317,0.134,0.032
21,20097,778223,0.165,0.403,5,5,4,3,employee,education,low,online,3,3,2,2,4,0.56,0.291,0.473,moderate,0.541,0.306,0.102,0.051,0.555,0.309,0.083,0.053
31,20098,781733,0.105,0.294,9,9,22,4,employee,wealth_generation,high,online,3,4,3,3,2,0.62,0.387,0.481,moderate,0.625,0.25,0.083,0.042,0.606,0.217,0.103,0.075
28,20104,782308,0.13,0.485,6,16,6,3,self-employed,wealth_generation,high,books,3,2,3,3,4,0.58,0.245,0.433,moderate,0.559,0.294,0.098,0.049,0.562,0.252,0.119,0.066
27,20109,783748,0.016,0.421,10,1,16,4,retired,retirement,low,none,2,4,2,3,2,0.53,0.283,0.427,moderate,0.625,0.25,0.083,0.042,0.629,0.242,0.067,0.063
28,20120,784521,0.13,0.073,8,10,6,0,employee,wealth_generation,low,online,3,1,2,3,5,0.52,0.459,0.465,moderate,0.559,0.294,0.098,0.049,0.558,0.276,0.106,0.06
29,20124,785706,0.222,0.112,10,3,25,0,employee,retirement,low,advisor,1,3,2,1,2,0.37,0.497,0.425,moderate,0.625,0.25,0.083,0.042,0.619,0.228,0.085,0.067
25,20125,785715,0.161,0.296,1,5,17,6,employee,retirement,high,advisor,3,3,3,2,1,0.51,0.375,0.507,moderate,0.625,0.25,0.083,0.042,0.575,0.273,0.059,0.092
24,20153,786093,0.01,0.266,7,13,22,4,employee,retirement,high,online,3,3,5,3,4,0.71,0.403,0.597,moderate,0.625,0.25,0.083,0.042,0.681,0.248,0.045,0.026
28,20169,786831,0.147,0.128,10,7,24,5,self-employed,wealth_generation,low,books,4,4,3,3,1,0.64,0.467,0.611,moderate,0.625,0.25,0.083,0.042,0.64,0.25,0.066,0.044
23,20177,787172,0.111,0.107,7,1,3,3,self-employed,wealth_generation,low,online,3,2,4,2,3,0.56,0.415,0.523,moderate,0.531,0.312,0.104,0.052,0.509,0.278,0.131,0.083
30,20186,788310,0.149,0.282,10,7,10,3,employee,wealth_generation,high,books,4,3,3,4,3,0.68,0.365,0.606,moderate,0.591,0.273,0.091,0.045,0.574,0.292,0.107,0.027
19,20189,788769,0.134,0.053,1,11,14,3,self-employed,retirement,low,online,2,2,3,2,3,0.47,0.476,0.47,moderate,0.619,0.254,0.085,0.042,0.647,0.233,0.058,0.062
33,20204,789488,0.271,0.426,14,7,18,2,employee,retirement,medium,friends,4,3,3,3,3,0.65,0.307,0.493,moderate,0.625,0.25,0.083,0.042,0.646,0.266,0.088,0.0
30,20207,791020,0.032,0.385,11,2,7,4,employee,wealth_generation,low,none,2,5,2,4,2,0.61,0.306,0.512,moderate,0.567,0.288,0.096,0.048,0.54,0.31,0.122,0.028
29,20208,792600,0.19,0.374,8,6,22,5,employee,home_purchase,low,books,4,3,3,3,3,0.65,0.344,0.481,moderate,0.625,0.25,0.083,0.042,0.659,0.225,0.116,0.0
32,20234,794129,0.235,0.021,10,14,6,6,employee,income,low,online,3,3,4,2,2,0.58,0.485,0.56,moderate,0.559,0.294,0.098,0.049,0.533,0.304,0.088,0.074
36,20238,794618,0.291,0.052,14,9,20,3,employee,retirement,medium,none,3,1,1,5,5,0.54,0.515,0.464,moderate,0.625,0.25,0.083,0.042,0.631,0.292,0.068,0.009
33,20280,796308,0.083,0.277,10,10,12,3,retired,income,low,books,2,4,4,3,3,0.64,0.344,0.495,moderate,0.605,0.263,0.088,0.044,0.64,0.268,0.072,0.019
18,20282,796422,0.159,0.633,0,11,12,5,retired,wealth_generation,low,books,4,4,4,1,5,0.74,0.174,0.524,moderate,0.605,0.263,0.088,0.044,0.593,0.318,0.046,0.044
21,20285,797676,0.033,0.202,1,1,9,4,employee,wealth_generation,medium,books,5,1,4,5,4,0.73,0.404,0.561,moderate,0.583,0.278,0.093,0.046,0.605,0.297,0.094,0.003
24,20296,797966,0.153,0.202,3,8,4,5,employee,home_purchase,medium,books,4,2,4,3,4,0.67,0.39,0.546,moderate,0.541,0.306,0.102,0.051,0.551,0.324,0.109,0.016
28,20299,799924,0.068,0.11,7,5,9,4,employee,wealth_generation,medium,advisor,2,2,3,3,3,0.5,0.45,0.441,moderate,0.583,0.278,0.093,0.046,0.605,0.252,0.143,0.0
30,20311,802893,0.23,0.324,7,2,10,5,employee,retirement,low,none,3,3,2,3,2,0.53,0.344,0.477,moderate,0.591,0.273,0.091,0.045,0.587,0.268,0.083,0.062
24,20315,804818,0.064,0.313,4,3,11,1,employee,retirement,low,online,4,3,2,4,2,0.61,0.352,0.541,moderate,0.598,0.268,0.089,0.045,0.591,0.265,0.058,0.087
28,20316,807929,0.156,0.091,8,11,16,4,employee,home_purchase,low,books,4,3,4,3,4,0.72,0.481,0.625,moderate,0.625,0.25,0.083,0.042,0.631,0.241,0.127,0.0
24,20316,809857,0.157,0.247,8,2,9,1,employee,income,medium,online,4,5,4,3,2,0.76,0.381,0.674,aggressive,0.769,0.139,0.046,0.046,0.749,0.124,0.07,0.057
24,20320,810712,0.304,0.321,8,4,10,4,employee,retirement,medium,friends,1,3,2,2,3,0.43,0.346,0.389,moderate,0.591,0.273,0.091,0.045,0.577,0.318,0.064,0.041
20,20324,811330,0.184,0.257,0,4,21,4,employee,wealth_generation,medium,online,4,2,4,3,3,0.64,0.406,0.507,moderate,0.625,0.25,0.083,0.042,0.651,0.224,0.113,0.012
23,20331,811577,0.11,0.324,3,1,16,0,unemployed,retirement,low,books,5,3,3,4,5,0.79,0.317,0.558,moderate,0.625,0.25,0.083,0.042,0.637,0.234,0.092,0.037
21,20340,811756,0.099,0.39,0,6,2,4,retired,home_purchase,medium,none,3,3,3,3,3,0.6,0.27,0.464,moderate,0.521,0.319,0.106,0.053,0.566,0.302,0.099,0.034
23,20355,812052,0.069,0.329,0,10,18,1,student,home_purchase,low,advisor,2,5,2,1,3,0.55,0.326,0.47,moderate,0.625,0.25,0.083,0.042,0.599,0.258,0.128,0.015
33,20370,813671,0.208,0.302,10,0,29,1,employee,education,medium,advisor,4,4,2,4,5,0.75,0.401,0.685,aggressive,0.792,0.125,0.042,0.042,0.822,0.118,0.027,0.033
23,20378,814481,0.192,0.412,1,2,23,1,employee,home_purchase,low,advisor,2,3,2,5,2,0.54,0.325,0.422,moderate,0.625,0.25,0.083,0.042,0.625,0.236,0.085,0.054
41,20381,818325,0.175,0.447,19,10,19,3,retired,wealth_generation,high,advisor,3,4,2,2,3,0.58,0.277,0.44,moderate,0.625,0.25,0.083,0.042,0.623,0.301,0.062,0.014
30,20383,819345,0.032,0.219,9,8,14,1,employee,retirement,low,online,5,3,3,2,3,0.67,0.409,0.58,moderate,0.619,0.254,0.085,0.042,0.624,0.255,0.087,0.034
28,20415,820319,0.209,0.13,7,9,7,1,employee,income,low,advisor,4,2,4,2,1,0.55,0.434,0.507,moderate,0.567,0.288,0.096,0.048,0.601,0.293,0.106,0.0
23,20418,821656,0.181,0.391,7,3,14,2,employee,retirement,low,online,3,5,2,3,4,0.69,0.319,0.523,moderate,0.619,0.254,0.085,0.042,0.579,0.273,0.088,0.06
31,20434,822255,0.295,0.149,9,11,15,0,student,retirement,medium,advisor,3,2,3,4,2,0.55,0.405,0.491,moderate,0.625,0.25,0.083,0.042,0.648,0.261,0.064,0.026
25,20441,822492,0.17,0.474,5,6,7,2,employee,wealth_generation,low,online,3,2,3,3,3,0.55,0.263,0.401,moderate,0.567,0.288,0.096,0.048,0.548,0.241,0.165,0.046
28,20470,823534,0.114,0.028,6,8,7,4,retired,wealth_generation,low,none,3,3,4,4,3,0.67,0.447,0.567,moderate,0.567,0.288,0.096,0.048,0.588,0.272,0.094,0.045
40,20494,824367,0.13,0.466,19,1,10,4,employee,retirement,medium,advisor,2,5,3,3,2,0.62,0.272,0.448,moderate,0.591,0.273,0.091,0.045,0.593,0.327,0.044,0.036
27,20505,825549,0.083,0.291,4,3,14,7,employee,education,high,friends,2,2,3,3,3,0.5,0.371,0.48,moderate,0.619,0.254,0.085,0.042,0.662,0.212,0.069,0.058
33,20506,825806,0.199,0.369,15,10,8,1,unemployed,retirement,medium,books,2,4,2,3,2,0.53,0.28,0.452,moderate,0.575,0.283,0.094,0.047,0.569,0.288,0.111,0.032
24,20518,826710,0.196,0.222,1,3,12,5,employee,wealth_generation,low,books,3,2,3,2,3,0.52,0.402,0.471,moderate,0.605,0.263,0.088,0.044,0.647,0.262,0.023,0.067
27,20537,826714,0.09,0.612,5,1,21,3,employee,wealth_generation,low,books,3,4,4,3,3,0.69,0.212,0.499,moderate,0.625,0.25,0.083,0.042,0.589,0.272,0.098,0.042
36,20539,827402,0.078,0.156,20,8,8,3,employee,home_purchase,low,none,3,4,3,3,3,0.65,0.425,0.567,moderate,0.575,0.283,0.094,0.047,0.609,0.24,0.109,0.042
24,20541,827938,0.05,0.171,6,7,25,2,employee,retirement,medium,online,2,5,3,3,3,0.65,0.465,0.562,moderate,0.625,0.25,0.083,0.042,0.623,0.245,0.107,0.025
37,20545,828996,0.26,0.055,18,8,11,1,employee,home_purchase,low,online,4,2,3,5,2,0.63,0.485,0.521,moderate,0.598,0.268,0.089,0.045,0.587,0.283,0.081,0.05
31,20557,829676,0.098,0.487,7,8,4,3,employee,retirement,low,books,4,3,4,3,2,0.66,0.251,0.486,moderate,0.541,0.306,0.102,0.051,0.545,0.344,0.109,0.002
25,20587,830092,0.122,0.243,4,7,3,5,unemployed,wealth_generation,medium,online,3,3,1,2,3,0.49,0.323,0.438,moderate,0.531,0.312,0.104,0.052,0.565,0.298,0.09,0.046
31,20597,830824,0.109,0.325,9,6,8,5,employee,wealth_generation,low,online,2,3,2,3,5,0.57,0.34,0.507,moderate,0.575,0.283,0.094,0.047,0.562,0.262,0.133,0.043
32,20609,832668,0.136,0.33,12,14,7,7,retired,wealth_generation,low,advisor,4,4,5,3,3,0.78,0.308,0.594,moderate,0.567,0.288,0.096,0.048,0.53,0.308,0.109,0.054
31,20612,834007,0.197,0.427,13,7,19,5,student,retirement,high,books,2,4,5,4,4,0.74,0.281,0.538,moderate,0.625,0.25,0.083,0.042,0.603,0.227,0.095,0.074
20,20613,834985,0.242,0.321,0,8,16,4,retired,wealth_generation,low,advisor,1,5,3,5,5,0.72,0.333,0.582,moderate,0.625,0.25,0.083,0.042,0.639,0.278,0.06,0.023
24,20632,835424,0.085,0.281,2,4,20,3,self-employed,retirement,medium,online,4,3,3,1,4,0.62,0.377,0.528,moderate,0.625,0.25,0.083,0.042,0.647,0.255,0.073,0.026
26,20640,835572,0.191,0.339,2,13,13,5,employee,retirement,medium,online,1,3,5,4,1,0.55,0.344,0.436,moderate,0.612,0.259,0.086,0.043,0.629,0.286,0.047,0.038
27,20647,835675,0.124,0.357,3,0,10,4,employee,wealth_generation,low,online,2,2,3,4,4,0.56,0.328,0.413,moderate,0.591,0.273,0.091,0.045,0.574,0.309,0.058,0.059
31,20650,836054,0.316,0.137,8,7,7,1,employee,wealth_generation,high,books,2,4,4,3,5,0.7,0.432,0.577,moderate,0.567,0.288,0.096,0.048,0.612,0.274,0.105,0.009
28,20653,836975,0.113,0.096,8,5,13,4,employee,wealth_generation,medium,online,4,4,5,4,2,0.78,0.471,0.702,aggressive,0.784,0.129,0.043,0.043,0.786,0.123,0.07,0.022
21,20655,837147,0.007,0.073,0,8,13,3,employee,wealth_generation,low,advisor,4,3,2,2,4,0.61,0.483,0.576,moderate,0.612,0.259,0.086,0.043,0.581,0.257,0.112,0.051
29,20656,837985,0.156,0.214,10,5,9,4,retired,retirement,medium,friends,4,4,4,3,3,0.74,0.367,0.635,moderate,0.583,0.278,0.093,0.046,0.547,0.304,0.081,0.068
31,20657,838191,0.076,0.258,11,10,23,6,employee,retirement,low,advisor,4,2,2,3,4,0.59,0.411,0.518,moderate,0.625,0.25,0.083,0.042,0.577,0.249,0.098,0.076
30,20663,840955,0.034,0.301,11,0,14,4,self-employed,wealth_generation,low,online,2,5,3,3,2,0.62,0.352,0.512,moderate,0.619,0.254,0.085,0.042,0.611,0.279,0.049,0.061
33,20668,841524,0.194,0.513,15,5,19,6,employee,wealth_generation,low,none,4,2,3,3,3,0.6,0.264,0.385,moderate,0.625,0.25,0.083,0.042,0.561,0.301,0.091,0.047
32,20680,842053,0.202,0.197,16,12,14,5,employee,wealth_generation,low,online,3,2,1,2,4,0.47,0.421,0.393,moderate,0.619,0.254,0.085,0.042,0.563,0.281,0.121,0.035
30,20685,842571,0.145,0.362,10,4,8,1,self-employed,home_purchase,medium,books,3,3,5,4,4,0.74,0.309,0.581,moderate,0.575,0.283,0.094,0.047,0.549,0.265,0.143,0.043
27,20725,843100,0.189,0.27,10,1,16,0,employee,retirement,medium,books,2,4,3,2,3,0.57,0.388,0.503,moderate,0.625,0.25,0.083,0.042,0.658,0.291,0.011,0.041
19,20735,843496,0.161,0.152,0,6,6,3,retired,income,low,none,2,2,2,4,3,0.49,0.388,0.381,moderate,0.559,0.294,0.098,0.049,0.524,0.285,0.116,0.075
30,20736,844030,0.179,0.301,10,17,13,5,employee,home_purchase,low,online,2,4,3,4,3,0.63,0.364,0.528,moderate,0.612,0.259,0.086,0.043,0.598,0.251,0.086,0.065
29,20746,844635,0.172,0.529,12,1,10,2,self-employed,income,low,books,2,3,2,4,4,0.57,0.231,0.465,moderate,0.591,0.273,0.091,0.045,0.627,0.231,0.102,0.04
29,20750,846897,0.187,0.105,6,1,5,4,employee,wealth_generation,low,online,1,3,4,1,3,0.48,0.442,0.474,moderate,0.55,0.3,0.1,0.05,0.627,0.274,0.067,0.033
21,20768,846949,0.089,0.262,1,8,10,3,self-employed,home_purchase,low,none,3,4,4,4,4,0.75,0.363,0.579,moderate,0.591,0.273,0.091,0.045,0.58,0.277,0.071,0.072
22,20773,847618,0.106,0.055,5,4,8,4,employee,income,low,books,3,5,2,1,1,0.54,0.476,0.44,moderate,0.575,0.283,0.094,0.047,0.597,0.328,0.056,0.019
33,20789,848638,0.141,0.194,17,5,4,1,retired,wealth_generation,medium,online,3,3,2,3,4,0.59,0.363,0.511,moderate,0.541,0.306,0.102,0.051,0.565,0.325,0.082,0.027
27,20806,851109,0.143,0.303,10,12,18,2,student,home_purchase,medium,books,3,4,2,2,4,0.61,0.34,0.475,moderate,0.625,0.25,0.083,0.042,0.655,0.282,0.062,0.001
31,20807,851542,0.212,0.405,15,3,11,2,self-employed,income,high,advisor,3,3,4,3,5,0.7,0.294,0.553,moderate,0.598,0.268,0.089,0.045,0.58,0.272,0.056,0.092
28,20855,851716,0.127,0.348,10,10,9,3,employee,retirement,low,online,2,2,1,4,2,0.42,0.331,0.405,moderate,0.583,0.278,0.093,0.046,0.596,0.289,0.091,0.023
28,20861,852750,0.079,0.246,10,7,11,2,retired,wealth_generation,medium,online,4,3,3,2,4,0.65,0.358,0.561,moderate,0.598,0.268,0.089,0.045,0.61,0.224,0.132,0.033
32,20861,853739,0.102,0.454,16,14,16,5,student,wealth_generation,low,none,3,3,4,3,2,0.61,0.263,0.483,moderate,0.625,0.25,0.083,0.042,0.586,0.219,0.099,0.096
25,20869,854856,0.093,0.187,3,17,2,2,employee,retirement,medium,online,4,4,3,4,4,0.76,0.394,0.603,moderate,0.521,0.319,0.106,0.053,0.512,0.315,0.153,0.02
28,20872,855783,0.201,0.359,6,6,12,4,employee,retirement,low,none,3,3,5,4,3,0.71,0.332,0.576,moderate,0.605,0.263,0.088,0.044,0.579,0.303,0.1,0.018
25,20891,856040,0.147,0.25,1,8,11,6,employee,wealth_generation,medium,advisor,4,2,2,2,3,0.53,0.386,0.442,moderate,0.598,0.268,0.089,0.045,0.642,0.231,0.127,0.0
25,20902,856252,0.196,0.445,5,10,21,4,employee,wealth_generation,medium,books,3,4,3,4,4,0.71,0.304,0.587,moderate,0.625,0.25,0.083,0.042,0.63,0.277,0.048,0.045
26,20902,856257,0.137,0.38,7,4,12,2,student,retirement,low,books,5,5,4,4,2,0.84,0.29,0.6,moderate,0.605,0.263,0.088,0.044,0.612,0.237,0.083,0.068
29,20905,856756,0.249,0.448,9,3,5,5,self-employed,wealth_generation,low,books,3,5,4,2,3,0.71,0.262,0.585,moderate,0.55,0.3,0.1,0.05,0.561,0.344,0.075,0.02
25,20912,857379,0.322,0.15,2,16,9,0,employee,education,low,online,2,2,3,4,2,0.5,0.432,0.465,moderate,0.583,0.278,0.093,0.046,0.607,0.282,0.083,0.028
34,20937,857932,0.187,0.322,11,6,14,2,employee,wealth_generation,low,books,2,2,3,1,3,0.44,0.356,0.421,moderate,0.619,0.254,0.085,0.042,0.599,0.226,0.101,0.075
23,20940,857934,0.239,0.352,4,0,2,3,employee,wealth_generation,low,online,3,1,2,3,3,0.46,0.314,0.405,moderate,0.521,0.319,0.106,0.053,0.518,0.275,0.122,0.085
27,20944,858293,0.155,0.353,4,12,20,2,employee,retirement,medium,online,3,3,1,4,3,0.55,0.353,0.417,moderate,0.625,0.25,0.083,0.042,0.677,0.261,0.033,0.029
25,20964,858641,0.272,0.26,6,8,3,4,employee,home_purchase,low,books,2,1,3,4,3,0.48,0.361,0.448,moderate,0.531,0.312,0.104,0.052,0.492,0.322,0.111,0.075
35,20965,859933,0.228,0.015,16,2,2,3,employee,wealth_generation,low,online,3,3,3,2,3,0.57,0.477,0.51,moderate,0.521,0.319,0.106,0.053,0.554,0.36,0.042,0.045
28,20970,860878,0.343,0.17,5,0,1,3,self-employed,income,medium,books,3,2,4,1,4,0.56,0.383,0.486,moderate,0.511,0.326,0.109,0.054,0.451,0.366,0.119,0.065
33,20971,861171,0.178,0.194,16,4,15,2,employee,retirement,medium,advisor,4,2,4,2,2,0.58,0.426,0.52,moderate,0.625,0.25,0.083,0.042,0.617,0.258,0.108,0.016
20,20972,863975,0.213,0.411,1,14,11,3,unemployed,retirement,low,online,2,3,2,2,3,0.48,0.268,0.364,moderate,0.598,0.268,0.089,0.045,0.6,0.309,0.059,0.033
29,20974,864116,0.161,0.404,13,15,4,2,student,retirement,low,online,3,4,4,4,3,0.72,0.263,0.519,moderate,0.541,0.306,0.102,0.051,0.488,0.299,0.119,0.094
32,20983,867273,0.104,0.093,16,4,19,2,employee,retirement,low,online,3,3,2,2,3,0.53,0.492,0.552,moderate,0.625,0.25,0.083,0.042,0.625,0.282,0.093,0.001
28,20984,867843,0.124,0.5,5,12,6,2,self-employed,wealth_generation,low,online,2,2,4,2,2,0.48,0.239,0.344,conservative,0.314,0.49,0.147,0.049,0.305,0.477,0.173,0.045
33,20987,868406,0.251,0.135,14,6,8,4,employee,retirement,medium,online,4,3,4,2,3,0.66,0.437,0.588,moderate,0.575,0.283,0.094,0.047,0.592,0.27,0.091,0.047
25,21007,868911,0.04,0.228,4,9,5,4,unemployed,retirement,low,advisor,4,2,5,3,4,0.71,0.336,0.549,moderate,0.55,0.3,0.1,0.05,0.548,0.266,0.164,0.022
35,21011,870411,0.171,0.15,15,5,22,2,self-employed,retirement,high,none,2,4,3,5,4,0.69,0.453,0.625,moderate,0.625,0.25,0.083,0.042,0.625,0.282,0.048,0.045
39,21017,870943,0.128,0.417,18,7,16,6,employee,education,low,none,4,2,3,3,3,0.6,0.31,0.505,moderate,0.625,0.25,0.083,0.042,0.582,0.26,0.085,0.073
26,21026,871533,0.131,0.357,7,4,16,2,employee,education,medium,books,3,2,3,3,2,0.52,0.342,0.428,moderate,0.625,0.25,0.083,0.042,0.643,0.254,0.09,0.013
25,21026,873773,0.247,0.206,6,1,2,4,retired,retirement,low,none,4,3,4,3,1,0.63,0.353,0.54,moderate,0.521,0.319,0.106,0.053,0.503,0.328,0.125,0.044
35,21037,877354,0.236,0.327,13,2,12,1,retired,income,low,friends,2,5,4,1,3,0.63,0.322,0.49,moderate,0.605,0.263,0.088,0.044,0.603,0.253,0.1,0.044
35,21050,877373,0.173,0.136,19,4,13,4,employee,retirement,low,online,2,1,5,3,3,0.53,0.451,0.55,moderate,0.612,0.259,0.086,0.043,0.604,0.23,0.081,0.085
25,21055,878007,0.107,0.217,1,17,9,3,employee,retirement,medium,advisor,2,2,1,4,1,0.39,0.399,0.397,moderate,0.583,0.278,0.093,0.046,0.57,0.239,0.117,0.075
25,21060,878687,0.148,0.215,7,17,8,3,retired,retirement,high,advisor,5,2,2,3,2,0.58,0.365,0.484,moderate,0.575,0.283,0.094,0.047,0.657,0.251,0.057,0.035
26,21084,879377,0.135,0.16,7,12,19,2,retired,retirement,medium,friends,3,2,3,2,4,0.55,0.422,0.486,moderate,0.625,0.25,0.083,0.042,0.615,0.224,0.101,0.06
21,21090,880225,0.124,0.428,0,3,2,3,retired,wealth_generation,low,books,4,3,4,3,3,0.69,0.255,0.505,moderate,0.521,0.319,0.106,0.053,0.563,0.295,0.085,0.058
23,21092,880422,0.06,0.326,3,6,14,5,retired,retirement,medium,online,3,2,2,3,4,0.54,0.327,0.446,moderate,0.619,0.254,0.085,0.042,0.577,0.309,0.074,0.04
22,21096,880600,0.161,0.177,3,6,9,5,employee,wealth_generation,medium,books,4,4,2,4,3,0.69,0.419,0.603,moderate,0.583,0.278,0.093,0.046,0.553,0.257,0.079,0.11
24,21102,881418,0.113,0.162,3,5,14,2,retired,retirement,medium,advisor,3,4,2,3,3,0.61,0.407,0.514,moderate,0.619,0.254,0.085,0.042,0.609,0.263,0.069,0.06
27,21103,884233,0.185,0.023,11,1,6,2,employee,retirement,low,books,4,2,3,3,2,0.57,0.487,0.512,moderate,0.559,0.294,0.098,0.049,0.534,0.287,0.107,0.072
29,21106,885404,0.117,0.203,13,7,7,0,retired,home_purchase,low,none,2,2,3,5,3,0.56,0.368,0.515,moderate,0.567,0.288,0.096,0.048,0.596,0.292,0.098,0.015
35,21109,885788,0.14,0.269,15,1,13,1,employee,retirement,low,books,3,3,3,3,4,0.63,0.382,0.572,moderate,0.612,0.259,0.086,0.043,0.618,0.267,0.116,0.0
23,21130,885821,0.038,0.177,3,11,27,1,self-employed,home_purchase,medium,online,3,3,3,2,4,0.6,0.453,0.518,moderate,0.625,0.25,0.083,0.042,0.605,0.216,0.102,0.078
32,21156,889903,0.346,0.335,8,9,26,2,employee,retirement,medium,online,3,4,3,4,3,0.68,0.377,0.55,moderate,0.625,0.25,0.083,0.042,0.582,0.273,0.102,0.043
26,21160,890721,0.155,0.227,10,5,7,5,retired,income,low,friends,2,4,2,4,4,0.62,0.357,0.552,moderate,0.567,0.288,0.096,0.048,0.583,0.337,0.08,0.0
27,21168,890724,0.021,0.192,9,8,4,3,employee,income,low,online,4,2,4,2,1,0.55,0.398,0.503,moderate,0.541,0.306,0.102,0.051,0.484,0.331,0.101,0.084
31,21172,891603,0.161,0.486,13,3,13,5,retired,home_purchase,high,none,4,3,4,3,3,0.69,0.248,0.561,moderate,0.612,0.259,0.086,0.043,0.655,0.265,0.068,0.011
22,21174,891937,0.242,0.17,3,4,10,4,employee,home_purchase,medium,online,4,3,3,3,3,0.65,0.425,0.581,moderate,0.591,0.273,0.091,0.045,0.642,0.268,0.062,0.028
29,21183,892114,0.212,0.222,7,4,17,4,employee,home_purchase,low,online,1,3,4,3,3,0.54,0.417,0.505,moderate,0.625,0.25,0.083,0.042,0.62,0.244,0.081,0.055
28,21184,898937,0.194,0.217,6,11,12,3,retired,wealth_generation,low,none,3,5,3,3,3,0.7,0.376,0.559,moderate,0.605,0.263,0.088,0.044,0.561,0.267,0.102,0.069
30,21192,899071,0.072,0.161,10,3,11,6,self-employed,home_purchase,high,advisor,2,3,3,1,2,0.46,0.416,0.413,moderate,0.598,0.268,0.089,0.045,0.644,0.25,0.089,0.017
29,21198,899703,0.185,0.151,5,7,14,3,unemployed,wealth_generation,low,advisor,4,3,1,5,2,0.6,0.396,0.482,moderate,0.619,0.254,0.085,0.042,0.645,0.211,0.095,0.049
40,21200,901925,0.21,0.186,18,3,4,3,employee,home_purchase,high,online,3,4,2,1,3,0.55,0.401,0.489,moderate,0.541,0.306,0.102,0.051,0.565,0.316,0.101,0.018
24,21203,903027,0.167,0.419,7,4,15,5,employee,income,low,books,4,3,3,2,2,0.59,0.308,0.519,moderate,0.625,0.25,0.083,0.042,0.649,0.238,0.07,0.043
25,21204,903071,0.251,0.365,7,3,11,1,unemployed,education,low,friends,3,4,3,4,5,0.74,0.29,0.528,moderate,0.598,0.268,0.089,0.045,0.592,0.244,0.116,0.048
24,21204,903213,0.108,0.327,2,8,18,4,retired,income,low,online,4,1,3,4,3,0.58,0.336,0.479,moderate,0.625,0.25,0.083,0.042,0.601,0.239,0.096,0.063
25,21207,903934,0.1,0.244,5,7,5,1,employee,wealth_generation,medium,online,1,2,1,3,2,0.34,0.375,0.304,conservative,0.3,0.5,0.15,0.05,0.286,0.501,0.134,0.078
24,21207,911313,0.241,0.262,2,10,8,5,employee,income,low,none,3,4,2,2,2,0.55,0.374,0.521,moderate,0.575,0.283,0.094,0.047,0.59,0.313,0.074,0.024
33,21219,913825,0.178,0.172,9,3,24,5,self-employed,retirement,low,none,4,4,3,3,2,0.67,0.447,0.557,moderate,0.625,0.25,0.083,0.042,0.623,0.293,0.074,0.011
35,21223,915616,0.002,0.073,11,0,12,3,retired,retirement,medium,advisor,3,2,3,3,2,0.52,0.445,0.558,moderate,0.605,0.263,0.088,0.044,0.585,0.232,0.123,0.06
25,21225,916696,0.124,0.197,7,9,22,4,employee,retirement,medium,advisor,3,4,5,4,5,0.82,0.444,0.684,aggressive,0.792,0.125,0.042,0.042,0.79,0.119,0.02,0.072
23,21267,917714,0.237,0.257,0,2,15,5,self-employed,retirement,medium,online,3,5,3,3,3,0.7,0.379,0.618,moderate,0.625,0.25,0.083,0.042,0.572,0.202,0.12,0.107
30,21268,919607,0.023,0.06,9,3,22,3,employee,home_purchase,low,online,3,3,2,4,2,0.56,0.521,0.492,moderate,0.625,0.25,0.083,0.042,0.594,0.246,0.13,0.031
25,21273,919862,0.004,0.082,6,4,8,6,employee,wealth_generation,low,advisor,4,4,4,2,2,0.68,0.465,0.52,moderate,0.575,0.283,0.094,0.047,0.608,0.265,0.109,0.018
31,21275,920521,0.109,0.171,12,10,4,3,employee,retirement,low,advisor,4,2,2,3,3,0.56,0.409,0.488,moderate,0.541,0.306,0.102,0.051,0.55,0.264,0.12,0.065
29,21288,922094,0.261,0.211,10,8,18,6,employee,home_purchase,low,books,3,4,4,3,3,0.69,0.426,0.586,moderate,0.625,0.25,0.083,0.042,0.575,0.306,0.083,0.036
20,21297,922129,0.255,0.221,0,3,18,4,employee,retirement,low,none,3,3,2,4,4,0.62,0.421,0.559,moderate,0.625,0.25,0.083,0.042,0.602,0.276,0.057,0.065
35,21339,922383,0.157,0.101,14,8,13,3,employee,retirement,medium,books,4,4,2,2,4,0.66,0.471,0.631,moderate,0.612,0.259,0.086,0.043,0.583,0.27,0.08,0.066
36,21350,922653,0.163,0.155,19,9,13,0,unemployed,wealth_generation,low,books,3,3,3,3,4,0.63,0.392,0.525,moderate,0.612,0.259,0.086,0.043,0.619,0.294,0.061,0.026
24,21360,924270,0.12,0.17,4,5,22,2,employee,retirement,low,online,3,1,4,4,2,0.54,0.46,0.495,moderate,0.625,0.25,0.083,0.042,0.61,0.239,0.09,0.061
26,21361,925508,0.1,0.068,6,3,5,5,employee,retirement,medium,online,2,4,4,1,3,0.58,0.463,0.526,moderate,0.55,0.3,0.1,0.05,0.535,0.285,0.067,0.112
29,21378,925607,0.223,0.196,8,9,13,3,employee,education,low,books,3,3,3,2,4,0.6,0.421,0.54,moderate,0.612,0.259,0.086,0.043,0.62,0.255,0.076,0.049
29,21409,925721,0.061,0.071,7,8,2,3,retired,wealth_generation,medium,advisor,2,4,4,2,2,0.58,0.415,0.477,moderate,0.521,0.319,0.106,0.053,0.497,0.319,0.085,0.099
31,21463,927169,0.151,0.336,8,1,5,3,self-employed,retirement,high,advisor,3,5,2,3,3,0.66,0.316,0.469,moderate,0.55,0.3,0.1,0.05,0.571,0.246,0.109,0.074
38,21464,927282,0.18,0.218,15,9,10,2,employee,wealth_generation,low,none,4,4,3,3,3,0.7,0.402,0.591,moderate,0.591,0.273,0.091,0.045,0.567,0.314,0.113,0.006
27,21481,927678,0.06,0.196,7,6,18,3,employee,wealth_generation,low,advisor,1,5,3,3,5,0.66,0.435,0.529,moderate,0.625,0.25,0.083,0.042,0.649,0.226,0.114,0.012
24,21500,928899,0.157,0.106,7,10,16,3,employee,retirement,low,books,2,5,4,3,4,0.72,0.478,0.657,aggressive,0.792,0.125,0.042,0.042,0.712,0.119,0.097,0.073
21,21522,930625,0.168,0.155,0,3,26,6,self-employed,retirement,high,none,2,1,2,4,2,0.41,0.463,0.365,moderate,0.625,0.25,0.083,0.042,0.681,0.244,0.075,0.0
24,21525,931946,0.204,0.158,3,4,2,3,employee,education,low,advisor,1,3,4,3,4,0.57,0.41,0.482,moderate,0.521,0.319,0.106,0.053,0.508,0.316,0.125,0.051
27,21528,935756,0.098,0.579,9,7,9,5,employee,retirement,low,books,4,4,3,2,4,0.7,0.215,0.465,moderate,0.583,0.278,0.093,0.046,0.577,0.242,0.099,0.083
36,21548,937387,0.111,0.401,17,6,5,4,employee,income,low,online,3,2,4,3,4,0.62,0.298,0.471,moderate,0.55,0.3,0.1,0.05,0.545,0.317,0.104,0.035
25,21551,939150,0.167,0.02,9,5,2,2,employee,retirement,low,friends,3,4,1,5,1,0.57,0.478,0.507,moderate,0.521,0.319,0.106,0.053,0.494,0.344,0.136,0.026
29,21578,940309,0.321,0.302,11,10,7,5,self-employed,wealth_generation,medium,online,2,3,2,3,2,0.48,0.338,0.457,moderate,0.567,0.288,0.096,0.048,0.577,0.314,0.1,0.01
27,21630,943183,0.094,0.168,8,7,7,1,employee,retirement,medium,advisor,2,3,3,4,3,0.58,0.42,0.6,moderate,0.567,0.288,0.096,0.048,0.526,0.297,0.149,0.028
33,21638,943898,0.327,0.093,16,9,10,3,unemployed,wealth_generation,medium,books,3,4,1,1,1,0.45,0.412,0.398,moderate,0.591,0.273,0.091,0.045,0.562,0.306,0.098,0.034
40,21654,944784,0.197,0.337,19,2,5,2,employee,retirement,low,friends,3,3,1,3,3,0.52,0.33,0.423,moderate,0.55,0.3,0.1,0.05,0.534,0.29,0.12,0.056
25,21655,945304,0.227,0.109,2,10,11,3,employee,retirement,medium,books,3,1,5,3,2,0.55,0.462,0.51,moderate,0.598,0.268,0.089,0.045,0.532,0.254,0.139,0.075
25,21660,945470,0.055,0.239,4,6,22,2,employee,home_purchase,medium,online,3,4,2,2,3,0.58,0.423,0.485,moderate,0.625,0.25,0.083,0.042,0.63,0.214,0.09,0.067
33,21664,945902,0.113,0.308,15,1,16,4,employee,wealth_generation,high,books,3,4,4,4,2,0.69,0.37,0.579,moderate,0.625,0.25,0.083,0.042,0.616,0.28,0.057,0.047
31,21665,948377,0.041,0.279,7,3,19,6,retired,retirement,medium,advisor,2,2,4,4,4,0.6,0.364,0.464,moderate,0.625,0.25,0.083,0.042,0.596,0.289,0.08,0.035
37,21673,948942,0.128,0.554,18,0,18,4,employee,income,low,none,4,2,3,2,4,0.6,0.242,0.475,moderate,0.625,0.25,0.083,0.042,0.589,0.274,0.096,0.041
30,21693,949688,0.317,0.374,9,6,9,2,employee,retirement,low,online,2,4,4,5,3,0.7,0.32,0.551,moderate,0.583,0.278,0.093,0.046,0.562,0.29,0.092,0.056
26,21695,950973,0.061,0.368,7,4,15,4,employee,retirement,low,advisor,3,3,3,3,4,0.63,0.336,0.535,moderate,0.625,0.25,0.083,0.042,0.685,0.211,0.104,0.0
30,21704,953996,0.165,0.207,11,19,16,6,employee,retirement,low,online,2,3,1,3,3,0.47,0.425,0.451,moderate,0.625,0.25,0.083,0.042,0.649,0.277,0.03,0.045
33,21719,955632,0.006,0.011,16,13,6,2,employee,income,medium,advisor,4,2,3,4,3,0.63,0.496,0.598,moderate,0.559,0.294,0.098,0.049,0.516,0.27,0.114,0.1
32,21737,956141,0.197,0.35,15,12,19,1,employee,wealth_generation,low,none,5,3,2,4,3,0.69,0.355,0.572,moderate,0.625,0.25,0.083,0.042,0.632,0.245,0.042,0.081
30,21737,956685,0.089,0.771,13,7,11,1,self-employed,home_purchase,low,books,3,3,3,3,2,0.57,0.114,0.382,moderate,0.598,0.268,0.089,0.045,0.681,0.249,0.063,0.008
33,21746,957330,0.069,0.225,16,11,2,3,retired,retirement,low,advisor,4,3,2,3,3,0.61,0.347,0.522,moderate,0.521,0.319,0.106,0.053,0.479,0.343,0.11,0.068
33,21762,958127,0.121,0.58,10,4,14,4,retired,retirement,medium,online,4,3,2,5,3,0.67,0.205,0.527,moderate,0.619,0.254,0.085,0.042,0.584,0.303,0.113,0.0
34,21784,960579,0.211,0.114,15,7,15,4,self-employed,wealth_generation,low,online,3,3,2,3,4,0.59,0.454,0.482,moderate,0.625,0.25,0.083,0.042,0.582,0.282,0.065,0.071
31,21787,960805,0.061,0.184,12,5,12,3,employee,retirement,low,online,4,3,3,4,3,0.68,0.426,0.517,moderate,0.605,0.263,0.088,0.044,0.646,0.264,0.089,0.0
27,21789,961091,0.097,0.129,9,3,6,4,employee,wealth_generation,low,advisor,4,3,2,2,4,0.61,0.437,0.58,moderate,0.559,0.294,0.098,0.049,0.651,0.295,0.049,0.005
28,21795,961730,0.009,0.25,8,1,11,4,self-employed,income,low,online,1,2,2,4,4,0.47,0.374,0.459,moderate,0.598,0.268,0.089,0.045,0.577,0.289,0.066,0.068
34,21795,963563,0.3,0.38,15,7,10,4,employee,income,low,books,2,5,4,3,4,0.72,0.319,0.603,moderate,0.591,0.273,0.091,0.045,0.549,0.268,0.13,0.053
23,21803,964091,0.171,0.201,1,2,26,2,self-employed,wealth_generation,low,books,2,3,3,2,2,0.49,0.439,0.466,moderate,0.625,0.25,0.083,0.042,0.685,0.246,0.015,0.055
29,21806,965716,0.199,0.452,7,10,18,2,self-employed,wealth_generation,low,none,2,3,3,3,1,0.49,0.286,0.461,moderate,0.625,0.25,0.083,0.042,0.648,0.231,0.054,0.068
26,21820,965785,0.183,0.275,5,14,17,2,self-employed,retirement,low,online,3,4,2,5,4,0.7,0.376,0.657,aggressive,0.792,0.125,0.042,0.042,0.827,0.131,0.008,0.033
28,21823,966607,0.074,0.247,6,2,6,5,employee,income,low,online,2,2,3,3,1,0.44,0.378,0.45,moderate,0.559,0.294,0.098,0.049,0.567,0.27,0.078,0.085
34,21829,967196,0.172,0.375,12,6,8,5,self-employed,wealth_generation,medium,online,2,2,5,3,2,0.55,0.305,0.47,moderate,0.575,0.283,0.094,0.047,0.636,0.27,0.045,0.049
28,21833,967729,0.07,0.091,5,10,9,2,employee,retirement,high,online,3,3,3,2,2,0.54,0.465,0.532,moderate,0.583,0.278,0.093,0.046,0.592,0.333,0.056,0.019
28,21835,968143,0.134,0.368,12,4,11,1,employee,home_purchase,low,online,3,2,2,2,2,0.45,0.328,0.406,moderate,0.598,0.268,0.089,0.045,0.581,0.286,0.057,0.076
21,21842,968624,0.167,0.162,3,14,2,5,student,wealth_generation,low,online,2,4,4,3,3,0.64,0.367,0.54,moderate,0.521,0.319,0.106,0.053,0.58,0.313,0.093,0.014
31,21843,969076,0.165,0.178,13,13,13,3,employee,wealth_generation,high,online,2,1,3,3,2,0.42,0.432,0.438,moderate,0.612,0.259,0.086,0.043,0.543,0.3,0.086,0.071
31,21845,969860,0.066,0.295,11,2,9,2,employee,home_purchase,low,none,2,2,3,3,4,0.53,0.361,0.53,moderate,0.583,0.278,0.093,0.046,0.553,0.287,0.066,0.095
38,21865,970051,0.028,0.448,16,0,12,1,employee,retirement,low,advisor,2,3,3,2,4,0.55,0.288,0.422,moderate,0.605,0.263,0.088,0.044,0.668,0.266,0.055,0.011
26,21866,970237,0.219,0.287,5,17,1,0,employee,wealth_generation,high,books,4,2,3,4,3,0.63,0.345,0.51,moderate,0.511,0.326,0.109,0.054,0.473,0.379,0.102,0.046
29,21868,971775,0.2,0.314,10,16,8,3,student,retirement,medium,books,3,3,4,3,3,0.64,0.315,0.51,moderate,0.575,0.283,0.094,0.047,0.588,0.287,0.049,0.076
29,21877,974012,0.052,0.37,8,6,17,2,student,retirement,low,friends,3,4,3,3,5,0.71,0.308,0.568,moderate,0.625,0.25,0.083,0.042,0.638,0.256,0.068,0.039
35,21916,974188,0.068,0.169,13,1,11,4,retired,retirement,low,none,3,3,4,3,2,0.61,0.398,0.533,moderate,0.598,0.268,0.089,0.045,0.596,0.265,0.079,0.06
27,21918,975844,0.251,0.396,8,8,17,7,retired,wealth_generation,medium,books,3,2,5,3,2,0.6,0.301,0.442,moderate,0.625,0.25,0.083,0.042,0.584,0.232,0.117,0.067
29,21919,976339,0.211,0.23,6,4,15,2,employee,retirement,low,none,3,4,2,5,2,0.64,0.41,0.55,moderate,0.625,0.25,0.083,0.042,0.671,0.23,0.049,0.051
31,21945,977636,0.364,0.132,11,15,19,2,retired,education,medium,none,4,3,2,4,3,0.64,0.44,0.557,moderate,0.625,0.25,0.083,0.042,0.67,0.231,0.098,0.0
28,21949,980054,0.103,0.205,10,11,1,2,employee,education,low,online,5,2,4,3,3,0.69,0.386,0.568,moderate,0.511,0.326,0.109,0.054,0.507,0.291,0.123,0.079
25,21973,985287,0.151,0.164,8,9,7,3,employee,education,medium,online,4,1,3,4,3,0.58,0.423,0.542,moderate,0.567,0.288,0.096,0.048,0.589,0.228,0.168,0.015
28,21984,985596,0.098,0.156,12,4,12,4,self-employed,retirement,low,books,3,2,4,5,4,0.68,0.424,0.614,moderate,0.605,0.263,0.088,0.044,0.58,0.228,0.121,0.071
33,21995,988325,0.177,0.179,14,9,23,2,employee,wealth_generation,low,books,4,4,3,3,4,0.73,0.46,0.597,moderate,0.625,0.25,0.083,0.042,0.598,0.263,0.089,0.049
22,22007,988444,0.064,0.134,5,4,15,1,employee,wealth_generation,medium,books,1,4,4,3,4,0.62,0.461,0.614,moderate,0.625,0.25,0.083,0.042,0.625,0.243,0.066,0.066
28,22009,988836,0.068,0.322,10,1,11,4,employee,retirement,low,online,2,3,3,3,3,0.55,0.352,0.426,moderate,0.598,0.268,0.089,0.045,0.61,0.27,0.094,0.026
24,22011,989968,0.048,0.288,8,7,4,5,employee,retirement,low,online,1,2,5,4,1,0.5,0.353,0.42,moderate,0.541,0.306,0.102,0.051,0.53,0.304,0.115,0.051
33,22019,990521,0.193,0.314,12,6,11,2,retired,education,low,none,4,2,4,4,3,0.67,0.329,0.527,moderate,0.598,0.268,0.089,0.045,0.64,0.255,0.06,0.045
20,22019,990984,0.152,0.202,1,10,10,1,self-employed,wealth_generation,low,online,2,2,4,2,2,0.48,0.396,0.467,moderate,0.591,0.273,0.091,0.045,0.644,0.239,0.113,0.004
25,22030,991426,0.176,0.366,5,12,17,3,employee,retirement,low,online,4,2,4,2,1,0.55,0.342,0.415,moderate,0.625,0.25,0.083,0.042,0.635,0.225,0.079,0.061
29,22033,991591,0.245,0.108,6,5,10,2,self-employed,wealth_generation,low,books,2,3,4,3,3,0.59,0.443,0.598,moderate,0.591,0.273,0.091,0.045,0.556,0.262,0.088,0.095
35,22047,991778,0.204,0.285,16,6,8,3,retired,wealth_generation,low,none,3,5,3,3,5,0.76,0.336,0.536,moderate,0.575,0.283,0.094,0.047,0.577,0.299,0.102,0.022
27,22052,993335,0.146,0.176,6,6,4,5,employee,education,medium,none,3,1,2,4,1,0.43,0.409,0.468,moderate,0.541,0.306,0.102,0.051,0.544,0.282,0.122,0.052
25,22056,996235,0.323,0.269,7,4,2,2,self-employed,retirement,medium,books,3,2,4,3,1,0.53,0.343,0.443,moderate,0.521,0.319,0.106,0.053,0.508,0.369,0.051,0.071
37,22061,996294,0.145,0.195,14,10,10,5,employee,retirement,low,online,4,4,2,2,4,0.66,0.416,0.565,moderate,0.591,0.273,0.091,0.045,0.626,0.226,0.089,0.059
20,22066,996732,0.063,0.377,2,7,9,4,self-employed,education,medium,advisor,4,5,4,5,3,0.85,0.307,0.566,moderate,0.583,0.278,0.093,0.046,0.528,0.279,0.128,0.065
18,22076,997190,0.346,0.439,0,14,12,2,retired,wealth_generation,low,advisor,3,2,2,3,2,0.48,0.271,0.419,moderate,0.605,0.263,0.088,0.044,0.679,0.238,0.083,0.0
30,22102,997450,0.02,0.353,8,9,15,3,employee,home_purchase,medium,online,1,2,4,3,3,0.49,0.345,0.427,moderate,0.625,0.25,0.083,0.042,0.615,0.267,0.092,0.025
25,22104,999902,0.163,0.132,7,3,2,4,self-employed,wealth_generation,low,advisor,2,3,5,4,3,0.66,0.407,0.594,moderate,0.521,0.319,0.106,0.053,0.526,0.264,0.109,0.101
22,22112,1000384,0.115,0.175,4,2,11,2,employee,wealth_generation,high,online,2,5,4,2,1,0.6,0.429,0.49,moderate,0.598,0.268,0.089,0.045,0.573,0.277,0.135,0.015
31,22120,1001104,0.154,0.464,8,5,19,1,student,wealth_generation,high,advisor,2,3,4,4,3,0.62,0.266,0.521,moderate,0.625,0.25,0.083,0.042,0.555,0.256,0.145,0.044
29,22125,1001136,0.165,0.236,11,5,11,3,retired,wealth_generation,low,books,3,5,3,3,2,0.67,0.366,0.497,moderate,0.598,0.268,0.089,0.045,0.623,0.238,0.103,0.036
25,22131,1001797,0.099,0.488,8,5,12,4,employee,wealth_generation,low,online,5,4,2,2,1,0.62,0.268,0.487,moderate,0.605,0.263,0.088,0.044,0.582,0.263,0.077,0.078
21,22134,1004057,0.164,0.22,1,3,11,3,employee,wealth_generation,low,advisor,3,2,2,4,4,0.57,0.405,0.46,moderate,0.598,0.268,0.089,0.045,0.614,0.246,0.052,0.088
32,22151,1004252,0.207,0.503,10,18,9,1,unemployed,retirement,medium,friends,4,2,2,2,5,0.59,0.225,0.503,moderate,0.583,0.278,0.093,0.046,0.621,0.288,0.054,0.038
31,22160,1004561,0.105,0.471,8,2,4,6,retired,retirement,low,none,3,5,4,3,4,0.77,0.242,0.587,moderate,0.541,0.306,0.102,0.051,0.552,0.276,0.157,0.015
27,22165,1005482,0.13,0.319,11,9,4,4,retired,retirement,medium,books,1,1,3,3,5,0.46,0.311,0.448,moderate,0.541,0.306,0.102,0.051,0.528,0.326,0.146,0.0
37,22170,1005981,0.106,0.012,20,0,5,4,retired,retirement,medium,online,2,3,4,3,4,0.62,0.454,0.546,moderate,0.55,0.3,0.1,0.05,0.579,0.24,0.154,0.027
22,22178,1008854,0.225,0.223,0,5,17,4,employee,wealth_generation,low,friends,2,4,4,4,2,0.64,0.42,0.543,moderate,0.625,0.25,0.083,0.042,0.706,0.208,0.054,0.032
20,22181,1009261,0.2,0.456,0,4,7,3,unemployed,education,medium,online,2,2,2,2,3,0.43,0.243,0.354,moderate,0.567,0.288,0.096,0.048,0.613,0.306,0.081,0.0
24,22192,1009552,0.242,0.434,6,5,24,7,retired,wealth_generation,medium,advisor,2,3,2,3,3,0.51,0.296,0.42,moderate,0.625,0.25,0.083,0.042,0.61,0.241,0.068,0.081
27,22193,1009990,0.081,0.137,4,7,18,1,employee,wealth_generation,medium,advisor,3,3,3,2,2,0.54,0.469,0.5,moderate,0.625,0.25,0.083,0.042,0.578,0.275,0.092,0.055
29,22213,1012814,0.048,0.223,11,8,15,4,retired,retirement,low,online,4,4,2,3,1,0.6,0.384,0.507,moderate,0.625,0.25,0.083,0.042,0.626,0.251,0.069,0.054
26,22214,1013603,0.066,0.401,7,8,16,3,self-employed,income,low,advisor,3,2,3,4,1,0.52,0.31,0.471,moderate,0.625,0.25,0.083,0.042,0.638,0.26,0.038,0.065
29,22215,1013704,0.079,0.287,12,8,2,5,employee,education,low,friends,2,2,1,4,3,0.45,0.349,0.439,moderate,0.521,0.319,0.106,0.053,0.535,0.339,0.095,0.03
21,22225,1014949,0.16,0.408,0,12,13,4,self-employed,wealth_generation,low,books,5,2,1,4,3,0.6,0.3,0.445,moderate,0.612,0.259,0.086,0.043,0.62,0.291,0.043,0.045
35,22240,1015694,0.303,0.396,15,13,23,3,employee,retirement,low,books,3,4,3,4,2,0.65,0.339,0.547,moderate,0.625,0.25,0.083,0.042,0.602,0.221,0.124,0.053
27,22249,1017527,0.125,0.453,7,10,2,6,retired,home_purchase,high,online,2,3,4,3,3,0.59,0.246,0.41,moderate,0.521,0.319,0.106,0.053,0.498,0.345,0.09,0.067
33,22251,1017528,0.29,0.1,14,1,8,6,retired,retirement,low,online,1,1,1,3,2,0.29,0.423,0.388,moderate,0.575,0.283,0.094,0.047,0.558,0.288,0.115,0.039
29,22253,1017981,0.03,0.116,9,16,3,1,retired,wealth_generation,low,online,5,3,3,2,2,0.64,0.401,0.516,moderate,0.531,0.312,0.104,0.052,0.513,0.345,0.076,0.066
30,22260,1018978,0.268,0.079,14,15,13,2,employee,retirement,medium,advisor,5,5,3,1,3,0.74,0.486,0.662,aggressive,0.784,0.129,0.043,0.043,0.766,0.131,0.096,0.006
30,22272,1019455,0.084,0.481,9,9,4,4,self-employed,home_purchase,low,advisor,3,3,1,5,2,0.55,0.247,0.448,moderate,0.541,0.306,0.102,0.051,0.505,0.354,0.111,0.03
30,22307,1021057,0.26,0.25,11,7,11,6,employee,wealth_generation,low,advisor,2,3,4,4,2,0.59,0.39,0.501,moderate,0.598,0.268,0.089,0.045,0.581,0.256,0.079,0.083
31,22308,1021380,0.04,0.065,12,4,16,3,student,retirement,medium,books,2,1,3,3,4,0.48,0.456,0.459,moderate,0.625,0.25,0.083,0.042,0.644,0.262,0.055,0.038
34,22311,1021462,0.281,0.194,14,10,5,0,self-employed,retirement,high,advisor,2,4,4,2,3,0.61,0.387,0.514,moderate,0.55,0.3,0.1,0.05,0.529,0.309,0.095,0.067
28,22332,1023342,0.09,0.205,12,13,16,4,employee,retirement,low,online,4,2,3,3,3,0.6,0.427,0.546,moderate,0.625,0.25,0.083,0.042,0.687,0.222,0.091,0.0
31,22334,1023475,0.113,0.387,12,9,3,2,employee,wealth_generation,low,online,4,4,3,3,2,0.67,0.303,0.548,moderate,0.531,0.312,0.104,0.052,0.522,0.323,0.092,0.063
27,22335,1026950,0.151,0.35,9,8,5,3,self-employed,education,low,none,3,2,5,4,4,0.69,0.312,0.605,moderate,0.55,0.3,0.1,0.05,0.547,0.31,0.062,0.081
35,22357,1027799,0.13,0.33,15,3,7,3,employee,retirement,low,online,3,3,1,2,2,0.46,0.339,0.464,moderate,0.567,0.288,0.096,0.048,0.637,0.273,0.078,0.012
24,22364,1028877,0.187,0.027,4,5,17,3,employee,retirement,medium,advisor,3,3,4,2,4,0.64,0.526,0.612,moderate,0.625,0.25,0.083,0.042,0.699,0.258,0.043,0.0
37,22381,1029785,0.308,0.456,14,10,19,6,unemployed,wealth_generation,low,books,2,3,4,4,2,0.59,0.265,0.468,moderate,0.625,0.25,0.083,0.042,0.607,0.285,0.085,0.023
27,22386,1034872,0.174,0.15,11,0,6,3,self-employed,retirement,low,books,4,3,1,2,3,0.54,0.411,0.472,moderate,0.559,0.294,0.098,0.049,0.575,0.279,0.098,0.047
20,22411,1036870,0.199,0.306,2,8,4,0,employee,education,high,books,2,4,3,3,3,0.6,0.345,0.517,moderate,0.541,0.306,0.102,0.051,0.553,0.293,0.142,0.012
28,22412,1040444,0.054,0.063,8,10,19,4,retired,retirement,low,advisor,4,5,4,5,4,0.88,0.476,0.76,aggressive,0.792,0.125,0.042,0.042,0.8,0.145,0.028,0.026
24,22422,1041994,0.178,0.078,6,5,14,2,employee,education,low,none,3,3,1,3,3,0.52,0.49,0.543,moderate,0.619,0.254,0.085,0.042,0.699,0.25,0.025,0.026
32,22432,1042886,0.144,0.013,11,1,5,5,self-employed,retirement,low,online,3,3,3,2,1,0.51,0.475,0.504,moderate,0.55,0.3,0.1,0.05,0.541,0.324,0.103,0.032
24,22433,1043025,0.248,0.283,6,11,12,3,retired,wealth_generation,low,advisor,2,5,2,2,3,0.58,0.347,0.469,moderate,0.605,0.263,0.088,0.044,0.578,0.29,0.062,0.071
25,22453,1043750,0.131,0.307,4,2,20,4,employee,wealth_generation,low,online,1,2,4,3,5,0.55,0.382,0.487,moderate,0.625,0.25,0.083,0.042,0.645,0.251,0.07,0.035
18,22468,1044265,0.189,0.054,0,5,3,6,employee,retirement,low,none,1,3,3,3,2,0.47,0.467,0.491,moderate,0.531,0.312,0.104,0.052,0.523,0.285,0.166,0.027
25,22490,1044957,0.096,0.182,6,9,3,3,employee,retirement,low,online,2,4,3,2,5,0.63,0.404,0.575,moderate,0.531,0.312,0.104,0.052,0.549,0.339,0.055,0.058
18,22496,1045146,0.104,0.411,0,11,7,8,unemployed,income,low,online,3,4,4,3,2,0.66,0.264,0.509,moderate,0.567,0.288,0.096,0.048,0.556,0.278,0.126,0.041
20,22513,1046924,0.129,0.091,0,12,14,1,employee,retirement,low,books,3,2,3,3,4,0.58,0.483,0.57,moderate,0.619,0.254,0.085,0.042,0.689,0.225,0.052,0.034
31,22520,1049771,0.114,0.151,12,7,5,4,employee,retirement,medium,books,2,4,4,3,4,0.67,0.425,0.604,moderate,0.55,0.3,0.1,0.05,0.578,0.3,0.034,0.088
31,22530,1051485,0.103,0.232,13,6,18,0,employee,retirement,medium,books,3,4,4,3,2,0.66,0.419,0.555,moderate,0.625,0.25,0.083,0.042,0.624,0.26,0.059,0.057
30,22530,1053059,0.037,0.405,10,12,16,2,employee,wealth_generation,low,online,2,3,4,4,4,0.65,0.32,0.501,moderate,0.625,0.25,0.083,0.042,0.636,0.246,0.077,0.041
23,22543,1056697,0.23,0.167,3,7,12,4,student,retirement,medium,books,4,3,5,3,3,0.73,0.395,0.647,moderate,0.605,0.263,0.088,0.044,0.642,0.229,0.084,0.045
27,22574,1056957,0.044,0.667,5,8,4,1,retired,retirement,medium,online,3,3,2,3,3,0.56,0.153,0.418,moderate,0.541,0.306,0.102,0.051,0.593,0.305,0.045,0.057
27,22576,1057228,0.248,0.207,11,6,29,1,employee,wealth_generation,high,advisor,3,4,3,4,2,0.65,0.462,0.592,moderate,0.625,0.25,0.083,0.042,0.673,0.254,0.047,0.026
22,22579,1058156,0.068,0.218,0,5,11,2,employee,retirement,medium,online,4,3,3,3,3,0.65,0.408,0.537,moderate,0.598,0.268,0.089,0.045,0.552,0.295,0.08,0.073
35,22589,1058205,0.045,0.103,18,6,10,4,employee,wealth_generation,medium,books,3,2,3,3,3,0.55,0.465,0.454,moderate,0.591,0.273,0.091,0.045,0.596,0.275,0.061,0.069
32,22612,1059122,0.165,0.327,8,5,31,0,employee,home_purchase,medium,none,2,2,3,3,3,0.5,0.397,0.473,moderate,0.625,0.25,0.083,0.042,0.599,0.279,0.083,0.038
26,22616,1059694,0.154,0.162,2,5,19,3,employee,wealth_generation,low,online,1,3,4,2,3,0.51,0.46,0.504,moderate,0.625,0.25,0.083,0.042,0.634,0.248,0.073,0.045
28,22619,1060403,0.151,0.306,10,20,11,4,self-employed,wealth_generation,medium,online,2,1,3,3,3,0.45,0.348,0.43,moderate,0.598,0.268,0.089,0.045,0.608,0.212,0.088,0.092
29,22620,1062253,0.168,0.154,7,5,10,3,retired,education,low,books,4,3,2,2,2,0.55,0.405,0.492,moderate,0.591,0.273,0.091,0.045,0.59,0.276,0.124,0.01
18,22622,1063258,0.11,0.219,0,4,4,1,employee,wealth_generation,medium,books,3,3,4,1,4,0.61,0.389,0.505,moderate,0.541,0.306,0.102,0.051,0.564,0.331,0.106,0.0
26,22634,1067118,0.186,0.414,3,5,22,4,employee,retirement,medium,online,3,3,2,1,4,0.53,0.327,0.457,moderate,0.625,0.25,0.083,0.042,0.608,0.278,0.072,0.042
24,22657,1067427,0.154,0.352,1,8,19,4,employee,retirement,low,books,3,3,3,4,2,0.6,0.356,0.54,moderate,0.625,0.25,0.083,0.042,0.643,0.244,0.085,0.028
22,22661,1068516,0.12,0.121,4,14,8,3,retired,home_purchase,low,friends,3,3,3,4,2,0.6,0.415,0.542,moderate,0.575,0.283,0.094,0.047,0.598,0.301,0.077,0.024
26,22674,1068950,0.227,0.298,6,11,16,4,self-employed,home_purchase,low,online,1,2,4,3,1,0.43,0.364,0.363,moderate,0.625,0.25,0.083,0.042,0.637,0.251,0.064,0.048
36,22690,1069407,0.2,0.306,14,12,17,2,student,education,low,books,3,3,4,4,5,0.73,0.341,0.569,moderate,0.625,0.25,0.083,0.042,0.676,0.235,0.065,0.024
31,22697,1071022,0.132,0.084,15,12,6,4,self-employed,wealth_generation,low,online,2,1,4,4,2,0.49,0.444,0.452,moderate,0.559,0.294,0.098,0.049,0.613,0.284,0.058,0.045
25,22704,1072747,0.234,0.247,7,14,13,1,retired,wealth_generation,low,friends,2,3,5,2,3,0.6,0.368,0.555,moderate,0.612,0.259,0.086,0.043,0.602,0.25,0.081,0.067
30,22706,1073200,0.264,0.17,14,3,7,3,retired,wealth_generation,medium,friends,1,3,3,4,2,0.5,0.389,0.449,moderate,0.567,0.288,0.096,0.048,0.552,0.262,0.091,0.094
34,22710,1073617,0.16,0.247,17,6,17,1,employee,wealth_generation,low,advisor,4,2,3,5,5,0.72,0.408,0.64,moderate,0.625,0.25,0.083,0.042,0.643,0.247,0.045,0.065
32,22711,1074749,0.093,0.37,10,5,5,5,retired,wealth_generation,low,online,5,3,3,3,3,0.7,0.291,0.543,moderate,0.55,0.3,0.1,0.05,0.583,0.323,0.08,0.013
28,22726,1076027,0.262,0.123,6,5,14,3,employee,wealth_generation,low,online,3,2,2,2,4,0.51,0.467,0.48,moderate,0.619,0.254,0.085,0.042,0.657,0.255,0.037,0.051
24,22733,1077182,0.087,0.104,6,9,8,7,retired,retirement,low,friends,4,5,3,2,3,0.72,0.423,0.572,moderate,0.575,0.283,0.094,0.047,0.553,0.271,0.117,0.058
31,22734,1078054,0.036,0.173,10,5,2,6,retired,wealth_generation,low,online,3,5,4,2,3,0.71,0.373,0.565,moderate,0.521,0.319,0.106,0.053,0.5,0.29,0.139,0.071
29,22739,1080400,0.119,0.504,8,8,4,9,self-employed,wealth_generation,medium,online,2,4,2,2,1,0.47,0.237,0.377,moderate,0.541,0.306,0.102,0.051,0.523,0.267,0.127,0.083
32,22741,1080504,0.2,0.356,15,5,14,1,self-employed,retirement,low,online,4,4,2,3,3,0.66,0.33,0.494,moderate,0.619,0.254,0.085,0.042,0.629,0.233,0.089,0.05
31,22743,1082647,0.266,0.024,7,4,7,4,employee,retirement,low,online,3,2,2,4,1,0.48,0.496,0.506,moderate,0.567,0.288,0.096,0.048,0.525,0.324,0.114,0.036
33,22746,1083579,0.18,0.223,10,5,14,3,employee,education,low,online,4,3,5,3,3,0.73,0.413,0.578,moderate,0.619,0.254,0.085,0.042,0.632,0.234,0.11,0.023
25,22757,1083828,0.284,0.168,8,11,10,3,employee,retirement,low,none,2,3,2,2,2,0.45,0.432,0.399,moderate,0.591,0.273,0.091,0.045,0.571,0.255,0.094,0.08
34,22765,1083833,0.056,0.31,15,8,15,2,employee,income,medium,online,2,2,3,3,4,0.53,0.37,0.426,moderate,0.625,0.25,0.083,0.042,0.623,0.256,0.065,0.055
28,22785,1083839,0.042,0.244,4,17,11,1,retired,wealth_generation,high,advisor,3,2,1,2,4,0.47,0.364,0.413,moderate,0.598,0.268,0.089,0.045,0.602,0.231,0.085,0.082
38,22797,1084989,0.174,0.524,19,12,8,4,employee,wealth_generation,low,none,4,4,4,4,3,0.77,0.244,0.576,moderate,0.575,0.283,0.094,0.047,0.559,0.299,0.093,0.049
24,22798,1087217,0.297,0.152,2,6,5,7,self-employed,wealth_generation,medium,none,5,3,5,2,2,0.72,0.409,0.645,moderate,0.55,0.3,0.1,0.05,0.55,0.312,0.07,0.068
36,22803,1087363,0.154,0.291,16,3,9,3,student,wealth_generation,low,online,3,3,3,4,3,0.63,0.33,0.503,moderate,0.583,0.278,0.093,0.046,0.566,0.281,0.099,0.054
28,22809,1087924,0.038,0.335,7,9,14,2,employee,home_purchase,low,books,2,3,4,3,1,0.53,0.354,0.47,moderate,0.619,0.254,0.085,0.042,0.659,0.233,0.074,0.034
24,22831,1089238,0.095,0.395,8,10,16,6,student,retirement,low,online,5,3,4,4,4,0.8,0.296,0.596,moderate,0.625,0.25,0.083,0.042,0.613,0.25,0.125,0.011
25,22838,1090435,0.1,0.226,6,6,5,3,self-employed,retirement,medium,books,2,2,5,2,3,0.55,0.373,0.415,moderate,0.55,0.3,0.1,0.05,0.583,0.288,0.084,0.045
26,22848,1090888,0.121,0.329,6,3,14,6,employee,retirement,low,books,5,3,3,4,3,0.73,0.357,0.592,moderate,0.619,0.254,0.085,0.042,0.615,0.236,0.068,0.082
30,22856,1091036,0.034,0.187,9,7,5,5,retired,retirement,low,advisor,3,3,2,3,4,0.59,0.376,0.504,moderate,0.55,0.3,0.1,0.05,0.588,0.274,0.039,0.099
30,22861,1096556,0.256,0.236,9,4,6,3,self-employed,income,low,advisor,3,3,2,5,3,0.62,0.371,0.473,moderate,0.559,0.294,0.098,0.049,0.566,0.289,0.099,0.047
25,22869,1096589,0.156,0.443,5,15,12,4,employee,retirement,high,online,3,4,3,4,1,0.62,0.293,0.54,moderate,0.605,0.263,0.088,0.044,0.569,0.252,0.111,0.068
27,22873,1097597,0.188,0.5,9,8,8,4,student,retirement,medium,books,2,2,1,2,3,0.39,0.231,0.344,conservative,0.34,0.472,0.142,0.047,0.327,0.453,0.158,0.061
38,22885,1099189,0.045,0.343,21,4,14,4,self-employed,education,low,books,2,2,3,3,3,0.5,0.337,0.385,moderate,0.619,0.254,0.085,0.042,0.637,0.176,0.109,0.078
36,22898,1099461,0.039,0.214,14,3,24,1,employee,retirement,medium,online,2,3,2,3,2,0.48,0.446,0.482,moderate,0.625,0.25,0.083,0.042,0.608,0.213,0.11,0.069
30,22900,1099467,0.17,0.392,14,10,5,4,retired,home_purchase,low,advisor,3,2,2,4,4,0.57,0.281,0.545,moderate,0.55,0.3,0.1,0.05,0.532,0.319,0.088,0.061
28,22902,1100824,0.248,0.031,8,9,13,0,employee,retirement,low,books,3,3,3,4,3,0.63,0.513,0.583,moderate,0.612,0.259,0.086,0.043,0.64,0.267,0.066,0.026
28,22912,1101651,0.159,0.092,9,8,22,4,employee,retirement,medium,advisor,3,4,2,3,2,0.58,0.509,0.572,moderate,0.625,0.25,0.083,0.042,0.633,0.267,0.065,0.036
31,22912,1101969,0.245,0.319,9,8,5,3,employee,wealth_generation,low,online,4,4,2,2,3,0.63,0.342,0.498,moderate,0.55,0.3,0.1,0.05,0.522,0.295,0.12,0.063
22,22916,1102694,0.222,0.182,5,8,9,2,self-employed,wealth_generation,low,books,5,4,3,2,2,0.69,0.406,0.563,moderate,0.583,0.278,0.093,0.046,0.587,0.249,0.093,0.07
26,22917,1102835,0.049,0.502,3,5,4,5,employee,retirement,low,none,4,4,2,3,3,0.66,0.248,0.542,moderate,0.541,0.306,0.102,0.051,0.568,0.234,0.112,0.085
19,22928,1103392,0.09,0.236,0,15,14,3,employee,education,medium,online,5,3,2,2,2,0.6,0.407,0.542,moderate,0.619,0.254,0.085,0.042,0.531,0.281,0.143,0.046
29,22931,1104195,0.185,0.234,13,6,14,3,employee,retirement,low,online,4,4,3,1,2,0.61,0.409,0.561,moderate,0.619,0.254,0.085,0.042,0.601,0.213,0.138,0.048
31,22933,1104253,0.142,0.326,11,0,14,0,self-employed,retirement,medium,advisor,3,3,3,2,3,0.57,0.346,0.473,moderate,0.619,0.254,0.085,0.042,0.596,0.311,0.063,0.03
25,22941,1104968,0.111,0.365,6,5,12,3,self-employed,wealth_generation,low,online,2,3,2,4,3,0.54,0.321,0.466,moderate,0.605,0.263,0.088,0.044,0.594,0.256,0.095,0.055
35,22950,1105546,0.137,0.25,15,2,16,1,employee,home_purchase,medium,books,3,4,3,2,4,0.65,0.405,0.55,moderate,0.625,0.25,0.083,0.042,0.652,0.205,0.097,0.046
21,22951,1106666,0.142,0.15,0,5,2,2,employee,retirement,medium,online,3,3,2,4,4,0.62,0.419,0.558,moderate,0.521,0.319,0.106,0.053,0.548,0.3,0.126,0.026
20,22952,1107453,0.259,0.368,2,8,24,2,retired,home_purchase,low,books,2,4,3,2,3,0.57,0.333,0.472,moderate,0.625,0.25,0.083,0.042,0.611,0.26,0.108,0.021
29,22960,1107896,0.06,0.193,13,0,6,1,employee,education,low,advisor,2,4,2,5,3,0.62,0.408,0.589,moderate,0.559,0.294,0.098,0.049,0.525,0.306,0.14,0.029
33,23004,1110763,0.108,0.131,15,13,4,3,employee,retirement,medium,books,1,1,3,4,4,0.46,0.434,0.442,moderate,0.541,0.306,0.102,0.051,0.561,0.29,0.091,0.058
36,23028,1118876,0.16,0.307,17,8,23,3,retired,wealth_generation,low,books,3,2,3,3,4,0.58,0.363,0.506,moderate,0.625,0.25,0.083,0.042,0.595,0.251,0.084,0.07
25,23058,1119306,0.194,0.084,8,4,18,4,retired,income,low,online,4,4,4,4,1,0.71,0.465,0.558,moderate,0.625,0.25,0.083,0.042,0.608,0.263,0.083,0.046
33,23065,1122535,0.179,0.538,17,4,17,3,employee,retirement,low,books,2,2,2,3,2,0.43,0.251,0.394,moderate,0.625,0.25,0.083,0.042,0.661,0.23,0.085,0.024
27,23073,1123241,0.277,0.308,11,6,4,5,retired,retirement,low,books,2,3,1,3,4,0.5,0.318,0.392,moderate,0.541,0.306,0.102,0.051,0.525,0.324,0.119,0.033
27,23074,1126425,0.218,0.582,4,3,18,0,employee,education,low,online,2,4,2,3,2,0.53,0.229,0.39,moderate,0.625,0.25,0.083,0.042,0.587,0.215,0.1,0.098
32,23083,1126473,0.164,0.2,13,0,13,4,employee,wealth_generation,low,online,3,3,3,2,4,0.6,0.424,0.492,moderate,0.612,0.259,0.086,0.043,0.629,0.256,0.066,0.049
31,23096,1128051,0.093,0.538,14,0,16,5,employee,retirement,medium,advisor,4,3,3,3,2,0.62,0.25,0.429,moderate,0.625,0.25,0.083,0.042,0.619,0.252,0.059,0.07
20,23105,1131824,0.143,0.116,2,5,27,0,employee,retirement,high,friends,3,4,5,4,2,0.73,0.511,0.671,aggressive,0.792,0.125,0.042,0.042,0.833,0.133,0.0,0.034
35,23109,1132005,0.193,0.046,12,2,6,3,self-employed,education,low,books,3,3,4,2,4,0.64,0.464,0.546,moderate,0.559,0.294,0.098,0.049,0.606,0.295,0.099,0.0
34,23121,1133031,0.231,0.038,13,0,11,4,student,wealth_generation,low,online,2,3,2,1,2,0.42,0.455,0.39,moderate,0.598,0.268,0.089,0.045,0.601,0.232,0.12,0.047
24,23128,1133802,0.291,0.246,1,12,16,2,employee,retirement,low,books,3,4,2,2,2,0.55,0.407,0.447,moderate,0.625,0.25,0.083,0.042,0.569,0.291,0.1,0.04
29,23140,1133859,0.174,0.079,9,4,10,2,employee,income,low,books,4,3,3,3,1,0.59,0.479,0.579,moderate,0.591,0.273,0.091,0.045,0.602,0.269,0.08,0.048
30,23150,1133998,0.158,0.263,12,7,3,5,self-employed,wealth_generation,low,none,2,2,4,1,4,0.51,0.351,0.436,moderate,0.531,0.312,0.104,0.052,0.546,0.295,0.13,0.029
29,23159,1134315,0.016,0.196,8,3,4,3,employee,wealth_generation,low,none,3,1,3,4,2,0.5,0.402,0.459,moderate,0.541,0.306,0.102,0.051,0.494,0.308,0.125,0.074
25,23162,1134553,0.048,0.199,2,1,13,2,employee,education,medium,none,2,5,3,3,3,0.65,0.425,0.588,moderate,0.612,0.259,0.086,0.043,0.64,0.288,0.059,0.013
24,23165,1135818,0.077,0.309,4,10,8,5,retired,wealth_generation,low,friends,3,4,1,1,2,0.48,0.327,0.437,moderate,0.575,0.283,0.094,0.047,0.612,0.302,0.086,0.0
27,23181,1136227,0.039,0.125,7,2,5,4,student,retirement,low,books,3,3,1,3,3,0.52,0.397,0.476,moderate,0.55,0.3,0.1,0.05,0.537,0.286,0.132,0.046
33,23184,1136273,0.134,0.365,15,0,9,2,employee,home_purchase,medium,advisor,2,2,2,3,3,0.46,0.328,0.446,moderate,0.583,0.278,0.093,0.046,0.624,0.281,0.049,0.045
30,23198,1139863,0.121,0.289,12,8,6,3,employee,retirement,medium,books,2,4,2,1,3,0.5,0.361,0.406,moderate,0.559,0.294,0.098,0.049,0.587,0.299,0.099,0.016
26,23199,1142129,0.18,0.46,3,0,2,4,employee,income,low,books,3,3,2,4,5,0.65,0.267,0.487,moderate,0.521,0.319,0.106,0.053,0.52,0.302,0.111,0.067
31,23200,1142966,0.16,0.21,15,6,5,2,employee,retirement,low,online,3,3,1,3,2,0.49,0.398,0.48,moderate,0.55,0.3,0.1,0.05,0.493,0.284,0.143,0.081
18,23203,1145446,0.172,0.57,0,4,20,4,employee,wealth_generation,low,online,2,2,2,2,3,0.43,0.238,0.409,moderate,0.625,0.25,0.083,0.042,0.542,0.267,0.118,0.073
33,23204,1148495,0.148,0.286,9,4,1,2,employee,income,low,online,2,4,3,3,4,0.63,0.35,0.577,moderate,0.511,0.326,0.109,0.054,0.521,0.315,0.077,0.087
19,23207,1149362,0.108,0.543,0,0,17,2,self-employed,retirement,low,online,2,3,4,2,1,0.5,0.24,0.36,moderate,0.625,0.25,0.083,0.042,0.627,0.255,0.05,0.068
26,23208,1150729,0.285,0.033,5,16,16,2,employee,wealth_generation,low,books,2,4,2,3,2,0.53,0.523,0.53,moderate,0.625,0.25,0.083,0.042,0.615,0.243,0.105,0.037
22,23224,1151908,0.054,0.347,0,7,12,6,self-employed,education,low,advisor,3,2,2,3,3,0.51,0.331,0.453,moderate,0.605,0.263,0.088,0.044,0.641,0.235,0.045,0.079
21,23227,1152160,0.275,0.39,0,7,6,5,employee,wealth_generation,low,online,4,3,2,2,4,0.61,0.309,0.485,moderate,0.559,0.294,0.098,0.049,0.572,0.268,0.109,0.05
33,23248,1152237,0.115,0.056,12,9,20,3,employee,retirement,low,friends,3,2,3,2,3,0.52,0.523,0.542,moderate,0.625,0.25,0.083,0.042,0.635,0.266,0.099,0.0
25,23253,1152930,0.156,0.288,1,11,11,3,employee,retirement,medium,books,3,2,5,3,1,0.57,0.373,0.559,moderate,0.598,0.268,0.089,0.045,0.557,0.244,0.125,0.074
29,23261,1153178,0.062,0.382,6,8,5,1,self-employed,wealth_generation,high,books,3,1,4,3,3,0.54,0.299,0.417,moderate,0.55,0.3,0.1,0.05,0.571,0.266,0.112,0.05
27,23263,1154288,0.047,0.281,4,10,10,4,unemployed,wealth_generation,low,none,3,4,2,3,3,0.61,0.331,0.461,moderate,0.591,0.273,0.091,0.045,0.564,0.278,0.125,0.034
30,23268,1154901,0.139,0.065,13,6,6,2,employee,retirement,low,none,1,4,4,3,3,0.59,0.474,0.563,moderate,0.559,0.294,0.098,0.049,0.572,0.293,0.121,0.014
28,23273,1155576,0.204,0.332,6,5,9,4,employee,retirement,low,online,5,3,3,2,1,0.61,0.346,0.49,moderate,0.583,0.278,0.093,0.046,0.628,0.289,0.026,0.058
21,23290,1155898,0.106,0.062,5,11,11,5,employee,retirement,medium,books,3,2,1,3,3,0.47,0.492,0.499,moderate,0.598,0.268,0.089,0.045,0.613,0.301,0.072,0.013
32,23291,1156268,0.165,0.391,9,12,9,1,employee,wealth_generation,low,online,3,3,1,4,3,0.55,0.315,0.462,moderate,0.583,0.278,0.093,0.046,0.588,0.249,0.112,0.051
25,23304,1158931,0.108,0.048,7,2,14,4,unemployed,education,low,books,4,2,3,1,2,0.51,0.452,0.481,moderate,0.619,0.254,0.085,0.042,0.585,0.242,0.132,0.041
20,23304,1158938,0.131,0.112,0,7,23,3,unemployed,retirement,medium,friends,2,3,2,2,3,0.48,0.449,0.447,moderate,0.625,0.25,0.083,0.042,0.59,0.229,0.087,0.094
25,23311,1159325,0.257,0.176,5,9,9,2,employee,retirement,low,advisor,3,2,5,3,5,0.69,0.427,0.588,moderate,0.583,0.278,0.093,0.046,0.53,0.308,0.08,0.082
35,23314,1160446,0.237,0.308,13,1,9,4,retired,home_purchase,low,online,2,3,3,4,5,0.64,0.33,0.504,moderate,0.583,0.278,0.093,0.046,0.489,0.289,0.13,0.091
32,23317,1161630,0.156,0.551,10,15,16,3,employee,home_purchase,high,books,2,2,3,4,3,0.53,0.243,0.449,moderate,0.625,0.25,0.083,0.042,0.659,0.264,0.064,0.013
26,23323,1162273,0.099,0.101,2,7,12,5,retired,education,low,online,3,4,4,4,4,0.75,0.439,0.629,moderate,0.605,0.263,0.088,0.044,0.6,0.25,0.097,0.054
26,23344,1163639,0.088,0.115,9,8,10,1,retired,education,low,online,4,2,5,4,3,0.71,0.426,0.558,moderate,0.591,0.273,0.091,0.045,0.574,0.246,0.119,0.061
26,23348,1164453,0.286,0.212,7,3,18,3,employee,home_purchase,high,online,4,3,3,4,4,0.71,0.432,0.641,moderate,0.625,0.25,0.083,0.042,0.576,0.243,0.117,0.064
38,23357,1165307,0.09,0.402,15,4,20,9,employee,education,medium,advisor,3,4,3,4,3,0.68,0.332,0.537,moderate,0.625,0.25,0.083,0.042,0.601,0.25,0.121,0.028
29,23359,1166294,0.221,0.247,9,2,13,4,employee,retirement,low,advisor,1,2,4,3,4,0.52,0.4,0.535,moderate,0.612,0.259,0.086,0.043,0.631,0.263,0.068,0.038
30,23360,1168239,0.127,0.194,10,4,6,4,employee,retirement,low,friends,2,4,3,3,2,0.57,0.409,0.498,moderate,0.559,0.294,0.098,0.049,0.531,0.328,0.085,0.056
33,23368,1171111,0.326,0.281,15,6,11,2,employee,retirement,high,advisor,3,2,2,3,3,0.51,0.377,0.433,moderate,0.598,0.268,0.089,0.045,0.587,0.289,0.085,0.039
29,23369,1174197,0.127,0.17,9,12,11,1,self-employed,wealth_generation,low,none,4,1,3,3,3,0.55,0.419,0.489,moderate,0.598,0.268,0.089,0.045,0.591,0.267,0.052,0.09
26,23380,1175799,0.124,0.223,4,7,10,6,employee,retirement,low,books,2,4,3,3,4,0.63,0.405,0.537,moderate,0.591,0.273,0.091,0.045,0.565,0.281,0.096,0.058
27,23384,1176566,0.18,0.198,8,3,7,1,employee,education,high,books,3,2,3,3,1,0.49,0.41,0.45,moderate,0.567,0.288,0.096,0.048,0.53,0.291,0.11,0.069
27,23385,1177423,0.293,0.384,4,1,11,8,employee,wealth_generation,low,online,2,3,5,3,3,0.63,0.323,0.488,moderate,0.598,0.268,0.089,0.045,0.61,0.253,0.102,0.036
27,23411,1178816,0.31,0.469,6,8,10,1,unemployed,education,low,none,5,4,4,3,2,0.76,0.245,0.54,moderate,0.591,0.273,0.091,0.045,0.633,0.248,0.119,0.0
31,23421,1178821,0.196,0.361,10,6,6,1,employee,retirement,medium,none,3,5,5,4,2,0.78,0.324,0.647,moderate,0.559,0.294,0.098,0.049,0.522,0.298,0.11,0.069
28,23425,1181367,0.207,0.237,7,18,21,2,self-employed,retirement,low,online,1,2,3,3,4,0.48,0.411,0.445,moderate,0.625,0.25,0.083,0.042,0.646,0.256,0.08,0.018
31,23427,1183270,0.165,0.261,12,11,20,3,self-employed,wealth_generation,low,online,2,3,2,4,4,0.57,0.396,0.565,moderate,0.625,0.25,0.083,0.042,0.605,0.286,0.06,0.049
27,23439,1183681,0.207,0.105,9,11,16,5,self-employed,wealth_generation,low,online,2,4,1,1,2,0.43,0.467,0.476,moderate,0.625,0.25,0.083,0.042,0.602,0.315,0.075,0.008
28,23440,1186877,0.238,0.355,7,0,10,7,employee,home_purchase,medium,online,1,3,3,3,4,0.53,0.336,0.451,moderate,0.591,0.273,0.091,0.045,0.63,0.231,0.091,0.049
18,23440,1187188,0.15,0.294,0,11,9,3,employee,income,low,online,2,2,2,2,2,0.4,0.366,0.406,moderate,0.583,0.278,0.093,0.046,0.564,0.301,0.11,0.025
32,23443,1187370,0.177,0.448,15,3,15,0,self-employed,retirement,medium,books,4,1,3,4,4,0.61,0.286,0.464,moderate,0.625,0.25,0.083,0.042,0.658,0.285,0.057,0.0
29,23444,1188100,0.16,0.143,5,8,13,4,retired,wealth_generation,low,friends,2,5,2,3,2,0.58,0.421,0.548,moderate,0.612,0.259,0.086,0.043,0.562,0.285,0.12,0.032
32,23454,1188787,0.165,0.361,13,6,13,4,unemployed,retirement,medium,friends,3,5,5,4,2,0.78,0.301,0.628,moderate,0.612,0.259,0.086,0.043,0.59,0.266,0.092,0.052
18,23472,1188797,0.25,0.329,0,7,4,3,employee,retirement,low,none,3,4,4,3,3,0.69,0.337,0.567,moderate,0.541,0.306,0.102,0.051,0.577,0.288,0.103,0.032
38,23507,1189932,0.125,0.172,15,2,13,2,employee,education,low,advisor,4,4,1,3,4,0.65,0.441,0.551,moderate,0.612,0.259,0.086,0.043,0.588,0.277,0.085,0.05
27,23517,1190539,0.091,0.322,9,6,21,2,employee,income,low,books,2,4,3,4,3,0.63,0.379,0.548,moderate,0.625,0.25,0.083,0.042,0.668,0.239,0.093,0.0
33,23542,1190622,0.145,0.469,11,1,3,4,retired,wealth_generation,low,books,3,3,5,4,3,0.71,0.243,0.502,moderate,0.531,0.312,0.104,0.052,0.52,0.298,0.136,0.046
22,23542,1192457,0.091,0.463,0,1,8,3,employee,wealth_generation,low,online,3,3,3,2,3,0.57,0.277,0.411,moderate,0.575,0.283,0.094,0.047,0.538,0.315,0.084,0.063
31,23554,1192474,0.153,0.343,14,9,11,4,employee,retirement,low,advisor,4,4,1,1,2,0.53,0.345,0.464,moderate,0.598,0.268,0.089,0.045,0.623,0.243,0.112,0.022
22,23555,1192672,0.256,0.052,4,16,15,2,employee,education,low,advisor,1,2,3,3,1,0.39,0.511,0.389,moderate,0.625,0.25,0.083,0.042,0.653,0.28,0.068,0.0
24,23561,1192858,0.176,0.425,5,11,3,5,retired,income,medium,books,4,3,2,4,3,0.64,0.263,0.477,moderate,0.531,0.312,0.104,0.052,0.538,0.342,0.078,0.043
37,23591,1193135,0.236,0.318,20,6,20,1,employee,home_purchase,low,books,3,3,4,3,3,0.64,0.379,0.547,moderate,0.625,0.25,0.083,0.042,0.647,0.244,0.087,0.022
27,23593,1196941,0.08,0.19,3,1,2,2,self-employed,wealth_generation,low,advisor,2,4,5,3,3,0.68,0.385,0.609,moderate,0.521,0.319,0.106,0.053,0.55,0.283,0.1,0.066
29,23613,1197723,0.254,0.137,8,1,19,4,employee,wealth_generation,low,books,4,4,3,4,3,0.73,0.477,0.61,moderate,0.625,0.25,0.083,0.042,0.602,0.254,0.078,0.066
32,23613,1201126,0.173,0.1,16,2,2,4,employee,home_purchase,low,books,2,3,4,3,2,0.56,0.446,0.484,moderate,0.521,0.319,0.106,0.053,0.509,0.294,0.112,0.085
30,23616,1201332,0.026,0.054,14,17,5,2,employee,income,low,books,3,4,3,3,3,0.65,0.478,0.605,moderate,0.55,0.3,0.1,0.05,0.54,0.301,0.097,0.062
28,23645,1203004,0.18,0.359,5,5,18,6,retired,income,low,books,4,4,2,4,4,0.72,0.327,0.569,moderate,0.625,0.25,0.083,0.042,0.566,0.288,0.117,0.03
29,23649,1205441,0.284,0.159,8,12,19,4,employee,wealth_generation,low,books,5,3,4,3,2,0.71,0.465,0.614,moderate,0.625,0.25,0.083,0.042,0.611,0.157,0.097,0.135
40,23655,1206350,0.051,0.03,18,9,27,2,self-employed,retirement,low,online,4,4,2,3,5,0.72,0.543,0.605,moderate,0.625,0.25,0.083,0.042,0.594,0.266,0.106,0.034
27,23659,1207315,0.169,0.222,6,8,4,4,unemployed,retirement,medium,books,3,4,2,2,4,0.61,0.344,0.536,moderate,0.541,0.306,0.102,0.051,0.527,0.338,0.072,0.063
29,23669,1208332,0.261,0.253,12,15,12,4,employee,retirement,medium,friends,3,3,5,2,3,0.65,0.395,0.485,moderate,0.605,0.263,0.088,0.044,0.617,0.236,0.089,0.058
33,23671,1208549,0.01,0.128,15,3,3,4,retired,retirement,medium,online,3,2,4,4,3,0.62,0.4,0.538,moderate,0.531,0.312,0.104,0.052,0.504,0.353,0.112,0.032
33,23700,1209553,0.179,0.049,10,6,5,6,self-employed,retirement,medium,friends,2,3,1,4,3,0.5,0.462,0.522,moderate,0.55,0.3,0.1,0.05,0.536,0.304,0.095,0.065
33,23704,1210801,0.148,0.138,14,12,5,4,employee,home_purchase,low,advisor,3,1,4,3,4,0.57,0.436,0.52,moderate,0.55,0.3,0.1,0.05,0.543,0.297,0.154,0.005
31,23704,1211042,0.123,0.326,8,7,3,2,employee,education,low,books,3,1,4,4,4,0.6,0.336,0.487,moderate,0.531,0.312,0.104,0.052,0.526,0.283,0.114,0.076
22,23711,1211094,0.178,0.078,4,3,21,5,retired,retirement,low,books,3,2,4,5,3,0.65,0.479,0.551,moderate,0.625,0.25,0.083,0.042,0.654,0.25,0.043,0.053
36,23712,1211329,0.038,0.279,19,3,4,4,employee,retirement,low,online,3,2,1,3,4,0.5,0.362,0.428,moderate,0.541,0.306,0.102,0.051,0.532,0.289,0.102,0.077
22,23722,1212270,0.207,0.117,0,10,14,4,employee,income,medium,none,4,3,3,2,3,0.62,0.473,0.627,moderate,0.619,0.254,0.085,0.042,0.673,0.224,0.09,0.013
29,23732,1214154,0.005,0.141,13,0,14,2,student,retirement,medium,books,2,3,3,3,4,0.58,0.417,0.499,moderate,0.619,0.254,0.085,0.042,0.619,0.239,0.108,0.034
24,23738,1216541,0.114,0.221,6,14,6,6,employee,wealth_generation,low,friends,5,3,4,2,3,0.71,0.397,0.598,moderate,0.559,0.294,0.098,0.049,0.551,0.303,0.1,0.045
27,23744,1216650,0.154,0.09,10,0,34,3,employee,retirement,medium,online,2,3,4,4,2,0.59,0.549,0.549,moderate,0.625,0.25,0.083,0.042,0.657,0.189,0.152,0.001
29,23748,1217199,0.129,0.13,9,8,9,4,retired,retirement,high,online,3,4,4,3,2,0.66,0.417,0.554,moderate,0.583,0.278,0.093,0.046,0.512,0.251,0.137,0.1
29,23754,1217503,0.114,0.204,12,8,21,3,employee,wealth_generation,low,online,2,2,3,2,4,0.5,0.446,0.429,moderate,0.625,0.25,0.083,0.042,0.683,0.235,0.057,0.025
30,23761,1218530,0.228,0.197,10,8,24,5,employee,wealth_generation,low,books,3,3,1,3,3,0.52,0.458,0.494,moderate,0.625,0.25,0.083,0.042,0.651,0.246,0.057,0.046
36,23766,1221679,0.272,0.357,18,6,24,2,employee,wealth_generation,low,online,5,2,3,3,2,0.62,0.367,0.508,moderate,0.625,0.25,0.083,0.042,0.618,0.3,0.06,0.022
30,23766,1222656,0.243,0.073,6,12,16,5,employee,retirement,low,online,5,5,2,2,5,0.79,0.503,0.716,aggressive,0.792,0.125,0.042,0.042,0.872,0.094,0.033,0.0
26,23772,1223124,0.157,0.417,2,9,7,1,unemployed,retirement,low,friends,4,3,3,2,5,0.68,0.264,0.488,moderate,0.567,0.288,0.096,0.048,0.587,0.274,0.084,0.054
32,23793,1225104,0.247,0.39,9,11,4,4,retired,wealth_generation,low,advisor,3,4,2,2,3,0.58,0.282,0.448,moderate,0.541,0.306,0.102,0.051,0.547,0.34,0.075,0.038
33,23815,1229069,0.264,0.364,13,2,13,3,self-employed,retirement,high,online,5,2,2,3,5,0.67,0.326,0.56,moderate,0.612,0.259,0.086,0.043,0.592,0.278,0.116,0.014
21,23818,1229300,0.135,0.189,0,1,9,4,self-employed,income,medium,online,2,3,4,4,3,0.62,0.405,0.533,moderate,0.583,0.278,0.093,0.046,0.613,0.236,0.099,0.051
30,23823,1230213,0.109,0.394,13,0,18,3,self-employed,retirement,medium,online,4,4,3,4,4,0.76,0.321,0.58,moderate,0.625,0.25,0.083,0.042,0.654,0.24,0.078,0.028
31,23825,1233825,0.058,0.135,13,2,16,1,self-employed,wealth_generation,medium,advisor,2,4,3,4,3,0.63,0.453,0.554,moderate,0.625,0.25,0.083,0.042,0.582,0.234,0.087,0.096
26,23825,1235169,0.149,0.105,9,9,7,3,retired,retirement,medium,books,3,3,4,5,3,0.7,0.423,0.56,moderate,0.567,0.288,0.096,0.048,0.585,0.231,0.132,0.052
34,23828,1237395,0.28,0.049,18,6,2,7,employee,wealth_generation,high,advisor,3,4,3,5,3,0.71,0.471,0.602,moderate,0.521,0.319,0.106,0.053,0.501,0.347,0.111,0.041
27,23829,1237468,0.165,0.486,9,10,7,4,employee,retirement,medium,advisor,4,4,1,2,3,0.59,0.264,0.462,moderate,0.567,0.288,0.096,0.048,0.576,0.302,0.112,0.01
28,23835,1240033,0.187,0.189,9,3,13,2,employee,retirement,low,online,2,3,2,2,3,0.48,0.433,0.426,moderate,0.612,0.259,0.086,0.043,0.565,0.257,0.096,0.082
27,23853,1240140,0.064,0.462,3,5,3,6,employee,wealth_generation,low,online,5,2,2,2,3,0.58,0.268,0.424,moderate,0.531,0.312,0.104,0.052,0.507,0.308,0.137,0.047
28,23863,1242991,0.074,0.175,11,13,14,5,unemployed,income,low,online,1,2,2,3,3,0.41,0.394,0.44,moderate,0.619,0.254,0.085,0.042,0.602,0.244,0.098,0.056
22,23876,1243043,0.146,0.453,0,15,15,3,self-employed,home_purchase,medium,online,3,3,2,3,2,0.53,0.285,0.447,moderate,0.625,0.25,0.083,0.042,0.589,0.275,0.136,0.0
20,23880,1243185,0.284,0.45,4,14,5,4,employee,education,low,advisor,5,2,2,4,3,0.64,0.279,0.504,moderate,0.55,0.3,0.1,0.05,0.58,0.329,0.063,0.028
35,23883,1244392,0.126,0.468,11,11,13,3,employee,retirement,low,online,4,5,4,2,2,0.73,0.284,0.535,moderate,0.612,0.259,0.086,0.043,0.64,0.287,0.049,0.024
23,23884,1246049,0.244,0.258,2,9,13,1,unemployed,home_purchase,low,advisor,3,3,4,2,3,0.61,0.351,0.513,moderate,0.612,0.259,0.086,0.043,0.619,0.283,0.087,0.011
23,23885,1248204,0.066,0.421,0,14,11,5,student,home_purchase,low,books,3,3,4,3,3,0.64,0.276,0.422,moderate,0.598,0.268,0.089,0.045,0.559,0.259,0.128,0.054
18,23887,1250613,0.176,0.501,0,9,24,2,employee,retirement,medium,advisor,4,5,3,4,5,0.84,0.285,0.582,moderate,0.625,0.25,0.083,0.042,0.623,0.249,0.108,0.02
24,23903,1251715,0.173,0.195,1,16,4,3,employee,retirement,low,online,3,2,5,4,3,0.66,0.405,0.577,moderate,0.541,0.306,0.102,0.051,0.516,0.285,0.161,0.037
21,23911,1254547,0.238,0.23,0,0,10,4,employee,wealth_generation,medium,advisor,4,2,4,1,4,0.61,0.403,0.507,moderate,0.591,0.273,0.091,0.045,0.587,0.296,0.067,0.05
36,23913,1256418,0.004,0.343,14,14,20,6,self-employed,wealth_generation,low,online,2,1,1,3,4,0.4,0.353,0.375,moderate,0.625,0.25,0.083,0.042,0.643,0.336,0.021,0.0
33,23922,1256499,0.087,0.186,14,7,9,1,student,retirement,high,friends,2,2,3,4,4,0.56,0.383,0.5,moderate,0.583,0.278,0.093,0.046,0.624,0.269,0.068,0.039
24,23961,1257942,0.094,0.359,3,2,10,3,employee,retirement,high,advisor,3,4,4,3,4,0.72,0.336,0.544,moderate,0.591,0.273,0.091,0.045,0.57,0.278,0.096,0.056
39,23962,1258919,0.283,0.072,18,3,14,4,employee,wealth_generation,low,books,2,3,2,3,4,0.54,0.498,0.505,moderate,0.619,0.254,0.085,0.042,0.612,0.282,0.087,0.019
32,23968,1259742,0.077,0.267,15,12,14,5,employee,education,medium,friends,3,3,3,4,5,0.69,0.393,0.561,moderate,0.619,0.254,0.085,0.042,0.59,0.253,0.107,0.05
26,23976,1260488,0.03,0.103,9,7,2,6,self-employed,income,medium,online,4,2,3,2,2,0.54,0.427,0.499,moderate,0.521,0.319,0.106,0.053,0.488,0.347,0.096,0.069
18,23983,1260572,0.16,0.183,0,18,11,0,retired,retirement,high,books,1,3,2,3,2,0.43,0.398,0.368,moderate,0.598,0.268,0.089,0.045,0.56,0.29,0.12,0.03
39,23989,1261009,0.159,0.169,23,2,8,4,retired,education,low,online,2,1,3,1,4,0.42,0.396,0.42,moderate,0.575,0.283,0.094,0.047,0.573,0.282,0.071,0.074
21,23998,1261614,0.232,0.403,1,5,14,0,self-employed,education,medium,books,3,3,4,3,3,0.64,0.309,0.507,moderate,0.619,0.254,0.085,0.042,0.609,0.241,0.102,0.048
19,24022,1261640,0.282,0.14,1,5,12,5,retired,wealth_generation,low,online,4,2,2,3,2,0.53,0.422,0.49,moderate,0.605,0.263,0.088,0.044,0.604,0.259,0.097,0.04
33,24030,1263322,0.161,0.386,15,7,14,1,employee,income,low,online,5,3,3,5,2,0.73,0.33,0.548,moderate,0.619,0.254,0.085,0.042,0.649,0.252,0.07,0.029
40,24031,1263337,0.269,0.378,17,8,14,6,employee,retirement,medium,none,5,4,4,3,3,0.79,0.334,0.606,moderate,0.619,0.254,0.085,0.042,0.636,0.242,0.057,0.065
34,24032,1263418,0.2,0.259,16,9,7,1,employee,income,high,advisor,3,4,3,2,2,0.59,0.381,0.535,moderate,0.567,0.288,0.096,0.048,0.637,0.279,0.084,0.0
30,24035,1263552,0.105,0.158,12,0,7,5,employee,home_purchase,low,none,3,3,4,4,4,0.7,0.432,0.613,moderate,0.567,0.288,0.096,0.048,0.574,0.321,0.088,0.017
30,24048,1264074,0.268,0.155,14,1,9,2,unemployed,retirement,low,friends,3,2,4,1,3,0.53,0.389,0.51,moderate,0.583,0.278,0.093,0.046,0.535,0.285,0.073,0.106
32,24051,1264210,0.187,0.246,9,1,7,3,retired,wealth_generation,low,online,2,2,3,3,3,0.5,0.357,0.416,moderate,0.567,0.288,0.096,0.048,0.534,0.249,0.115,0.103
31,24056,1264391,0.136,0.012,10,12,15,4,employee,wealth_generation,medium,advisor,4,3,3,2,2,0.59,0.534,0.588,moderate,0.625,0.25,0.083,0.042,0.715,0.234,0.048,0.003
29,24065,1265887,0.19,0.27,6,4,13,2,employee,wealth_generation,medium,advisor,3,4,3,4,2,0.65,0.39,0.527,moderate,0.612,0.259,0.086,0.043,0.623,0.246,0.065,0.067
28,24074,1266895,0.134,0.504,10,5,6,2,employee,home_purchase,medium,advisor,3,2,2,2,3,0.48,0.253,0.321,conservative,0.314,0.49,0.147,0.049,0.298,0.54,0.121,0.04
27,24094,1267673,0.064,0.121,6,6,20,1,self-employed,education,low,books,3,3,3,4,5,0.69,0.473,0.631,moderate,0.625,0.25,0.083,0.042,0.629,0.239,0.049,0.082
24,24104,1269729,0.198,0.286,7,12,11,0,employee,retirement,medium,online,3,3,2,3,4,0.59,0.377,0.528,moderate,0.598,0.268,0.089,0.045,0.611,0.301,0.037,0.052
26,24140,1269795,0.226,0.519,8,0,4,2,employee,income,medium,online,4,3,3,4,3,0.68,0.242,0.549,moderate,0.541,0.306,0.102,0.051,0.559,0.31,0.131,0.0
19,24141,1270543,0.201,0.417,0,2,6,3,retired,retirement,low,online,2,4,4,4,3,0.67,0.274,0.468,moderate,0.559,0.294,0.098,0.049,0.518,0.313,0.094,0.075
27,24142,1273620,0.097,0.41,3,9,12,4,retired,wealth_generation,low,online,5,3,2,1,3,0.6,0.289,0.481,moderate,0.605,0.263,0.088,0.044,0.591,0.231,0.141,0.037
23,24153,1274040,0.288,0.393,4,16,8,5,employee,wealth_generation,low,advisor,3,3,5,3,2,0.65,0.314,0.509,moderate,0.575,0.283,0.094,0.047,0.571,0.256,0.094,0.078
22,24166,1274453,0.022,0.189,0,8,19,1,employee,retirement,low,online,1,3,4,5,3,0.6,0.45,0.574,moderate,0.625,0.25,0.083,0.042,0.631,0.207,0.087,0.075
28,24170,1274773,0.12,0.439,5,4,11,2,employee,wealth_generation,medium,online,5,2,3,2,4,0.65,0.296,0.467,moderate,0.598,0.268,0.089,0.045,0.571,0.299,0.062,0.069
34,24190,1275901,0.104,0.489,14,7,22,5,self-employed,income,low,friends,2,3,2,5,3,0.57,0.279,0.446,moderate,0.625,0.25,0.083,0.042,0.619,0.257,0.094,0.031
32,24203,1276883,0.036,0.257,15,17,4,3,employee,wealth_generation,low,advisor,3,1,2,2,4,0.46,0.374,0.428,moderate,0.541,0.306,0.102,0.051,0.543,0.289,0.109,0.059
20,24208,1279021,0.135,0.206,0,7,14,2,employee,wealth_generation,medium,books,4,4,1,4,2,0.62,0.427,0.565,moderate,0.619,0.254,0.085,0.042,0.646,0.264,0.044,0.046
23,24212,1279389,0.178,0.228,3,5,20,3,retired,wealth_generation,medium,books,2,2,3,4,4,0.56,0.4,0.508,moderate,0.625,0.25,0.083,0.042,0.651,0.26,0.089,0.0
32,24225,1281262,0.246,0.199,12,5,8,2,employee,home_purchase,low,online,4,4,5,4,3,0.81,0.415,0.651,aggressive,0.764,0.142,0.047,0.047,0.845,0.114,0.027,0.014
23,24238,1281303,0.336,0.149,1,17,5,1,employee,income,high,online,4,5,2,3,4,0.74,0.432,0.607,moderate,0.55,0.3,0.1,0.05,0.579,0.34,0.066,0.015
26,24242,1283066,0.221,0.302,5,10,11,5,retired,wealth_generation,medium,books,3,4,4,2,3,0.66,0.34,0.529,moderate,0.598,0.268,0.089,0.045,0.574,0.288,0.106,0.032
30,24243,1286184,0.147,0.282,12,9,25,2,student,home_purchase,medium,friends,4,3,1,2,4,0.57,0.377,0.515,moderate,0.625,0.25,0.083,0.042,0.642,0.259,0.024,0.074
23,24244,1286989,0.2,0.246,1,3,14,6,self-employed,retirement,low,online,4,3,3,3,4,0.68,0.391,0.54,moderate,0.619,0.254,0.085,0.042,0.602,0.248,0.097,0.053
28,24249,1287734,0.232,0.087,12,7,14,6,employee,wealth_generation,high,online,4,4,3,3,4,0.73,0.491,0.627,moderate,0.619,0.254,0.085,0.042,0.594,0.274,0.088,0.044
21,24250,1289939,0.146,0.38,2,5,15,4,retired,retirement,low,online,3,4,3,4,4,0.71,0.311,0.543,moderate,0.625,0.25,0.083,0.042,0.637,0.235,0.076,0.052
24,24260,1291924,0.215,0.131,5,3,2,2,employee,retirement,low,online,3,4,3,3,2,0.62,0.432,0.482,moderate,0.521,0.319,0.106,0.053,0.589,0.302,0.056,0.054
29,24267,1292503,0.15,0.099,8,13,10,2,employee,home_purchase,low,books,3,5,1,1,4,0.59,0.473,0.484,moderate,0.591,0.273,0.091,0.045,0.606,0.278,0.072,0.044
20,24275,1293326,0.131,0.304,0,5,3,3,employee,education,low,online,3,4,2,1,2,0.52,0.348,0.407,moderate,0.531,0.312,0.104,0.052,0.571,0.295,0.109,0.025
30,24281,1294673,0.158,0.223,7,4,8,2,retired,retirement,medium,friends,5,3,3,1,1,0.58,0.371,0.49,moderate,0.575,0.283,0.094,0.047,0.552,0.232,0.142,0.074
27,24289,1294713,0.189,0.062,11,15,18,6,unemployed,education,low,advisor,4,3,4,2,2,0.63,0.461,0.578,moderate,0.625,0.25,0.083,0.042,0.593,0.245,0.112,0.05
30,24320,1295296,0.2,0.207,8,3,14,1,self-employed,wealth_generation,low,advisor,3,2,2,2,3,0.48,0.411,0.434,moderate,0.619,0.254,0.085,0.042,0.613,0.271,0.077,0.038
29,24328,1295775,0.125,0.367,10,10,31,4,unemployed,education,medium,books,3,2,5,3,3,0.63,0.339,0.465,moderate,0.625,0.25,0.083,0.042,0.656,0.254,0.078,0.011
34,24349,1296254,0.167,0.301,13,9,5,4,employee,wealth_generation,low,online,3,4,4,2,1,0.6,0.355,0.53,moderate,0.55,0.3,0.1,0.05,0.489,0.286,0.116,0.11
28,24350,1296490,0.259,0.209,4,14,10,5,employee,wealth_generation,low,online,1,5,3,4,3,0.63,0.415,0.552,moderate,0.591,0.273,0.091,0.045,0.621,0.235,0.134,0.01
25,24375,1297790,0.31,0.139,7,12,18,3,employee,wealth_generation,low,none,4,3,2,2,3,0.58,0.475,0.531,moderate,0.625,0.25,0.083,0.042,0.607,0.274,0.095,0.023
28,24382,1298011,0.096,0.308,5,9,6,4,employee,retirement,low,online,1,2,2,3,3,0.41,0.354,0.395,moderate,0.559,0.294,0.098,0.049,0.553,0.306,0.087,0.055
30,24387,1299599,0.088,0.436,12,4,5,7,student,retirement,low,advisor,3,4,3,1,1,0.53,0.258,0.39,moderate,0.55,0.3,0.1,0.05,0.573,0.301,0.059,0.067
28,24393,1301060,0.189,0.313,7,6,10,1,employee,retirement,low,none,3,2,3,3,4,0.58,0.36,0.523,moderate,0.591,0.273,0.091,0.045,0.639,0.329,0.028,0.004
28,24398,1301221,0.136,0.388,11,15,9,1,employee,wealth_generation,medium,books,1,2,3,2,2,0.39,0.319,0.371,moderate,0.583,0.278,0.093,0.046,0.619,0.276,0.064,0.041
24,24409,1302656,0.021,0.267,0,0,27,3,self-employed,retirement,low,online,4,2,2,2,4,0.56,0.412,0.497,moderate,0.625,0.25,0.083,0.042,0.582,0.261,0.086,0.071
24,24419,1304053,0.123,0.343,7,11,11,3,employee,wealth_generation,medium,advisor,2,2,2,3,4,0.49,0.347,0.423,moderate,0.598,0.268,0.089,0.045,0.593,0.229,0.113,0.065
20,24427,1306590,0.221,0.443,0,4,19,2,employee,income,medium,friends,4,2,2,5,4,0.65,0.309,0.516,moderate,0.625,0.25,0.083,0.042,0.612,0.261,0.087,0.039
36,24434,1306866,0.218,0.368,15,3,20,1,employee,education,low,online,3,1,3,2,2,0.44,0.353,0.42,moderate,0.625,0.25,0.083,0.042,0.622,0.255,0.112,0.01
21,24437,1307701,0.152,0.455,2,3,5,0,self-employed,retirement,low,advisor,2,3,3,2,2,0.49,0.266,0.348,conservative,0.3,0.5,0.15,0.05,0.325,0.468,0.148,0.058
24,24440,1307896,0.148,0.234,2,1,15,5,retired,wealth_generation,low,online,3,3,1,4,2,0.52,0.384,0.442,moderate,0.625,0.25,0.083,0.042,0.594,0.261,0.104,0.041
24,24466,1308027,0.169,0.45,2,20,7,3,retired,education,low,friends,3,3,3,3,2,0.57,0.261,0.437,moderate,0.567,0.288,0.096,0.048,0.553,0.318,0.074,0.056
32,24469,1308482,0.094,0.304,10,13,4,5,employee,home_purchase,high,advisor,3,3,4,4,4,0.7,0.351,0.549,moderate,0.541,0.306,0.102,0.051,0.548,0.31,0.109,0.033
26,24478,1310987,0.158,0.423,4,7,20,3,employee,retirement,low,online,2,4,3,4,4,0.66,0.322,0.504,moderate,0.625,0.25,0.083,0.042,0.641,0.222,0.107,0.03
34,24486,1311926,0.011,0.044,10,9,8,4,employee,wealth_generation,low,advisor,3,2,4,3,2,0.56,0.495,0.557,moderate,0.575,0.283,0.094,0.047,0.521,0.262,0.135,0.083
24,24500,1315059,0.148,0.318,7,7,9,3,employee,retirement,medium,none,3,2,2,4,2,0.51,0.356,0.428,moderate,0.583,0.278,0.093,0.046,0.607,0.296,0.04,0.057
29,24520,1315062,0.121,0.409,9,11,8,4,self-employed,education,medium,none,2,5,3,4,4,0.71,0.295,0.512,moderate,0.575,0.283,0.094,0.047,0.526,0.278,0.109,0.088
23,24526,1315783,0.188,0.131,0,12,6,3,employee,wealth_generation,medium,books,4,3,3,4,3,0.68,0.445,0.572,moderate,0.559,0.294,0.098,0.049,0.539,0.311,0.111,0.039
38,24555,1316741,0.181,0.319,21,3,10,1,employee,retirement,low,online,4,3,3,5,3,0.71,0.358,0.614,moderate,0.591,0.273,0.091,0.045,0.599,0.278,0.056,0.066
22,24557,1318645,0.13,0.395,4,6,10,6,employee,wealth_generation,medium,online,3,3,3,3,2,0.57,0.318,0.47,moderate,0.591,0.273,0.091,0.045,0.68,0.256,0.048,0.015
29,24573,1322233,0.008,0.181,7,8,10,5,employee,education,low,friends,3,3,4,4,4,0.7,0.43,0.578,moderate,0.591,0.273,0.091,0.045,0.595,0.287,0.114,0.005
31,24575,1325593,0.102,0.225,7,18,22,2,employee,retirement,medium,online,2,2,3,4,3,0.53,0.439,0.484,moderate,0.625,0.25,0.083,0.042,0.638,0.246,0.107,0.01
30,24583,1327144,0.18,0.284,12,9,9,7,employee,wealth_generation,medium,advisor,2,1,3,3,3,0.45,0.374,0.367,moderate,0.583,0.278,0.093,0.046,0.545,0.243,0.106,0.105
27,24608,1328562,0.048,0.266,4,13,2,2,retired,wealth_generation,low,online,4,3,3,4,5,0.74,0.337,0.573,moderate,0.521,0.319,0.106,0.053,0.495,0.321,0.141,0.042
27,24610,1328921,0.062,0.044,4,12,5,3,employee,income,low,advisor,3,2,2,3,2,0.48,0.486,0.49,moderate,0.55,0.3,0.1,0.05,0.516,0.297,0.086,0.101
28,24619,1329887,0.183,0.089,9,8,16,4,employee,retirement,medium,advisor,3,3,5,4,1,0.65,0.497,0.602,moderate,0.625,0.25,0.083,0.042,0.633,0.264,0.057,0.046
27,24620,1331237,0.207,0.09,6,13,13,2,employee,home_purchase,medium,online,5,2,3,2,3,0.62,0.487,0.562,moderate,0.612,0.259,0.086,0.043,0.597,0.273,0.104,0.026
32,24632,1333132,0.117,0.17,9,5,24,2,student,retirement,low,online,2,5,3,3,2,0.62,0.434,0.523,moderate,0.625,0.25,0.083,0.042,0.587,0.261,0.06,0.092
39,24635,1335273,0.151,0.163,15,5,15,3,self-employed,income,low,books,2,3,4,3,4,0.62,0.437,0.574,moderate,0.625,0.25,0.083,0.042,0.624,0.256,0.06,0.06
25,24638,1337433,0.28,0.353,8,11,6,3,employee,retirement,medium,online,3,3,4,3,4,0.67,0.331,0.523,moderate,0.559,0.294,0.098,0.049,0.556,0.253,0.16,0.031
21,24641,1338529,0.279,0.285,5,2,4,1,employee,retirement,medium,online,4,4,4,4,4,0.8,0.361,0.595,moderate,0.541,0.306,0.102,0.051,0.516,0.336,0.113,0.034
27,24657,1339003,0.114,0.363,7,4,12,0,student,wealth_generation,low,advisor,5,2,4,2,4,0.69,0.307,0.514,moderate,0.605,0.263,0.088,0.044,0.599,0.271,0.058,0.072
40,24660,1340215,0.222,0.069,22,8,14,6,employee,retirement,low,books,3,4,5,4,3,0.76,0.502,0.647,moderate,0.619,0.254,0.085,0.042,0.671,0.268,0.052,0.009
23,24671,1340454,0.172,0.254,2,6,5,2,employee,retirement,low,none,2,4,3,4,2,0.6,0.38,0.503,moderate,0.55,0.3,0.1,0.05,0.539,0.301,0.097,0.063
36,24684,1343193,0.309,0.195,20,15,13,1,employee,wealth_generation,medium,friends,2,3,4,3,2,0.56,0.432,0.492,moderate,0.612,0.259,0.086,0.043,0.644,0.266,0.091,0.0
36,24693,1343933,0.149,0.41,17,16,20,5,retired,income,medium,advisor,5,3,1,4,3,0.65,0.307,0.522,moderate,0.625,0.25,0.083,0.042,0.633,0.248,0.06,0.06
25,24716,1345425,0.212,0.338,4,7,16,2,employee,wealth_generation,medium,online,3,3,3,5,3,0.66,0.362,0.538,moderate,0.625,0.25,0.083,0.042,0.661,0.275,0.025,0.039
30,24718,1346263,0.21,0.423,13,7,14,2,employee,wealth_generation,low,friends,3,3,5,4,4,0.74,0.311,0.595,moderate,0.619,0.254,0.085,0.042,0.632,0.24,0.079,0.049
36,24734,1347408,0.153,0.051,13,10,17,7,self-employed,education,low,online,3,4,3,3,3,0.65,0.503,0.593,moderate,0.625,0.25,0.083,0.042,0.584,0.271,0.093,0.052
26,24741,1347813,0.218,0.344,7,6,4,6,employee,retirement,low,books,5,3,4,4,4,0.8,0.332,0.602,moderate,0.541,0.306,0.102,0.051,0.536,0.334,0.112,0.018
26,24746,1348417,0.104,0.273,9,3,6,1,employee,retirement,medium,online,5,1,1,5,2,0.55,0.372,0.464,moderate,0.559,0.294,0.098,0.049,0.596,0.274,0.116,0.014
25,24776,1348737,0.067,0.395,9,10,2,6,retired,income,medium,advisor,3,5,3,5,3,0.76,0.278,0.555,moderate,0.521,0.319,0.106,0.053,0.49,0.323,0.163,0.024
22,24795,1349510,0.138,0.262,0,10,5,6,employee,retirement,low,online,4,3,4,3,2,0.66,0.376,0.514,moderate,0.55,0.3,0.1,0.05,0.558,0.3,0.045,0.097
24,24815,1350416,0.278,0.273,8,3,21,4,unemployed,wealth_generation,low,friends,3,3,2,2,4,0.56,0.366,0.475,moderate,0.625,0.25,0.083,0.042,0.672,0.241,0.06,0.027
21,24818,1351484,0.153,0.055,0,12,6,3,student,home_purchase,medium,advisor,4,3,2,2,1,0.52,0.437,0.501,moderate,0.559,0.294,0.098,0.049,0.503,0.283,0.119,0.095
28,24843,1351661,0.18,0.322,6,8,14,2,retired,retirement,low,online,3,2,4,2,2,0.53,0.339,0.477,moderate,0.619,0.254,0.085,0.042,0.62,0.237,0.107,0.036
24,24859,1352452,0.178,0.175,3,3,15,1,employee,income,low,books,3,3,5,2,3,0.65,0.448,0.575,moderate,0.625,0.25,0.083,0.042,0.615,0.238,0.09,0.056
29,24891,1353333,0.07,0.025,6,9,14,4,employee,wealth_generation,low,online,2,4,2,3,3,0.56,0.527,0.648,moderate,0.619,0.254,0.085,0.042,0.616,0.232,0.115,0.038
20,24892,1354308,0.132,0.067,4,3,12,5,employee,income,medium,advisor,3,3,2,3,2,0.53,0.497,0.527,moderate,0.605,0.263,0.088,0.044,0.679,0.243,0.076,0.002
29,24894,1354670,0.196,0.511,13,4,11,4,employee,wealth_generation,medium,none,4,3,2,5,5,0.73,0.259,0.49,moderate,0.598,0.268,0.089,0.045,0.596,0.27,0.102,0.032
32,24901,1357842,0.304,0.203,16,12,10,2,employee,wealth_generation,low,books,5,3,2,4,4,0.72,0.419,0.612,moderate,0.591,0.273,0.091,0.045,0.568,0.268,0.069,0.095
18,24906,1357941,0.081,0.422,0,15,22,2,employee,education,low,advisor,3,1,2,3,2,0.43,0.328,0.423,moderate,0.625,0.25,0.083,0.042,0.619,0.253,0.109,0.019
29,24915,1358185,0.136,0.515,7,4,1,3,employee,income,medium,friends,2,3,1,2,3,0.44,0.24,0.352,moderate,0.511,0.326,0.109,0.054,0.533,0.319,0.075,0.074
34,24918,1358755,0.057,0.491,10,14,3,4,employee,wealth_generation,low,advisor,3,4,3,4,3,0.68,0.256,0.466,moderate,0.531,0.312,0.104,0.052,0.531,0.312,0.149,0.008
21,24922,1361639,0.1,0.432,1,3,11,1,retired,home_purchase,medium,books,2,3,2,2,4,0.51,0.278,0.363,moderate,0.598,0.268,0.089,0.045,0.569,0.27,0.102,0.059
36,24923,1361854,0.129,0.442,20,2,8,4,self-employed,wealth_generation,medium,friends,2,4,2,3,2,0.53,0.279,0.427,moderate,0.575,0.283,0.094,0.047,0.602,0.254,0.111,0.033
30,24931,1363178,0.161,0.181,6,1,10,4,employee,wealth_generation,low,online,4,4,2,3,4,0.69,0.431,0.556,moderate,0.591,0.273,0.091,0.045,0.534,0.337,0.081,0.048
24,24934,1363339,0.097,0.119,4,3,33,2,student,retirement,medium,online,4,2,4,4,3,0.67,0.488,0.591,moderate,0.625,0.25,0.083,0.042,0.628,0.278,0.074,0.02
27,24955,1364938,0.096,0.31,6,5,17,2,employee,retirement,low,advisor,3,2,2,3,3,0.51,0.379,0.447,moderate,0.625,0.25,0.083,0.042,0.714,0.169,0.069,0.048
30,24977,1365661,0.213,0.255,6,14,20,2,employee,home_purchase,low,books,3,3,5,4,4,0.74,0.418,0.655,aggressive,0.792,0.125,0.042,0.042,0.833,0.113,0.054,0.0
28,24981,1365850,0.294,0.089,11,3,9,6,employee,retirement,low,online,1,3,5,3,5,0.64,0.477,0.6,moderate,0.583,0.278,0.093,0.046,0.596,0.269,0.092,0.043
30,24985,1369232,0.118,0.326,12,5,7,3,retired,wealth_generation,low,online,4,3,2,5,2,0.64,0.321,0.496,moderate,0.567,0.288,0.096,0.048,0.573,0.291,0.103,0.033
23,24985,1369353,0.191,0.282,1,10,17,3,self-employed,wealth_generation,medium,advisor,2,1,4,4,3,0.52,0.381,0.452,moderate,0.625,0.25,0.083,0.042,0.629,0.269,0.041,0.06
28,24991,1370342,0.104,0.419,10,4,18,4,employee,wealth_generation,medium,books,4,4,3,2,1,0.61,0.322,0.523,moderate,0.625,0.25,0.083,0.042,0.631,0.282,0.084,0.004
20,24998,1370696,0.268,0.299,3,9,12,3,employee,income,medium,online,3,2,3,3,3,0.55,0.374,0.483,moderate,0.605,0.263,0.088,0.044,0.613,0.244,0.124,0.02
27,25007,1370810,0.188,0.286,5,6,21,1,student,education,high,online,4,2,1,3,2,0.49,0.367,0.45,moderate,0.625,0.25,0.083,0.042,0.588,0.256,0.061,0.095
23,25069,1371847,0.22,0.238,0,3,25,4,employee,wealth_generation,low,online,3,2,3,2,2,0.49,0.44,0.506,moderate,0.625,0.25,0.083,0.042,0.636,0.3,0.049,0.015
24,25081,1372165,0.037,0.246,0,10,11,4,employee,home_purchase,medium,books,4,3,2,2,3,0.58,0.4,0.485,moderate,0.598,0.268,0.089,0.045,0.629,0.203,0.12,0.047
34,25088,1374294,0.172,0.507,17,0,6,2,employee,education,low,advisor,2,3,3,2,4,0.55,0.253,0.46,moderate,0.559,0.294,0.098,0.049,0.511,0.303,0.137,0.048
33,25098,1374889,0.158,0.112,16,4,12,0,employee,home_purchase,high,online,2,4,3,2,4,0.6,0.474,0.538,moderate,0.605,0.263,0.088,0.044,0.634,0.277,0.088,0.0
31,25101,1375698,0.111,0.24,9,5,29,4,employee,education,low,online,3,4,1,4,2,0.57,0.45,0.455,moderate,0.625,0.25,0.083,0.042,0.621,0.298,0.07,0.011
22,25129,1376871,0.105,0.317,3,6,8,4,employee,education,medium,books,3,3,4,1,5,0.64,0.355,0.491,moderate,0.575,0.283,0.094,0.047,0.605,0.295,0.055,0.045
26,25143,1377159,0.169,0.235,6,9,13,0,self-employed,retirement,low,friends,4,3,2,1,2,0.52,0.396,0.442,moderate,0.612,0.259,0.086,0.043,0.572,0.221,0.089,0.118
34,25147,1380520,0.196,0.179,18,6,15,4,unemployed,retirement,low,advisor,4,3,4,2,3,0.66,0.398,0.595,moderate,0.625,0.25,0.083,0.042,0.607,0.21,0.113,0.07
28,25158,1381408,0.027,0.18,7,8,6,6,retired,income,medium,online,4,4,2,3,3,0.66,0.388,0.547,moderate,0.559,0.294,0.098,0.049,0.575,0.295,0.078,0.052
39,25181,1382791,0.166,0.158,16,8,13,2,employee,retirement,low,none,2,4,5,2,3,0.65,0.452,0.562,moderate,0.612,0.259,0.086,0.043,0.589,0.296,0.115,0.0
29,25196,1382972,0.081,0.202,13,5,8,3,employee,retirement,low,online,3,3,4,3,1,0.58,0.415,0.559,moderate,0.575,0.283,0.094,0.047,0.576,0.316,0.059,0.049
28,25212,1383491,0.073,0.425,11,15,19,4,employee,retirement,medium,books,2,2,2,3,3,0.46,0.321,0.381,moderate,0.625,0.25,0.083,0.042,0.637,0.265,0.092,0.007
26,25216,1384259,0.178,0.261,4,16,15,2,employee,education,low,advisor,1,1,1,1,4,0.29,0.402,0.323,conservative,0.417,0.417,0.125,0.042,0.415,0.427,0.096,0.062
28,25239,1384379,0.115,0.161,11,8,18,4,unemployed,retirement,low,online,3,2,1,2,4,0.47,0.415,0.449,moderate,0.625,0.25,0.083,0.042,0.689,0.256,0.031,0.024
27,25246,1385286,0.142,0.217,3,1,6,5,unemployed,wealth_generation,low,online,3,3,3,1,2,0.51,0.355,0.446,moderate,0.559,0.294,0.098,0.049,0.601,0.275,0.099,0.025
31,25248,1385710,0.125,0.094,10,6,2,5,retired,wealth_generation,medium,advisor,4,2,5,4,3,0.71,0.417,0.603,moderate,0.521,0.319,0.106,0.053,0.518,0.311,0.104,0.067
32,25264,1386324,0.183,0.45,12,3,19,2,self-employed,retirement,high,advisor,3,5,4,3,3,0.74,0.296,0.579,moderate,0.625,0.25,0.083,0.042,0.562,0.273,0.114,0.05
24,25273,1386789,0.147,0.226,2,6,9,5,employee,retirement,low,advisor,3,3,2,3,2,0.53,0.406,0.455,moderate,0.583,0.278,0.093,0.046,0.583,0.255,0.101,0.061
21,25274,1388958,0.295,0.562,0,3,5,3,self-employed,retirement,medium,online,4,3,4,2,4,0.69,0.215,0.444,moderate,0.55,0.3,0.1,0.05,0.53,0.31,0.105,0.056
18,25283,1389818,0.124,0.204,0,9,4,2,employee,retirement,low,none,4,1,2,3,2,0.48,0.404,0.461,moderate,0.541,0.306,0.102,0.051,0.557,0.297,0.081,0.066
30,25300,1390111,0.204,0.402,9,1,12,1,retired,wealth_generation,medium,online,3,4,3,1,4,0.62,0.296,0.435,moderate,0.605,0.263,0.088,0.044,0.624,0.252,0.076,0.048
22,25301,1391069,0.103,0.168,2,16,5,6,employee,retirement,high,advisor,2,2,5,3,2,0.55,0.425,0.51,moderate,0.55,0.3,0.1,0.05,0.627,0.304,0.062,0.006
18,25306,1391903,0.155,0.074,0,3,13,3,retired,wealth_generation,low,online,2,4,4,2,2,0.58,0.461,0.554,moderate,0.612,0.259,0.086,0.043,0.641,0.249,0.079,0.031
29,25307,1392029,0.163,0.037,12,9,16,5,retired,income,medium,online,3,4,3,2,3,0.62,0.489,0.601,moderate,0.625,0.25,0.083,0.042,0.605,0.272,0.104,0.019
40,25314,1394099,0.119,0.298,17,14,12,1,employee,home_purchase,high,books,3,3,3,3,4,0.63,0.375,0.524,moderate,0.605,0.263,0.088,0.044,0.566,0.325,0.041,0.069
27,25333,1394237,0.148,0.19,8,3,21,5,employee,education,low,none,3,2,3,5,1,0.55,0.458,0.573,moderate,0.625,0.25,0.083,0.042,0.577,0.263,0.114,0.046
32,25336,1394495,0.108,0.239,16,15,5,1,retired,income,low,online,1,3,3,3,3,0.5,0.358,0.402,moderate,0.55,0.3,0.1,0.05,0.518,0.356,0.053,0.073
28,25351,1394892,0.006,0.392,10,5,11,0,unemployed,wealth_generation,high,none,4,3,4,1,2,0.6,0.287,0.518,moderate,0.598,0.268,0.089,0.045,0.634,0.225,0.1,0.04
27,25356,1396702,0.093,0.164,3,16,5,8,retired,education,low,online,2,1,3,3,3,0.45,0.393,0.404,moderate,0.55,0.3,0.1,0.05,0.555,0.299,0.122,0.023
32,25358,1397255,0.194,0.189,13,17,20,1,retired,education,low,online,3,3,4,4,3,0.67,0.423,0.572,moderate,0.625,0.25,0.083,0.042,0.608,0.226,0.117,0.049
26,25364,1397958,0.211,0.407,8,3,23,3,retired,income,medium,advisor,5,2,2,4,5,0.7,0.315,0.551,moderate,0.625,0.25,0.083,0.042,0.634,0.24,0.115,0.012
29,25373,1400447,0.109,0.256,10,12,10,5,unemployed,wealth_generation,medium,friends,2,4,2,4,4,0.62,0.348,0.552,moderate,0.591,0.273,0.091,0.045,0.64,0.258,0.088,0.014
29,25376,1402330,0.135,0.397,11,3,8,5,employee,retirement,low,books,2,5,5,2,3,0.7,0.314,0.513,moderate,0.575,0.283,0.094,0.047,0.555,0.274,0.113,0.058
24,25379,1403713,0.03,0.214,6,3,7,3,employee,retirement,medium,none,4,1,3,1,4,0.52,0.407,0.539,moderate,0.567,0.288,0.096,0.048,0.55,0.303,0.109,0.038
32,25390,1406229,0.099,0.222,15,1,19,4,self-employed,retirement,medium,online,3,3,1,2,4,0.52,0.419,0.415,moderate,0.625,0.25,0.083,0.042,0.601,0.235,0.142,0.022
27,25408,1406318,0.213,0.127,6,2,15,4,employee,education,low,advisor,3,4,4,4,2,0.69,0.475,0.602,moderate,0.625,0.25,0.083,0.042,0.65,0.225,0.07,0.055
24,25413,1406612,0.174,0.461,3,8,20,1,employee,wealth_generation,low,online,3,2,2,4,2,0.51,0.303,0.444,moderate,0.625,0.25,0.083,0.042,0.602,0.243,0.098,0.057
30,25421,1407936,0.091,0.444,11,6,4,2,employee,retirement,medium,online,2,3,3,3,5,0.61,0.282,0.51,moderate,0.541,0.306,0.102,0.051,0.563,0.292,0.093,0.051
23,25429,1409480,0.103,0.575,0,11,11,2,retired,home_purchase,low,online,2,3,3,4,2,0.55,0.209,0.371,moderate,0.598,0.268,0.089,0.045,0.595,0.271,0.087,0.047
28,25479,1410755,0.224,0.224,7,5,15,3,employee,income,high,advisor,3,3,2,1,3,0.5,0.423,0.41,moderate,0.625,0.25,0.083,0.042,0.61,0.25,0.07,0.07
27,25495,1410983,0.092,0.392,4,17,21,2,self-employed,education,low,books,4,3,3,4,3,0.68,0.332,0.58,moderate,0.625,0.25,0.083,0.042,0.555,0.252,0.134,0.059
33,25501,1414737,0.12,0.228,12,1,9,2,retired,retirement,low,friends,4,5,2,3,3,0.71,0.374,0.583,moderate,0.583,0.278,0.093,0.046,0.572,0.28,0.045,0.103
30,25514,1414892,0.186,0.243,6,1,8,2,employee,wealth_generation,low,online,4,3,4,3,3,0.69,0.395,0.515,moderate,0.575,0.283,0.094,0.047,0.637,0.252,0.081,0.03
27,25515,1417876,0.165,0.398,9,9,21,3,employee,income,low,advisor,3,2,5,1,2,0.54,0.34,0.445,moderate,0.625,0.25,0.083,0.042,0.649,0.223,0.118,0.01
32,25523,1419645,0.145,0.132,14,13,2,3,student,retirement,low,books,3,3,3,2,2,0.54,0.391,0.458,moderate,0.521,0.319,0.106,0.053,0.575,0.326,0.061,0.038
34,25524,1421422,0.254,0.152,17,11,11,2,employee,wealth_generation,medium,online,3,4,2,3,2,0.58,0.451,0.562,moderate,0.598,0.268,0.089,0.045,0.559,0.27,0.108,0.062
30,25524,1421423,0.094,0.191,9,6,11,5,employee,retirement,low,advisor,1,2,4,2,4,0.49,0.43,0.455,moderate,0.598,0.268,0.089,0.045,0.612,0.29,0.062,0.036
28,25537,1422303,0.204,0.375,6,4,5,5,self-employed,home_purchase,low,books,3,2,3,2,3,0.52,0.307,0.429,moderate,0.55,0.3,0.1,0.05,0.608,0.288,0.085,0.019
21,25551,1422946,0.078,0.213,0,0,9,2,employee,home_purchase,medium,online,4,2,3,2,2,0.54,0.413,0.482,moderate,0.583,0.278,0.093,0.046,0.596,0.304,0.082,0.018
22,25559,1424306,0.176,0.208,2,7,16,1,employee,wealth_generation,medium,friends,3,2,3,4,2,0.55,0.435,0.554,moderate,0.625,0.25,0.083,0.042,0.618,0.233,0.062,0.087
26,25570,1425933,0.242,0.708,5,6,9,4,retired,retirement,medium,online,2,4,2,5,3,0.62,0.142,0.456,moderate,0.583,0.278,0.093,0.046,0.61,0.28,0.077,0.033
24,25575,1426816,0.145,0.217,2,5,8,6,employee,retirement,low,online,3,1,2,1,3,0.4,0.408,0.424,moderate,0.575,0.283,0.094,0.047,0.609,0.29,0.101,0.0
27,25583,1429255,0.2,0.164,10,8,17,0,unemployed,retirement,low,none,3,4,4,4,3,0.72,0.411,0.603,moderate,0.625,0.25,0.083,0.042,0.623,0.245,0.054,0.079
28,25583,1429453,0.225,0.304,6,10,29,0,employee,education,low,online,3,4,2,2,5,0.64,0.412,0.555,moderate,0.625,0.25,0.083,0.042,0.615,0.261,0.07,0.055
30,25584,1434839,0.071,0.382,14,9,17,2,employee,retirement,medium,books,1,4,3,2,2,0.49,0.341,0.403,moderate,0.625,0.25,0.083,0.042,0.588,0.265,0.075,0.072
27,25593,1437889,0.195,0.069,6,4,19,4,self-employed,retirement,low,advisor,3,3,3,3,3,0.6,0.502,0.587,moderate,0.625,0.25,0.083,0.042,0.59,0.224,0.114,0.072
30,25602,1438351,0.264,0.303,7,8,23,7,employee,education,low,online,4,4,5,4,3,0.81,0.399,0.634,moderate,0.625,0.25,0.083,0.042,0.618,0.251,0.099,0.033
28,25604,1439130,0.168,0.041,12,2,18,4,employee,wealth_generation,low,online,4,3,3,2,3,0.62,0.533,0.547,moderate,0.625,0.25,0.083,0.042,0.616,0.267,0.032,0.084
18,25620,1440037,0.086,0.268,2,2,27,4,retired,income,low,online,1,4,3,3,3,0.55,0.4,0.485,moderate,0.625,0.25,0.083,0.042,0.62,0.244,0.055,0.081
23,25630,1440132,0.068,0.168,2,11,16,4,student,wealth_generation,medium,advisor,4,5,3,5,4,0.84,0.415,0.67,aggressive,0.792,0.125,0.042,0.042,0.775,0.126,0.055,0.043
27,25634,1441131,0.104,0.188,7,9,14,2,employee,retirement,low,advisor,2,3,3,2,3,0.52,0.44,0.528,moderate,0.619,0.254,0.085,0.042,0.624,0.236,0.083,0.057
21,25635,1444569,0.06,0.247,3,10,15,4,employee,wealth_generation,low,books,3,3,3,3,3,0.6,0.411,0.55,moderate,0.625,0.25,0.083,0.042,0.615,0.223,0.146,0.017
30,25657,1444826,0.156,0.472,8,2,21,2,employee,retirement,high,books,4,4,2,5,2,0.69,0.299,0.504,moderate,0.625,0.25,0.083,0.042,0.646,0.231,0.049,0.075
35,25660,1446532,0.047,0.339,13,14,15,2,self-employed,retirement,low,online,3,4,5,3,2,0.7,0.347,0.59,moderate,0.625,0.25,0.083,0.042,0.632,0.267,0.047,0.054
34,25661,1446675,0.095,0.483,12,2,17,2,employee,wealth_generation,low,none,1,1,3,4,2,0.4,0.286,0.276,conservative,0.417,0.417,0.125,0.042,0.347,0.458,0.105,0.09
26,25663,1447839,0.141,0.319,5,13,6,4,employee,wealth_generation,low,books,3,2,2,4,2,0.51,0.351,0.459,moderate,0.559,0.294,0.098,0.049,0.516,0.263,0.115,0.106
35,25667,1448716,0.148,0.01,16,5,21,5,employee,retirement,high,none,4,2,4,5,2,0.67,0.561,0.606,moderate,0.625,0.25,0.083,0.042,0.659,0.275,0.049,0.017
28,25668,1450987,0.166,0.172,4,2,10,4,employee,wealth_generation,high,advisor,5,3,2,3,3,0.66,0.438,0.529,moderate,0.591,0.273,0.091,0.045,0.584,0.284,0.106,0.026
26,25668,1451238,0.195,0.451,2,4,5,1,employee,home_purchase,low,friends,4,4,4,2,3,0.71,0.281,0.503,moderate,0.55,0.3,0.1,0.05,0.519,0.306,0.098,0.077
24,25674,1451393,0.036,0.312,2,3,18,0,employee,education,medium,books,1,4,3,4,2,0.55,0.382,0.527,moderate,0.625,0.25,0.083,0.042,0.618,0.219,0.111,0.053
26,25677,1451399,0.051,0.566,4,6,9,2,employee,wealth_generation,low,books,1,4,4,3,1,0.53,0.228,0.423,moderate,0.583,0.278,0.093,0.046,0.633,0.304,0.063,0.0
26,25678,1452088,0.042,0.122,3,15,6,2,student,retirement,low,advisor,4,2,4,3,3,0.64,0.409,0.559,moderate,0.559,0.294,0.098,0.049,0.592,0.33,0.078,0.0
28,25680,1452251,0.138,0.184,8,4,7,3,employee,wealth_generation,low,friends,3,2,3,4,5,0.64,0.423,0.582,moderate,0.567,0.288,0.096,0.048,0.58,0.276,0.125,0.02
28,25691,1454355,0.033,0.209,4,8,2,1,self-employed,retirement,low,advisor,3,4,2,5,2,0.64,0.381,0.529,moderate,0.521,0.319,0.106,0.053,0.502,0.298,0.135,0.065
28,25691,1454698,0.205,0.196,7,13,4,4,employee,education,medium,friends,3,4,2,4,2,0.61,0.409,0.571,moderate,0.541,0.306,0.102,0.051,0.555,0.333,0.107,0.006
30,25694,1458109,0.095,0.166,8,8,13,4,retired,home_purchase,medium,advisor,4,4,4,4,5,0.83,0.416,0.658,aggressive,0.784,0.129,0.043,0.043,0.863,0.137,0.0,0.0
33,25699,1459019,0.275,0.239,11,5,20,2,employee,retirement,low,books,3,3,3,4,5,0.69,0.428,0.491,moderate,0.625,0.25,0.083,0.042,0.6,0.273,0.063,0.063
32,25699,1460413,0.15,0.312,8,20,10,3,unemployed,wealth_generation,medium,none,3,2,4,2,3,0.56,0.323,0.513,moderate,0.591,0.273,0.091,0.045,0.591,0.257,0.109,0.042
20,25706,1460694,0.143,0.19,0,3,14,1,employee,retirement,medium,books,3,3,3,1,2,0.51,0.44,0.393,moderate,0.619,0.254,0.085,0.042,0.613,0.255,0.063,0.069
18,25707,1461278,0.214,0.076,0,7,18,3,employee,income,medium,online,4,1,3,3,1,0.49,0.514,0.491,moderate,0.625,0.25,0.083,0.042,0.597,0.277,0.076,0.05
32,25715,1461868,0.197,0.339,11,11,9,5,self-employed,home_purchase,medium,friends,5,2,4,3,2,0.66,0.334,0.552,moderate,0.583,0.278,0.093,0.046,0.583,0.289,0.104,0.023
21,25717,1463087,0.174,0.244,0,0,14,4,employee,retirement,medium,books,3,3,3,2,2,0.54,0.41,0.417,moderate,0.619,0.254,0.085,0.042,0.605,0.248,0.147,0.0
26,25721,1463770,0.272,0.279,4,9,9,1,retired,income,low,online,4,3,3,2,5,0.68,0.35,0.544,moderate,0.583,0.278,0.093,0.046,0.548,0.292,0.059,0.101
22,25722,1465877,0.138,0.243,1,4,14,5,employee,retirement,medium,books,3,1,3,2,4,0.5,0.411,0.459,moderate,0.619,0.254,0.085,0.042,0.618,0.246,0.087,0.048
18,25738,1467034,0.222,0.439,0,2,6,4,employee,retirement,medium,online,4,4,3,3,3,0.7,0.289,0.563,moderate,0.559,0.294,0.098,0.049,0.604,0.276,0.12,0.0
30,25740,1467658,0.13,0.28,9,4,27,3,employee,retirement,medium,online,4,2,3,5,2,0.63,0.422,0.561,moderate,0.625,0.25,0.083,0.042,0.626,0.245,0.087,0.041
31,25753,1468128,0.231,0.468,13,17,3,4,employee,education,medium,advisor,3,5,3,1,3,0.64,0.269,0.451,moderate,0.531,0.312,0.104,0.052,0.572,0.289,0.112,0.027
25,25758,1469530,0.104,0.263,9,13,11,2,employee,income,medium,books,5,4,2,3,3,0.71,0.393,0.564,moderate,0.598,0.268,0.089,0.045,0.546,0.288,0.083,0.083
18,25790,1469708,0.111,0.183,2,3,8,3,employee,retirement,low,advisor,4,2,3,5,1,0.6,0.427,0.499,moderate,0.575,0.283,0.094,0.047,0.615,0.278,0.107,0.0
25,25825,1471314,0.189,0.207,5,2,13,4,self-employed,income,low,online,4,4,1,2,3,0.59,0.412,0.463,moderate,0.612,0.259,0.086,0.043,0.591,0.283,0.054,0.072
29,25834,1471574,0.093,0.267,6,5,10,6,employee,retirement,low,none,2,2,3,4,4,0.56,0.388,0.472,moderate,0.591,0.273,0.091,0.045,0.601,0.287,0.063,0.049
20,25845,1471856,0.097,0.27,2,8,8,1,retired,wealth_generation,low,books,4,4,5,5,3,0.84,0.352,0.689,aggressive,0.764,0.142,0.047,0.047,0.799,0.116,0.04,0.045
28,25848,1472503,0.114,0.33,11,12,7,3,employee,income,low,books,4,3,3,3,4,0.68,0.348,0.561,moderate,0.567,0.288,0.096,0.048,0.551,0.316,0.076,0.057
27,25848,1473499,0.189,0.154,4,17,6,6,self-employed,retirement,medium,books,4,4,3,3,1,0.64,0.419,0.565,moderate,0.559,0.294,0.098,0.049,0.522,0.326,0.101,0.051
30,25861,1474374,0.249,0.318,6,10,17,2,employee,wealth_generation,high,online,3,3,2,3,3,0.56,0.377,0.451,moderate,0.625,0.25,0.083,0.042,0.576,0.262,0.102,0.061
28,25862,1476646,0.188,0.371,4,8,6,5,employee,wealth_generation,medium,online,2,3,4,2,3,0.56,0.325,0.407,moderate,0.559,0.294,0.098,0.049,0.53,0.262,0.142,0.066
23,25868,1477791,0.227,0.325,6,2,17,0,employee,wealth_generation,low,advisor,3,3,4,4,4,0.7,0.373,0.586,moderate,0.625,0.25,0.083,0.042,0.661,0.254,0.04,0.045
33,25877,1478174,0.162,0.252,10,1,11,0,student,retirement,low,books,3,4,4,3,2,0.66,0.361,0.571,moderate,0.598,0.268,0.089,0.045,0.569,0.253,0.093,0.085
27,25878,1478306,0.046,0.612,10,8,3,2,employee,wealth_generation,medium,none,3,2,2,3,3,0.51,0.196,0.389,moderate,0.531,0.312,0.104,0.052,0.592,0.318,0.069,0.022
27,25900,1484004,0.059,0.225,5,7,5,5,employee,retirement,medium,none,3,1,3,1,2,0.41,0.397,0.428,moderate,0.55,0.3,0.1,0.05,0.613,0.282,0.046,0.059
23,25905,1484108,0.164,0.094,0,12,21,1,retired,income,low,advisor,3,4,4,3,3,0.69,0.477,0.595,moderate,0.625,0.25,0.083,0.042,0.581,0.239,0.105,0.075
25,25907,1484881,0.119,0.393,9,4,13,3,employee,wealth_generation,low,friends,3,4,2,2,4,0.61,0.328,0.499,moderate,0.612,0.259,0.086,0.043,0.595,0.263,0.123,0.019
23,25919,1486509,0.095,0.149,0,1,6,1,employee,income,medium,friends,3,5,4,4,1,0.71,0.439,0.58,moderate,0.559,0.294,0.098,0.049,0.558,0.331,0.072,0.039
27,25922,1486936,0.146,0.341,9,6,15,2,student,home_purchase,medium,online,4,2,4,3,3,0.64,0.327,0.527,moderate,0.625,0.25,0.083,0.042,0.608,0.249,0.073,0.07
36,25930,1486975,0.187,0.133,20,17,18,3,employee,retirement,high,online,2,1,3,3,2,0.42,0.483,0.439,moderate,0.625,0.25,0.083,0.042,0.649,0.209,0.094,0.048
21,25939,1490929,0.13,0.022,0,11,8,2,employee,wealth_generation,low,online,1,1,4,3,2,0.41,0.512,0.469,moderate,0.575,0.283,0.094,0.047,0.601,0.292,0.084,0.023
19,25941,1493062,0.22,0.124,1,1,12,2,employee,home_purchase,medium,friends,3,4,3,3,5,0.71,0.47,0.638,moderate,0.605,0.263,0.088,0.044,0.604,0.262,0.1,0.035
35,25948,1497772,0.203,0.215,12,13,8,3,retired,wealth_generation,medium,books,2,2,3,3,4,0.53,0.379,0.459,moderate,0.575,0.283,0.094,0.047,0.561,0.196,0.131,0.111
26,25949,1498135,0.202,0.094,2,6,3,4,employee,retirement,low,books,2,3,2,4,3,0.54,0.458,0.523,moderate,0.531,0.312,0.104,0.052,0.504,0.26,0.127,0.109
24,25950,1499589,0.325,0.142,7,5,10,1,employee,wealth_generation,low,online,3,3,3,2,4,0.6,0.454,0.521,moderate,0.591,0.273,0.091,0.045,0.565,0.33,0.105,0.0
33,25986,1499966,0.112,0.364,17,5,16,3,unemployed,education,low,books,4,3,3,2,5,0.68,0.312,0.587,moderate,0.625,0.25,0.083,0.042,0.65,0.239,0.078,0.033
24,25995,1503159,0.182,0.366,1,8,11,2,employee,wealth_generation,low,books,4,3,4,4,4,0.75,0.338,0.628,moderate,0.598,0.268,0.089,0.045,0.626,0.252,0.057,0.065
37,25999,1503657,0.236,0.391,16,7,10,3,employee,wealth_generation,medium,advisor,2,3,3,3,4,0.58,0.323,0.486,moderate,0.591,0.273,0.091,0.045,0.616,0.267,0.035,0.082
31,26004,1506345,0.169,0.405,15,9,9,5,employee,retirement,high,books,4,3,1,4,4,0.63,0.313,0.481,moderate,0.583,0.278,0.093,0.046,0.649,0.236,0.07,0.046
25,26020,1506649,0.216,0.23,7,7,11,6,employee,income,low,friends,5,3,1,3,3,0.62,0.41,0.544,moderate,0.598,0.268,0.089,0.045,0.594,0.253,0.132,0.021
38,26026,1506773,0.136,0.422,14,2,8,2,employee,retirement,medium,advisor,3,4,2,3,3,0.61,0.303,0.451,moderate,0.575,0.283,0.094,0.047,0.609,0.301,0.044,0.046
24,26034,1508638,0.171,0.268,0,4,13,4,self-employed,education,low,online,5,2,4,2,3,0.66,0.381,0.561,moderate,0.612,0.259,0.086,0.043,0.624,0.214,0.064,0.098
31,26037,1509961,0.04,0.248,10,12,3,4,employee,wealth_generation,low,books,2,4,4,3,2,0.61,0.381,0.454,moderate,0.531,0.312,0.104,0.052,0.534,0.332,0.1,0.035
29,26052,1514073,0.326,0.343,11,9,18,5,self-employed,wealth_generation,low,online,3,3,4,2,4,0.64,0.353,0.493,moderate,0.625,0.25,0.083,0.042,0.63,0.279,0.059,0.031
34,26053,1514926,0.219,0.149,11,6,5,6,employee,wealth_generation,low,friends,4,2,3,3,4,0.63,0.436,0.564,moderate,0.55,0.3,0.1,0.05,0.569,0.265,0.13,0.035
35,26070,1515197,0.241,0.376,14,3,14,3,employee,retirement,low,none,2,3,4,3,1,0.53,0.339,0.495,moderate,0.619,0.254,0.085,0.042,0.62,0.272,0.043,0.065
28,26080,1515695,0.193,0.234,12,0,10,7,retired,retirement,medium,online,3,4,4,1,3,0.63,0.376,0.539,moderate,0.591,0.273,0.091,0.045,0.59,0.292,0.059,0.059
24,26091,1517216,0.086,0.106,3,4,17,7,employee,income,low,books,4,4,4,5,3,0.8,0.495,0.668,aggressive,0.792,0.125,0.042,0.042,0.798,0.115,0.027,0.061
30,26095,1520410,0.026,0.102,10,1,18,3,employee,retirement,low,advisor,3,2,2,3,4,0.54,0.501,0.495,moderate,0.625,0.25,0.083,0.042,0.67,0.237,0.073,0.02
24,26097,1521025,0.24,0.126,1,6,6,3,unemployed,wealth_generation,medium,books,2,4,2,4,4,0.62,0.399,0.516,moderate,0.559,0.294,0.098,0.049,0.569,0.269,0.105,0.057
38,26102,1521073,0.133,0.439,21,11,15,4,employee,income,medium,advisor,3,4,2,3,2,0.58,0.307,0.418,moderate,0.625,0.25,0.083,0.042,0.591,0.262,0.119,0.028
28,26103,1524221,0.105,0.607,6,4,6,3,retired,retirement,low,online,3,3,4,3,4,0.67,0.187,0.465,moderate,0.559,0.294,0.098,0.049,0.561,0.289,0.06,0.091
26,26110,1524473,0.165,0.207,5,12,4,4,retired,retirement,medium,online,3,3,5,2,1,0.59,0.373,0.569,moderate,0.541,0.306,0.102,0.051,0.566,0.269,0.074,0.09
28,26110,1524576,0.138,0.182,12,9,22,3,employee,income,high,friends,4,2,2,4,2,0.56,0.467,0.527,moderate,0.625,0.25,0.083,0.042,0.69,0.243,0.042,0.025
21,26113,1524758,0.183,0.152,0,2,5,0,self-employed,education,medium,books,5,3,3,2,3,0.67,0.419,0.582,moderate,0.55,0.3,0.1,0.05,0.582,0.313,0.063,0.042
23,26132,1525284,0.15,0.394,2,8,6,5,employee,wealth_generation,low,advisor,1,1,1,4,2,0.32,0.313,0.261,conservative,0.314,0.49,0.147,0.049,0.32,0.447,0.136,0.097
34,26144,1529737,0.193,0.147,16,2,4,6,student,wealth_generation,medium,online,2,3,5,4,2,0.63,0.392,0.577,moderate,0.541,0.306,0.102,0.051,0.535,0.35,0.077,0.038
24,26151,1532364,0.236,0.469,4,9,11,0,student,income,medium,none,2,2,2,4,3,0.49,0.257,0.442,moderate,0.598,0.268,0.089,0.045,0.598,0.254,0.049,0.099
22,26151,1532611,0.088,0.322,0,2,22,5,employee,retirement,medium,books,2,2,5,4,2,0.58,0.388,0.509,moderate,0.625,0.25,0.083,0.042,0.609,0.295,0.061,0.035
30,26152,1534499,0.119,0.444,6,5,7,3,employee,retirement,low,friends,4,2,3,3,3,0.6,0.289,0.494,moderate,0.567,0.288,0.096,0.048,0.562,0.316,0.122,0.0
33,26187,1534923,0.141,0.278,14,7,12,4,retired,retirement,medium,online,2,3,1,3,4,0.5,0.359,0.423,moderate,0.605,0.263,0.088,0.044,0.587,0.269,0.111,0.033
31,26191,1535610,0.293,0.331,14,1,10,3,unemployed,retirement,low,books,4,2,1,1,4,0.49,0.315,0.412,moderate,0.591,0.273,0.091,0.045,0.61,0.294,0.068,0.027
32,26213,1537176,0.127,0.303,14,2,8,3,unemployed,wealth_generation,low,online,3,3,5,3,3,0.68,0.323,0.618,moderate,0.575,0.283,0.094,0.047,0.594,0.289,0.061,0.056
24,26216,1537801,0.13,0.399,2,4,13,3,self-employed,wealth_generation,low,books,2,5,3,2,3,0.62,0.313,0.483,moderate,0.612,0.259,0.086,0.043,0.575,0.276,0.078,0.071
20,26219,1538904,0.184,0.401,0,6,12,5,employee,income,medium,online,5,5,2,4,3,0.79,0.322,0.658,aggressive,0.781,0.132,0.044,0.044,0.793,0.143,0.032,0.032
35,26224,1539009,0.137,0.292,15,12,9,4,employee,wealth_generation,medium,books,4,3,4,4,1,0.66,0.373,0.607,moderate,0.583,0.278,0.093,0.046,0.644,0.241,0.045,0.069
26,26231,1540030,0.284,0.308,8,3,19,3,self-employed,income,medium,online,3,2,3,3,2,0.52,0.375,0.475,moderate,0.625,0.25,0.083,0.042,0.599,0.217,0.116,0.069
26,26233,1540236,0.251,0.467,10,5,3,4,employee,home_purchase,low,online,2,2,2,4,4,0.52,0.27,0.417,moderate,0.531,0.312,0.104,0.052,0.566,0.283,0.151,0.0
34,26233,1540346,0.156,0.475,18,6,3,7,retired,education,medium,online,2,4,4,4,1,0.61,0.245,0.424,moderate,0.531,0.312,0.104,0.052,0.504,0.341,0.06,0.095
30,26237,1540661,0.182,0.32,13,4,29,1,retired,retirement,medium,online,3,4,1,5,2,0.6,0.377,0.527,moderate,0.625,0.25,0.083,0.042,0.672,0.265,0.06,0.003
30,26240,1541372,0.041,0.011,10,8,16,3,student,wealth_generation,medium,friends,4,4,3,4,5,0.79,0.496,0.673,aggressive,0.792,0.125,0.042,0.042,0.767,0.138,0.046,0.049
38,26253,1542706,0.193,0.093,20,4,18,5,employee,retirement,high,books,2,3,4,1,4,0.56,0.506,0.535,moderate,0.625,0.25,0.083,0.042,0.619,0.254,0.086,0.041
24,26259,1543199,0.196,0.415,2,10,13,4,self-employed,wealth_generation,low,online,5,4,3,5,3,0.81,0.305,0.594,moderate,0.612,0.259,0.086,0.043,0.568,0.267,0.091,0.074
32,26262,1546084,0.125,0.08,15,7,10,6,employee,home_purchase,medium,none,2,2,3,3,3,0.5,0.488,0.504,moderate,0.591,0.273,0.091,0.045,0.56,0.322,0.118,0.0
28,26283,1547191,0.094,0.149,11,1,14,0,employee,education,high,online,3,3,5,3,4,0.71,0.463,0.625,moderate,0.619,0.254,0.085,0.042,0.621,0.29,0.066,0.023
29,26284,1547467,0.261,0.157,11,8,4,5,student,home_purchase,low,advisor,1,3,4,4,4,0.6,0.388,0.514,moderate,0.541,0.306,0.102,0.051,0.571,0.267,0.116,0.046
35,26293,1550990,0.139,0.296,19,7,16,5,student,retirement,medium,advisor,3,3,2,4,2,0.56,0.353,0.513,moderate,0.625,0.25,0.083,0.042,0.635,0.229,0.062,0.074
30,26303,1551997,0.184,0.287,13,5,12,5,employee,retirement,low,online,4,3,3,4,4,0.71,0.383,0.579,moderate,0.605,0.263,0.088,0.044,0.604,0.239,0.093,0.064
30,26312,1552167,0.027,0.181,10,0,24,4,unemployed,wealth_generation,low,books,3,3,5,3,4,0.71,0.424,0.591,moderate,0.625,0.25,0.083,0.042,0.607,0.261,0.13,0.002
33,26333,1552304,0.136,0.147,15,3,14,1,employee,wealth_generation,medium,friends,3,2,3,2,3,0.52,0.465,0.464,moderate,0.619,0.254,0.085,0.042,0.596,0.292,0.107,0.005
26,26342,1553449,0.224,0.364,5,5,5,3,self-employed,retirement,high,books,1,3,3,2,3,0.47,0.314,0.401,moderate,0.55,0.3,0.1,0.05,0.546,0.273,0.107,0.074
23,26366,1554012,0.131,0.481,6,3,11,3,retired,education,low,online,3,3,2,4,4,0.62,0.256,0.473,moderate,0.598,0.268,0.089,0.045,0.623,0.236,0.089,0.052
22,26411,1554616,0.173,0.056,0,8,3,3,employee,wealth_generation,medium,friends,3,3,5,3,2,0.65,0.479,0.508,moderate,0.531,0.312,0.104,0.052,0.509,0.339,0.097,0.055
18,26412,1554868,0.092,0.11,0,9,16,4,employee,home_purchase,medium,online,2,4,5,2,3,0.65,0.491,0.602,moderate,0.625,0.25,0.083,0.042,0.62,0.272,0.067,0.041
38,26419,1555747,0.137,0.312,20,12,11,4,employee,wealth_generation,medium,online,3,3,1,4,4,0.58,0.368,0.523,moderate,0.598,0.268,0.089,0.045,0.63,0.265,0.036,0.069
22,26422,1556598,0.268,0.384,2,8,9,2,employee,retirement,low,books,1,5,5,1,1,0.56,0.325,0.532,moderate,0.583,0.278,0.093,0.046,0.575,0.264,0.09,0.071
26,26424,1558270,0.166,0.377,3,9,25,4,employee,retirement,low,online,3,4,3,3,4,0.68,0.363,0.525,moderate,0.625,0.25,0.083,0.042,0.682,0.196,0.095,0.027
26,26432,1561077,0.255,0.343,2,8,23,1,employee,home_purchase,low,none,2,4,3,1,2,0.51,0.378,0.454,moderate,0.625,0.25,0.083,0.042,0.667,0.21,0.086,0.037
29,26437,1561343,0.255,0.436,13,19,24,0,employee,home_purchase,low,books,3,3,3,3,3,0.6,0.326,0.504,moderate,0.625,0.25,0.083,0.042,0.628,0.245,0.079,0.049
32,26475,1562484,0.278,0.151,13,4,6,3,retired,wealth_generation,high,books,2,4,3,3,3,0.6,0.406,0.521,moderate,0.559,0.294,0.098,0.049,0.496,0.291,0.123,0.09
32,26477,1565063,0.252,0.095,11,4,16,5,employee,retirement,medium,advisor,3,4,3,3,1,0.59,0.5,0.531,moderate,0.625,0.25,0.083,0.042,0.649,0.272,0.046,0.032
25,26482,1567498,0.004,0.301,4,2,23,5,student,retirement,low,online,4,3,4,5,4,0.78,0.367,0.571,moderate,0.625,0.25,0.083,0.042,0.549,0.228,0.142,0.08
27,26482,1568591,0.272,0.394,3,6,13,3,self-employed,wealth_generation,medium,advisor,3,3,5,3,3,0.68,0.316,0.537,moderate,0.612,0.259,0.086,0.043,0.608,0.257,0.075,0.06
29,26486,1570359,0.072,0.289,13,1,6,5,self-employed,retirement,medium,online,3,2,1,5,2,0.5,0.354,0.479,moderate,0.559,0.294,0.098,0.049,0.491,0.326,0.112,0.071
26,26525,1570515,0.031,0.521,6,4,18,1,employee,retirement,medium,online,3,3,4,2,3,0.61,0.267,0.473,moderate,0.625,0.25,0.083,0.042,0.669,0.259,0.067,0.005
36,26537,1570932,0.04,0.379,20,6,20,7,employee,income,low,advisor,4,2,2,2,3,0.53,0.351,0.457,moderate,0.625,0.25,0.083,0.042,0.646,0.262,0.069,0.023
30,26546,1571397,0.123,0.335,9,16,15,6,student,education,medium,online,3,3,4,2,3,0.61,0.331,0.51,moderate,0.625,0.25,0.083,0.042,0.618,0.246,0.065,0.071
31,26551,1575143,0.177,0.062,7,16,8,4,employee,home_purchase,low,books,3,2,5,1,4,0.6,0.492,0.579,moderate,0.575,0.283,0.094,0.047,0.62,0.26,0.08,0.04
31,26554,1575322,0.134,0.095,12,10,6,1,employee,wealth_generation,low,books,4,4,3,4,3,0.73,0.469,0.635,moderate,0.559,0.294,0.098,0.049,0.606,0.313,0.058,0.023
33,26558,1577015,0.022,0.374,9,5,14,3,unemployed,wealth_generation,medium,books,3,3,3,3,2,0.57,0.304,0.426,moderate,0.619,0.254,0.085,0.042,0.575,0.276,0.084,0.065
28,26579,1578850,0.148,0.142,10,12,11,2,unemployed,retirement,medium,friends,2,5,5,4,4,0.79,0.407,0.651,aggressive,0.777,0.134,0.045,0.045,0.795,0.13,0.019,0.056
21,26590,1578913,0.142,0.034,0,13,14,4,employee,wealth_generation,low,online,3,3,4,4,5,0.73,0.527,0.63,moderate,0.619,0.254,0.085,0.042,0.656,0.216,0.102,0.026
29,26601,1579772,0.208,0.456,9,14,4,2,self-employed,education,low,friends,2,5,3,3,3,0.65,0.267,0.475,moderate,0.541,0.306,0.102,0.051,0.572,0.294,0.11,0.023
24,26609,1581204,0.108,0.439,8,8,5,3,employee,retirement,medium,advisor,3,4,4,4,3,0.72,0.289,0.515,moderate,0.55,0.3,0.1,0.05,0.53,0.276,0.141,0.054
25,26611,1581708,0.094,0.152,3,3,9,2,employee,wealth_generation,low,online,1,1,3,3,3,0.4,0.448,0.417,moderate,0.583,0.278,0.093,0.046,0.584,0.243,0.143,0.03
30,26614,1582912,0.103,0.371,7,1,7,2,employee,income,medium,advisor,2,3,3,3,1,0.49,0.328,0.409,moderate,0.567,0.288,0.096,0.048,0.525,0.321,0.081,0.074
34,26625,1583054,0.114,0.052,13,14,13,2,employee,home_purchase,low,online,2,4,2,4,4,0.62,0.514,0.569,moderate,0.612,0.259,0.086,0.043,0.66,0.213,0.112,0.015
28,26627,1583676,0.173,0.18,12,1,9,0,employee,education,low,friends,2,3,4,4,2,0.59,0.434,0.497,moderate,0.583,0.278,0.093,0.046,0.642,0.248,0.068,0.042
29,26641,1586053,0.148,0.304,5,4,15,4,employee,retirement,medium,books,1,4,4,3,4,0.62,0.382,0.552,moderate,0.625,0.25,0.083,0.042,0.633,0.257,0.111,0.0
36,26660,1589185,0.121,0.363,14,6,17,2,retired,retirement,low,online,2,3,3,4,4,0.61,0.328,0.486,moderate,0.625,0.25,0.083,0.042,0.548,0.316,0.08,0.056
29,26669,1589199,0.128,0.014,8,0,6,4,employee,retirement,low,books,4,4,3,3,3,0.7,0.511,0.603,moderate,0.559,0.294,0.098,0.049,0.537,0.328,0.135,0.0
41,26672,1589743,0.128,0.196,22,14,22,4,employee,retirement,low,friends,2,3,3,4,2,0.55,0.461,0.464,moderate,0.625,0.25,0.083,0.042,0.667,0.275,0.009,0.049
30,26695,1590473,0.304,0.15,12,4,17,1,retired,retirement,medium,none,2,1,2,2,3,0.38,0.438,0.454,moderate,0.625,0.25,0.083,0.042,0.588,0.256,0.101,0.054
19,26701,1590613,0.098,0.707,0,0,14,2,unemployed,retirement,low,friends,3,2,1,3,3,0.47,0.142,0.292,conservative,0.407,0.424,0.127,0.042,0.407,0.421,0.137,0.035
31,26706,1592330,0.224,0.323,15,20,21,3,self-employed,wealth_generation,low,books,4,4,3,3,4,0.73,0.372,0.595,moderate,0.625,0.25,0.083,0.042,0.611,0.269,0.082,0.038
29,26706,1592589,0.196,0.225,5,4,7,6,employee,retirement,low,advisor,4,2,4,2,3,0.61,0.404,0.548,moderate,0.567,0.288,0.096,0.048,0.562,0.286,0.077,0.075
34,26730,1594074,0.006,0.074,17,13,10,3,retired,wealth_generation,low,books,4,3,2,3,2,0.58,0.456,0.519,moderate,0.591,0.273,0.091,0.045,0.618,0.294,0.075,0.013
31,26736,1594632,0.348,0.295,14,6,3,3,employee,wealth_generation,low,friends,2,4,4,2,2,0.58,0.358,0.504,moderate,0.531,0.312,0.104,0.052,0.494,0.311,0.126,0.069
27,26737,1595643,0.207,0.311,9,9,11,4,self-employed,retirement,medium,books,2,2,4,3,5,0.6,0.355,0.517,moderate,0.598,0.268,0.089,0.045,0.574,0.272,0.087,0.067
21,26758,1595916,0.19,0.39,5,3,11,5,employee,wealth_generation,low,none,3,2,4,1,3,0.53,0.326,0.474,moderate,0.598,0.268,0.089,0.045,0.599,0.243,0.097,0.06
26,26758,1597154,0.135,0.181,8,7,13,6,self-employed,retirement,high,online,2,1,3,4,3,0.48,0.428,0.477,moderate,0.612,0.259,0.086,0.043,0.637,0.264,0.068,0.032
23,26758,1599815,0.164,0.566,4,4,3,3,student,wealth_generation,low,online,3,1,3,3,4,0.53,0.199,0.388,moderate,0.531,0.312,0.104,0.052,0.522,0.243,0.141,0.095
25,26760,1599939,0.102,0.237,1,16,2,2,employee,income,medium,online,2,4,2,3,4,0.59,0.385,0.496,moderate,0.521,0.319,0.106,0.053,0.527,0.329,0.106,0.038
30,26762,1600724,0.029,0.184,10,1,10,5,retired,retirement,low,online,2,4,2,4,3,0.59,0.402,0.576,moderate,0.591,0.273,0.091,0.045,0.558,0.286,0.096,0.06
36,26789,1601369,0.23,0.204,15,4,6,1,employee,retirement,low,advisor,3,1,2,3,5,0.52,0.413,0.51,moderate,0.559,0.294,0.098,0.049,0.565,0.293,0.077,0.065
29,26796,1601813,0.252,0.266,13,13,16,3,employee,retirement,low,online,3,2,4,2,4,0.59,0.406,0.495,moderate,0.625,0.25,0.083,0.042,0.638,0.21,0.104,0.049
22,26798,1602123,0.079,0.483,4,6,14,4,retired,wealth_generation,low,advisor,3,2,4,4,4,0.65,0.262,0.505,moderate,0.619,0.254,0.085,0.042,0.65,0.235,0.085,0.03
30,26802,1602526,0.215,0.35,8,8,8,4,employee,home_purchase,low,none,3,4,5,3,3,0.73,0.341,0.586,moderate,0.575,0.283,0.094,0.047,0.613,0.274,0.079,0.034
33,26819,1603778,0.204,0.287,11,9,2,4,self-employed,income,low,none,5,4,3,5,2,0.78,0.346,0.606,moderate,0.521,0.319,0.106,0.053,0.516,0.329,0.139,0.016
24,26827,1604459,0.084,0.125,8,1,6,2,employee,home_purchase,low,online,4,4,4,2,2,0.68,0.454,0.642,moderate,0.559,0.294,0.098,0.049,0.597,0.266,0.135,0.002
27,26837,1605139,0.138,0.118,3,0,15,7,employee,wealth_generation,low,online,3,4,2,3,2,0.58,0.484,0.539,moderate,0.625,0.25,0.083,0.042,0.645,0.271,0.058,0.025
28,26839,1606488,0.138,0.26,12,15,29,2,self-employed,education,low,online,4,2,3,4,4,0.66,0.427,0.564,moderate,0.625,0.25,0.083,0.042,0.64,0.222,0.084,0.053
24,26848,1606880,0.208,0.347,2,4,8,1,employee,retirement,low,online,3,4,3,4,1,0.62,0.343,0.534,moderate,0.575,0.283,0.094,0.047,0.618,0.28,0.092,0.01
31,26865,1610098,0.23,0.357,14,5,18,4,employee,retirement,medium,none,3,3,3,3,3,0.6,0.36,0.475,moderate,0.625,0.25,0.083,0.042,0.612,0.249,0.099,0.04
27,26866,1612185,0.057,0.155,3,9,20,6,retired,wealth_generation,medium,friends,4,2,5,3,3,0.68,0.445,0.57,moderate,0.625,0.25,0.083,0.042,0.623,0.239,0.076,0.063
30,26874,1613451,0.165,0.09,6,3,2,3,retired,retirement,low,online,3,3,2,3,4,0.59,0.423,0.567,moderate,0.521,0.319,0.106,0.053,0.507,0.288,0.149,0.057
23,26877,1613491,0.209,0.217,0,10,22,4,retired,home_purchase,low,books,1,3,3,5,4,0.59,0.417,0.52,moderate,0.625,0.25,0.083,0.042,0.608,0.233,0.094,0.066
25,26889,1614463,0.215,0.463,6,6,11,3,employee,retirement,low,advisor,5,4,3,3,4,0.78,0.288,0.559,moderate,0.598,0.268,0.089,0.045,0.632,0.289,0.059,0.021
31,26895,1614756,0.075,0.275,10,12,25,1,self-employed,retirement,high,advisor,5,3,2,4,2,0.66,0.408,0.565,moderate,0.625,0.25,0.083,0.042,0.662,0.283,0.054,0.0
26,26907,1615331,0.158,0.193,9,4,12,4,student,retirement,low,online,3,4,3,2,3,0.62,0.395,0.534,moderate,0.605,0.263,0.088,0.044,0.535,0.265,0.131,0.069
36,26908,1616009,0.237,0.195,18,3,7,2,retired,income,medium,friends,3,2,3,2,4,0.55,0.389,0.526,moderate,0.567,0.288,0.096,0.048,0.61,0.3,0.088,0.002
26,26920,1617309,0.117,0.109,5,12,26,6,employee,income,high,online,3,3,3,3,2,0.57,0.523,0.584,moderate,0.625,0.25,0.083,0.042,0.657,0.28,0.057,0.006
29,26930,1617910,0.138,0.249,13,4,7,2,student,income,medium,online,4,2,3,2,5,0.63,0.355,0.526,moderate,0.567,0.288,0.096,0.048,0.639,0.283,0.078,0.0
32,26933,1620179,0.22,0.377,10,5,20,2,employee,income,low,books,4,3,2,2,3,0.58,0.353,0.539,moderate,0.625,0.25,0.083,0.042,0.618,0.274,0.07,0.038
20,26957,1621972,0.055,0.532,3,11,5,3,employee,education,medium,books,5,3,3,3,3,0.7,0.241,0.555,moderate,0.55,0.3,0.1,0.05,0.557,0.315,0.096,0.032
19,26962,1622004,0.238,0.26,0,8,15,3,employee,retirement,low,none,3,2,2,3,4,0.54,0.407,0.498,moderate,0.625,0.25,0.083,0.042,0.647,0.249,0.094,0.01
20,26969,1623229,0.115,0.127,0,6,10,3,student,retirement,high,books,4,2,3,4,5,0.69,0.421,0.557,moderate,0.591,0.273,0.091,0.045,0.597,0.316,0.066,0.021
34,26978,1623838,0.002,0.328,12,4,26,2,employee,wealth_generation,low,online,5,3,4,3,3,0.74,0.395,0.656,aggressive,0.792,0.125,0.042,0.042,0.77,0.111,0.094,0.025
25,26990,1624334,0.098,0.36,2,10,6,1,employee,education,high,online,3,3,4,2,3,0.61,0.332,0.537,moderate,0.559,0.294,0.098,0.049,0.617,0.307,0.04,0.035
40,27001,1624745,0.055,0.071,22,3,10,5,employee,income,medium,advisor,5,4,4,2,4,0.79,0.495,0.636,moderate,0.591,0.273,0.091,0.045,0.578,0.312,0.038,0.072
25,27002,1625323,0.056,0.41,4,14,14,3,employee,wealth_generation,low,online,4,2,3,3,2,0.57,0.322,0.453,moderate,0.619,0.254,0.085,0.042,0.62,0.249,0.053,0.078
28,27002,1625324,0.192,0.398,4,2,27,4,employee,retirement,low,none,3,3,2,2,2,0.5,0.356,0.402,moderate,0.625,0.25,0.083,0.042,0.615,0.241,0.078,0.067
35,27005,1626890,0.093,0.249,16,11,8,3,retired,retirement,low,advisor,3,2,1,4,2,0.47,0.365,0.396,moderate,0.575,0.283,0.094,0.047,0.512,0.304,0.149,0.035
38,27014,1628103,0.272,0.281,16,6,10,4,self-employed,retirement,low,advisor,3,4,2,2,2,0.55,0.369,0.516,moderate,0.591,0.273,0.091,0.045,0.65,0.263,0.059,0.029
38,27081,1628976,0.156,0.341,22,3,11,4,employee,retirement,low,advisor,4,3,3,3,4,0.68,0.354,0.552,moderate,0.598,0.268,0.089,0.045,0.596,0.254,0.099,0.051
34,27086,1629997,0.145,0.325,12,5,7,4,employee,retirement,medium,online,4,5,3,5,4,0.84,0.353,0.625,moderate,0.567,0.288,0.096,0.048,0.611,0.277,0.105,0.007
33,27088,1630096,0.14,0.021,9,3,18,2,retired,retirement,low,online,3,1,3,3,3,0.5,0.509,0.526,moderate,0.625,0.25,0.083,0.042,0.64,0.265,0.014,0.081
30,27088,1630549,0.192,0.104,7,2,4,3,retired,education,medium,online,3,2,5,4,1,0.6,0.424,0.555,moderate,0.541,0.306,0.102,0.051,0.545,0.33,0.085,0.04
31,27100,1632217,0.144,0.125,12,3,15,2,self-employed,wealth_generation,low,books,3,4,4,3,3,0.69,0.464,0.64,moderate,0.625,0.25,0.083,0.042,0.678,0.211,0.068,0.043
25,27104,1632224,0.069,0.36,7,12,12,4,employee,retirement,low,advisor,3,4,1,1,4,0.54,0.346,0.481,moderate,0.605,0.263,0.088,0.044,0.601,0.266,0.127,0.006
23,27111,1632332,0.246,0.238,1,2,7,3,student,wealth_generation,low,online,2,5,2,3,3,0.61,0.361,0.529,moderate,0.567,0.288,0.096,0.048,0.573,0.299,0.111,0.016
27,27144,1633619,0.139,0.275,11,17,11,0,self-employed,education,high,friends,1,5,3,2,2,0.54,0.374,0.449,moderate,0.598,0.268,0.089,0.045,0.611,0.236,0.081,0.072
27,27147,1634498,0.048,0.368,4,0,18,4,employee,wealth_generation,low,online,3,3,2,2,4,0.56,0.354,0.481,moderate,0.625,0.25,0.083,0.042,0.593,0.263,0.08,0.064
25,27148,1636228,0.159,0.201,9,9,10,2,self-employed,retirement,low,books,2,1,3,3,5,0.51,0.41,0.469,moderate,0.591,0.273,0.091,0.045,0.601,0.348,0.042,0.01
31,27149,1636951,0.183,0.356,9,12,4,6,employee,retirement,medium,online,2,3,3,2,3,0.52,0.33,0.374,moderate,0.541,0.306,0.102,0.051,0.549,0.29,0.085,0.076
32,27162,1642951,0.107,0.238,11,15,2,2,retired,retirement,low,online,2,3,3,4,2,0.55,0.355,0.483,moderate,0.521,0.319,0.106,0.053,0.511,0.286,0.142,0.06
28,27171,1643858,0.219,0.215,5,2,17,8,unemployed,wealth_generation,medium,none,2,5,2,3,5,0.67,0.39,0.507,moderate,0.625,0.25,0.083,0.042,0.672,0.26,0.061,0.007
35,27184,1644854,0.187,0.198,14,9,8,3,employee,retirement,low,advisor,3,3,3,2,3,0.57,0.422,0.532,moderate,0.575,0.283,0.094,0.047,0.558,0.274,0.105,0.063
22,27184,1645312,0.183,0.525,2,2,22,0,retired,education,medium,friends,2,4,3,3,5,0.66,0.254,0.486,moderate,0.625,0.25,0.083,0.042,0.602,0.259,0.091,0.048
27,27228,1650107,0.138,0.367,3,5,13,1,student,wealth_generation,high,online,2,3,4,2,4,0.59,0.312,0.468,moderate,0.612,0.259,0.086,0.043,0.66,0.279,0.059,0.001
24,27267,1650804,0.293,0.025,5,10,10,1,retired,home_purchase,high,friends,2,3,3,3,3,0.55,0.481,0.507,moderate,0.591,0.273,0.091,0.045,0.574,0.289,0.084,0.054
18,27269,1651602,0.107,0.512,0,5,12,1,retired,wealth_generation,low,books,3,3,2,3,3,0.56,0.244,0.415,moderate,0.605,0.263,0.088,0.044,0.703,0.277,0.012,0.009
27,27273,1651710,0.168,0.369,6,4,11,2,employee,income,low,friends,2,3,3,5,5,0.67,0.339,0.531,moderate,0.598,0.268,0.089,0.045,0.624,0.285,0.064,0.027
27,27302,1652436,0.115,0.118,6,2,21,2,employee,education,low,online,4,4,4,3,1,0.68,0.503,0.637,moderate,0.625,0.25,0.083,0.042,0.568,0.263,0.103,0.066
35,27302,1652635,0.205,0.074,15,1,11,1,employee,home_purchase,low,online,2,2,4,3,2,0.51,0.497,0.472,moderate,0.598,0.268,0.089,0.045,0.546,0.309,0.077,0.067
31,27311,1653443,0.036,0.189,14,2,4,3,employee,income,medium,books,1,5,4,4,2,0.64,0.416,0.551,moderate,0.541,0.306,0.102,0.051,0.584,0.271,0.092,0.053
22,27316,1653847,0.035,0.305,3,13,13,3,employee,wealth_generation,high,advisor,3,3,3,5,2,0.63,0.378,0.593,moderate,0.612,0.259,0.086,0.043,0.614,0.224,0.076,0.086
37,27329,1653857,0.222,0.302,21,0,14,4,employee,wealth_generation,low,advisor,3,3,3,4,1,0.57,0.382,0.475,moderate,0.619,0.254,0.085,0.042,0.658,0.246,0.095,0.002
34,27333,1654564,0.14,0.176,10,9,17,2,employee,income,low,online,5,2,2,3,2,0.58,0.459,0.531,moderate,0.625,0.25,0.083,0.042,0.672,0.206,0.051,0.07
30,27340,1655554,0.122,0.24,6,10,23,6,employee,wealth_generation,medium,online,3,3,3,2,3,0.57,0.439,0.543,moderate,0.625,0.25,0.083,0.042,0.601,0.234,0.079,0.087
26,27342,1656582,0.174,0.149,3,7,10,3,employee,retirement,low,books,3,4,3,3,5,0.71,0.454,0.673,aggressive,0.773,0.136,0.045,0.045,0.686,0.112,0.12,0.082
23,27343,1657324,0.194,0.054,4,10,9,4,employee,wealth_generation,low,none,2,3,2,5,5,0.63,0.501,0.625,moderate,0.583,0.278,0.093,0.046,0.616,0.293,0.087,0.004
26,27355,1657755,0.09,0.265,6,9,11,0,employee,income,medium,none,5,4,3,3,4,0.78,0.395,0.622,moderate,0.598,0.268,0.089,0.045,0.57,0.257,0.12,0.053
33,27358,1659339,0.086,0.203,17,6,21,3,retired,education,low,books,2,2,3,5,2,0.53,0.423,0.499,moderate,0.625,0.25,0.083,0.042,0.678,0.248,0.074,0.0
37,27371,1660516,0.29,0.274,18,5,27,3,retired,education,low,advisor,3,3,4,4,2,0.64,0.4,0.538,moderate,0.625,0.25,0.083,0.042,0.64,0.215,0.073,0.073
35,27374,1664020,0.171,0.495,16,15,26,6,employee,retirement,low,friends,3,3,3,4,4,0.66,0.297,0.547,moderate,0.625,0.25,0.083,0.042,0.59,0.242,0.111,0.057
25,27393,1669030,0.132,0.115,5,17,6,5,self-employed,education,low,online,3,4,4,4,2,0.69,0.443,0.587,moderate,0.559,0.294,0.098,0.049,0.604,0.254,0.092,0.05
22,27394,1669141,0.219,0.003,5,9,11,4,retired,retirement,low,none,4,4,2,3,5,0.72,0.496,0.681,aggressive,0.777,0.134,0.045,0.045,0.795,0.087,0.051,0.068
28,27406,1675642,0.158,0.074,11,3,7,5,employee,income,medium,none,3,3,4,3,1,0.58,0.485,0.484,moderate,0.567,0.288,0.096,0.048,0.563,0.305,0.076,0.055
19,27418,1680246,0.1,0.246,2,6,9,4,student,income,low,friends,2,4,4,3,4,0.67,0.363,0.565,moderate,0.583,0.278,0.093,0.046,0.621,0.257,0.056,0.066
29,27423,1683883,0.091,0.338,6,6,2,0,unemployed,income,medium,online,3,3,4,3,3,0.64,0.296,0.525,moderate,0.521,0.319,0.106,0.053,0.539,0.311,0.087,0.063
27,27430,1684670,0.133,0.288,10,10,5,4,employee,retirement,low,advisor,2,2,2,3,2,0.43,0.368,0.33,conservative,0.3,0.5,0.15,0.05,0.279,0.499,0.15,0.072
25,27431,1685930,0.238,0.257,4,9,10,2,employee,wealth_generation,medium,online,2,3,3,1,1,0.43,0.397,0.368,moderate,0.591,0.273,0.091,0.045,0.555,0.269,0.083,0.093
20,27434,1687263,0.043,0.206,3,7,9,4,self-employed,wealth_generation,medium,online,3,3,2,3,3,0.56,0.405,0.538,moderate,0.583,0.278,0.093,0.046,0.616,0.241,0.089,0.054
30,27446,1689287,0.094,0.189,7,9,7,0,employee,wealth_generation,low,books,3,5,4,3,3,0.74,0.425,0.629,moderate,0.567,0.288,0.096,0.048,0.562,0.31,0.08,0.048
25,27467,1689319,0.251,0.214,9,0,6,2,employee,wealth_generation,medium,online,2,4,3,4,1,0.57,0.409,0.529,moderate,0.559,0.294,0.098,0.049,0.578,0.249,0.068,0.105
22,27467,1689351,0.067,0.3,5,11,16,3,retired,income,medium,friends,4,2,4,4,3,0.67,0.36,0.596,moderate,0.625,0.25,0.083,0.042,0.609,0.273,0.115,0.003
18,27478,1689916,0.179,0.128,0,3,8,2,retired,home_purchase,medium,books,2,3,2,4,2,0.51,0.425,0.466,moderate,0.575,0.283,0.094,0.047,0.569,0.293,0.077,0.061
27,27483,1691283,0.093,0.367,6,9,15,4,employee,wealth_generation,low,friends,3,2,3,2,2,0.49,0.349,0.484,moderate,0.625,0.25,0.083,0.042,0.618,0.247,0.079,0.057
36,27490,1691666,0.174,0.286,12,2,9,3,student,wealth_generation,high,friends,5,4,3,4,3,0.78,0.343,0.693,aggressive,0.769,0.139,0.046,0.046,0.761,0.168,0.051,0.019
36,27493,1691940,0.13,0.173,15,2,18,7,retired,education,low,books,3,4,2,5,3,0.67,0.431,0.612,moderate,0.625,0.25,0.083,0.042,0.574,0.25,0.108,0.068
25,27501,1692473,0.06,0.259,2,1,5,2,employee,wealth_generation,low,none,4,5,3,2,4,0.75,0.383,0.616,moderate,0.55,0.3,0.1,0.05,0.513,0.289,0.109,0.088
24,27514,1693569,0.169,0.521,2,14,5,4,employee,education,medium,online,5,1,3,3,3,0.6,0.248,0.457,moderate,0.55,0.3,0.1,0.05,0.522,0.31,0.084,0.084
30,27517,1694438,0.19,0.026,14,8,15,5,retired,home_purchase,low,online,2,2,1,4,4,0.48,0.498,0.494,moderate,0.625,0.25,0.083,0.042,0.645,0.266,0.06,0.03
23,27519,1695230,0.19,0.143,6,5,22,2,employee,income,low,online,4,3,3,4,3,0.68,0.493,0.61,moderate,0.625,0.25,0.083,0.042,0.609,0.239,0.079,0.074
29,27521,1697128,0.18,0.24,10,11,5,4,employee,home_purchase,low,books,2,2,3,2,3,0.47,0.393,0.44,moderate,0.55,0.3,0.1,0.05,0.586,0.294,0.076,0.045
31,27527,1698244,0.153,0.31,15,8,3,3,employee,retirement,medium,online,2,3,3,3,2,0.52,0.352,0.42,moderate,0.531,0.312,0.104,0.052,0.484,0.293,0.104,0.119
34,27528,1698899,0.157,0.149,11,8,23,1,retired,wealth_generation,high,friends,4,3,1,3,3,0.57,0.458,0.538,moderate,0.625,0.25,0.083,0.042,0.682,0.242,0.075,0.0
27,27530,1704084,0.18,0.477,8,6,4,0,employee,wealth_generation,high,advisor,2,2,2,3,4,0.49,0.269,0.409,moderate,0.541,0.306,0.102,0.051,0.54,0.297,0.152,0.012
26,27540,1705731,0.192,0.312,4,0,7,4,employee,retirement,low,advisor,3,4,4,1,2,0.6,0.361,0.545,moderate,0.567,0.288,0.096,0.048,0.561,0.286,0.117,0.036
23,27580,1706289,0.184,0.429,1,4,22,2,self-employed,wealth_generation,low,none,4,2,1,5,3,0.58,0.317,0.492,moderate,0.625,0.25,0.083,0.042,0.679,0.257,0.048,0.015
23,27581,1707204,0.17,0.197,0,2,18,1,employee,income,low,online,2,2,4,3,3,0.54,0.451,0.483,moderate,0.625,0.25,0.083,0.042,0.606,0.271,0.05,0.073
26,27586,1711503,0.077,0.397,2,9,9,3,employee,retirement,low,online,3,2,3,4,2,0.55,0.32,0.425,moderate,0.583,0.278,0.093,0.046,0.612,0.234,0.106,0.049
29,27586,1715371,0.092,0.215,5,3,24,2,employee,retirement,medium,friends,4,3,4,2,3,0.66,0.457,0.579,moderate,0.625,0.25,0.083,0.042,0.628,0.213,0.097,0.062
32,27592,1715634,0.104,0.166,10,6,13,4,employee,income,medium,online,3,2,3,3,3,0.55,0.454,0.486,moderate,0.612,0.259,0.086,0.043,0.572,0.304,0.066,0.058
23,27595,1718782,0.264,0.457,0,5,3,1,employee,retirement,low,advisor,2,4,2,3,2,0.53,0.278,0.433,moderate,0.531,0.312,0.104,0.052,0.555,0.324,0.085,0.036
35,27597,1719186,0.208,0.085,15,2,15,1,employee,home_purchase,low,books,3,4,3,1,2,0.56,0.505,0.518,moderate,0.625,0.25,0.083,0.042,0.636,0.291,0.047,0.026
26,27599,1719436,0.163,0.491,7,16,12,3,retired,retirement,high,online,1,3,3,3,2,0.47,0.255,0.423,moderate,0.605,0.263,0.088,0.044,0.576,0.253,0.097,0.074
27,27604,1719508,0.102,0.244,9,15,13,3,employee,wealth_generation,low,books,3,2,4,3,2,0.56,0.412,0.518,moderate,0.612,0.259,0.086,0.043,0.586,0.252,0.123,0.039
24,27615,1720101,0.063,0.618,3,1,31,5,retired,wealth_generation,low,advisor,3,3,2,4,4,0.62,0.216,0.488,moderate,0.625,0.25,0.083,0.042,0.646,0.232,0.091,0.032
18,27619,1725554,0.253,0.273,0,12,5,4,student,wealth_generation,low,online,3,4,5,1,3,0.67,0.34,0.533,moderate,0.55,0.3,0.1,0.05,0.572,0.275,0.072,0.081
32,27624,1725799,0.251,0.36,13,6,14,6,retired,income,medium,friends,2,5,3,2,3,0.62,0.325,0.508,moderate,0.619,0.254,0.085,0.042,0.549,0.247,0.126,0.077
31,27624,1725961,0.063,0.01,14,10,11,2,employee,retirement,medium,online,4,3,4,4,4,0.75,0.533,0.691,aggressive,0.777,0.134,0.045,0.045,0.754,0.149,0.081,0.015
26,27635,1725974,0.218,0.258,8,2,7,4,employee,education,low,books,4,3,1,3,2,0.54,0.389,0.491,moderate,0.567,0.288,0.096,0.048,0.502,0.332,0.056,0.11
28,27649,1728219,0.143,0.351,10,2,15,4,self-employed,home_purchase,medium,advisor,4,1,4,3,3,0.59,0.345,0.513,moderate,0.625,0.25,0.083,0.042,0.647,0.239,0.115,0.0
30,27660,1729391,0.118,0.373,13,13,14,4,employee,wealth_generation,low,online,4,3,3,4,4,0.71,0.344,0.543,moderate,0.619,0.254,0.085,0.042,0.611,0.274,0.115,0.0
20,27672,1732021,0.203,0.123,0,13,19,8,self-employed,income,medium,online,4,3,3,3,1,0.59,0.478,0.571,moderate,0.625,0.25,0.083,0.042,0.601,0.259,0.08,0.061
25,27691,1732381,0.176,0.23,6,6,20,3,employee,wealth_generation,high,online,2,3,1,3,2,0.44,0.438,0.422,moderate,0.625,0.25,0.083,0.042,0.67,0.223,0.073,0.034
31,27706,1732501,0.214,0.23,13,13,12,3,employee,education,high,none,3,3,1,3,3,0.52,0.417,0.541,moderate,0.605,0.263,0.088,0.044,0.546,0.279,0.119,0.056
21,27712,1733456,0.049,0.092,0,9,8,5,retired,wealth_generation,medium,online,1,3,3,3,3,0.5,0.443,0.483,moderate,0.575,0.283,0.094,0.047,0.601,0.279,0.09,0.029
29,27712,1735060,0.117,0.239,6,3,12,2,self-employed,retirement,low,books,3,3,3,2,2,0.54,0.397,0.516,moderate,0.605,0.263,0.088,0.044,0.618,0.184,0.142,0.056
21,27727,1735216,0.117,0.385,0,4,9,0,self-employed,wealth_generation,low,none,5,3,3,2,3,0.67,0.315,0.515,moderate,0.583,0.278,0.093,0.046,0.582,0.295,0.108,0.015
30,27742,1735852,0.119,0.186,9,2,7,3,employee,retirement,low,online,3,4,4,3,3,0.69,0.427,0.579,moderate,0.567,0.288,0.096,0.048,0.488,0.371,0.101,0.04
27,27745,1735864,0.154,0.235,7,10,12,2,self-employed,wealth_generation,high,online,3,4,3,3,4,0.68,0.399,0.56,moderate,0.605,0.263,0.088,0.044,0.612,0.256,0.089,0.043
19,27749,1736262,0.109,0.518,0,19,14,3,employee,home_purchase,medium,friends,4,2,3,3,2,0.57,0.265,0.395,moderate,0.619,0.254,0.085,0.042,0.596,0.236,0.107,0.061
33,27753,1736470,0.142,0.037,15,7,13,7,unemployed,wealth_generation,low,books,3,4,4,4,4,0.75,0.467,0.558,moderate,0.612,0.259,0.086,0.043,0.612,0.272,0.053,0.063
24,27772,1737668,0.127,0.292,7,9,24,2,employee,wealth_generation,medium,online,3,2,4,1,2,0.5,0.412,0.456,moderate,0.625,0.25,0.083,0.042,0.646,0.264,0.077,0.012
23,27787,1739372,0.202,0.354,0,10,8,4,retired,wealth_generation,low,friends,4,3,4,3,4,0.72,0.316,0.502,moderate,0.575,0.283,0.094,0.047,0.581,0.258,0.093,0.068
29,27787,1739559,0.174,0.362,5,3,9,2,retired,wealth_generation,high,online,1,4,2,2,4,0.51,0.314,0.44,moderate,0.583,0.278,0.093,0.046,0.596,0.299,0.066,0.039
33,27802,1743045,0.184,0.342,12,5,14,2,employee,wealth_generation,low,advisor,3,3,5,4,3,0.71,0.361,0.566,moderate,0.619,0.254,0.085,0.042,0.599,0.288,0.09,0.022
22,27818,1746081,0.092,0.346,3,5,13,2,employee,wealth_generation,low,online,3,4,2,4,3,0.64,0.357,0.442,moderate,0.612,0.259,0.086,0.043,0.633,0.305,0.042,0.02
28,27824,1747137,0.118,0.061,7,8,1,4,retired,education,low,books,2,4,4,1,3,0.58,0.436,0.507,moderate,0.511,0.326,0.109,0.054,0.493,0.34,0.116,0.051
30,27827,1747769,0.019,0.271,8,12,8,2,student,education,medium,books,2,4,5,4,2,0.68,0.349,0.547,moderate,0.575,0.283,0.094,0.047,0.605,0.256,0.07,0.069
31,27829,1748670,0.062,0.373,8,4,7,4,employee,wealth_generation,high,books,4,3,3,3,3,0.65,0.329,0.564,moderate,0.567,0.288,0.096,0.048,0.532,0.285,0.127,0.056
28,27833,1748805,0.105,0.086,10,6,19,4,retired,retirement,low,online,3,1,3,3,3,0.5,0.48,0.478,moderate,0.625,0.25,0.083,0.042,0.616,0.277,0.063,0.044
26,27833,1749136,0.045,0.016,5,10,20,3,retired,wealth_generation,low,online,1,4,3,3,1,0.49,0.521,0.453,moderate,0.625,0.25,0.083,0.042,0.623,0.213,0.083,0.081
23,27843,1750241,0.173,0.389,2,1,7,0,employee,wealth_generation,low,none,2,1,3,3,3,0.45,0.321,0.345,conservative,0.327,0.481,0.144,0.048,0.328,0.457,0.151,0.064
28,27853,1750916,0.383,0.34,6,7,4,0,retired,wealth_generation,low,online,2,2,1,2,2,0.36,0.313,0.326,conservative,0.286,0.51,0.153,0.051,0.283,0.478,0.16,0.08
22,27879,1755294,0.059,0.227,3,2,6,3,employee,wealth_generation,medium,advisor,2,3,4,2,3,0.56,0.403,0.468,moderate,0.559,0.294,0.098,0.049,0.584,0.301,0.108,0.007
18,27880,1755464,0.225,0.487,0,7,5,5,employee,home_purchase,low,friends,4,4,3,3,2,0.67,0.266,0.502,moderate,0.55,0.3,0.1,0.05,0.611,0.304,0.038,0.047
30,27886,1755913,0.066,0.365,13,10,7,4,employee,wealth_generation,high,books,3,3,4,3,3,0.64,0.334,0.523,moderate,0.567,0.288,0.096,0.048,0.57,0.305,0.094,0.031
32,27889,1756469,0.187,0.531,9,3,7,3,unemployed,education,low,books,4,3,3,5,3,0.71,0.218,0.529,moderate,0.567,0.288,0.096,0.048,0.531,0.278,0.087,0.104
18,27889,1758590,0.182,0.474,0,12,11,5,employee,wealth_generation,medium,advisor,4,5,2,4,3,0.74,0.283,0.574,moderate,0.598,0.268,0.089,0.045,0.589,0.245,0.122,0.045
22,27893,1761030,0.255,0.252,0,5,8,2,employee,education,high,books,5,4,4,4,2,0.79,0.395,0.614,moderate,0.575,0.283,0.094,0.047,0.556,0.259,0.107,0.078
31,27922,1761422,0.064,0.359,8,3,12,3,self-employed,home_purchase,low,advisor,5,2,3,2,4,0.65,0.335,0.543,moderate,0.605,0.263,0.088,0.044,0.675,0.298,0.027,0.0
38,27937,1761780,0.116,0.322,17,6,9,3,employee,retirement,medium,advisor,5,3,3,3,3,0.7,0.361,0.518,moderate,0.583,0.278,0.093,0.046,0.617,0.244,0.063,0.076
28,27942,1761844,0.055,0.388,11,13,18,2,employee,home_purchase,medium,online,3,5,4,3,3,0.74,0.345,0.586,moderate,0.625,0.25,0.083,0.042,0.613,0.236,0.072,0.079
24,27942,1763150,0.135,0.375,1,1,24,9,employee,education,low,online,5,3,4,2,3,0.71,0.364,0.578,moderate,0.625,0.25,0.083,0.042,0.561,0.271,0.092,0.075
27,27949,1765189,0.259,0.12,6,4,10,3,employee,wealth_generation,high,advisor,2,2,4,2,2,0.48,0.471,0.48,moderate,0.591,0.273,0.091,0.045,0.6,0.243,0.115,0.042
34,27960,1767473,0.214,0.158,18,9,2,1,self-employed,wealth_generation,low,none,4,3,3,1,2,0.56,0.411,0.469,moderate,0.521,0.319,0.106,0.053,0.565,0.304,0.087,0.044
24,27964,1767887,0.199,0.172,3,5,7,2,self-employed,retirement,low,online,3,3,4,2,3,0.61,0.419,0.506,moderate,0.567,0.288,0.096,0.048,0.542,0.277,0.096,0.085
24,27986,1768983,0.159,0.391,4,1,4,3,self-employed,wealth_generation,high,friends,3,3,4,2,4,0.64,0.301,0.524,moderate,0.541,0.306,0.102,0.051,0.495,0.325,0.12,0.059
25,28031,1776188,0.247,0.387,4,5,9,3,self-employed,wealth_generation,medium,friends,4,2,3,3,4,0.63,0.314,0.491,moderate,0.583,0.278,0.093,0.046,0.615,0.273,0.052,0.06
23,28040,1778568,0.143,0.257,7,11,14,7,employee,home_purchase,medium,books,3,4,5,4,3,0.76,0.408,0.637,moderate,0.619,0.254,0.085,0.042,0.593,0.267,0.074,0.067
28,28046,1778870,0.075,0.288,9,17,12,4,employee,wealth_generation,high,online,3,2,2,2,3,0.48,0.386,0.424,moderate,0.605,0.263,0.088,0.044,0.581,0.265,0.114,0.04
36,28053,1780741,0.23,0.396,14,1,7,4,employee,retirement,low,friends,3,5,1,3,3,0.62,0.317,0.585,moderate,0.567,0.288,0.096,0.048,0.594,0.276,0.079,0.05
29,28078,1781806,0.108,0.19,9,7,17,2,employee,retirement,low,none,4,3,3,3,3,0.65,0.453,0.563,moderate,0.625,0.25,0.083,0.042,0.645,0.237,0.107,0.011
26,28093,1785567,0.039,0.054,5,2,4,1,retired,wealth_generation,low,online,3,5,4,3,2,0.71,0.45,0.642,moderate,0.541,0.306,0.102,0.051,0.506,0.305,0.105,0.084
26,28096,1787526,0.068,0.253,9,9,6,4,self-employed,wealth_generation,medium,none,3,5,1,3,3,0.62,0.375,0.593,moderate,0.559,0.294,0.098,0.049,0.526,0.326,0.108,0.04
20,28102,1789413,0.175,0.459,0,0,15,5,employee,wealth_generation,low,online,4,3,5,3,3,0.73,0.299,0.591,moderate,0.625,0.25,0.083,0.042,0.656,0.227,0.079,0.038
32,28119,1790207,0.174,0.377,13,0,6,4,employee,retirement,low,books,4,5,4,4,3,0.82,0.326,0.612,moderate,0.559,0.294,0.098,0.049,0.586,0.296,0.116,0.001
27,28123,1790306,0.104,0.211,6,11,15,3,retired,education,low,online,3,4,4,3,3,0.69,0.405,0.573,moderate,0.625,0.25,0.083,0.042,0.606,0.229,0.098,0.067
27,28138,1790636,0.2,0.066,9,1,26,4,unemployed,retirement,medium,online,4,4,2,3,3,0.66,0.496,0.495,moderate,0.625,0.25,0.083,0.042,0.599,0.262,0.089,0.049
43,28153,1791864,0.212,0.31,19,4,18,3,student,home_purchase,medium,online,3,4,3,2,2,0.59,0.354,0.426,moderate,0.625,0.25,0.083,0.042,0.572,0.268,0.081,0.078
29,28155,1792169,0.264,0.401,6,16,5,1,employee,education,low,books,3,2,2,2,2,0.45,0.311,0.394,moderate,0.55,0.3,0.1,0.05,0.545,0.298,0.071,0.087
24,28158,1793360,0.17,0.321,3,19,12,4,retired,home_purchase,low,books,2,3,1,2,3,0.44,0.342,0.383,moderate,0.605,0.263,0.088,0.044,0.683,0.238,0.068,0.011
25,28178,1797521,0.213,0.232,1,2,10,3,self-employed,income,low,online,4,3,3,3,1,0.59,0.396,0.479,moderate,0.591,0.273,0.091,0.045,0.617,0.307,0.076,0.0
33,28193,1797588,0.207,0.104,9,7,30,3,self-employed,retirement,low,online,4,4,4,5,2,0.77,0.523,0.672,aggressive,0.792,0.125,0.042,0.042,0.688,0.154,0.074,0.083
28,28200,1798311,0.103,0.456,11,7,25,3,retired,wealth_generation,medium,books,2,4,3,2,3,0.57,0.298,0.443,moderate,0.625,0.25,0.083,0.042,0.665,0.201,0.105,0.029
20,28209,1801537,0.115,0.176,0,6,4,2,employee,wealth_generation,low,online,2,5,5,1,2,0.64,0.425,0.525,moderate,0.541,0.306,0.102,0.051,0.556,0.306,0.101,0.037
32,28212,1803115,0.149,0.154,9,14,21,3,student,retirement,low,books,2,2,2,3,3,0.46,0.443,0.483,moderate,0.625,0.25,0.083,0.042,0.679,0.233,0.043,0.045
24,28215,1803704,0.018,0.39,7,10,6,4,employee,wealth_generation,low,books,2,2,5,3,3,0.58,0.319,0.437,moderate,0.559,0.294,0.098,0.049,0.551,0.32,0.047,0.081
37,28225,1806537,0.112,0.565,13,10,8,2,employee,wealth_generation,high,none,1,3,4,4,4,0.6,0.23,0.473,moderate,0.575,0.283,0.094,0.047,0.593,0.317,0.053,0.037
33,28226,1806659,0.148,0.319,13,4,9,4,retired,retirement,low,advisor,2,2,4,4,3,0.57,0.336,0.484,moderate,0.583,0.278,0.093,0.046,0.599,0.276,0.088,0.036
25,28228,1807403,0.062,0.305,1,6,8,3,employee,home_purchase,low,books,4,2,2,1,3,0.5,0.368,0.488,moderate,0.575,0.283,0.094,0.047,0.606,0.299,0.064,0.032
34,28233,1807579,0.068,0.193,16,6,19,5,employee,retirement,medium,books,3,2,2,5,3,0.57,0.458,0.511,moderate,0.625,0.25,0.083,0.042,0.628,0.24,0.096,0.036
28,28233,1808365,0.146,0.025,9,4,8,5,employee,education,high,none,4,3,2,4,4,0.67,0.516,0.568,moderate,0.575,0.283,0.094,0.047,0.542,0.305,0.11,0.043
32,28240,1808796,0.201,0.139,16,1,18,3,unemployed,retirement,low,advisor,3,4,5,2,3,0.7,0.433,0.574,moderate,0.625,0.25,0.083,0.042,0.63,0.261,0.064,0.045
30,28249,1808853,0.229,0.29,10,2,31,2,retired,retirement,low,online,3,2,2,5,1,0.51,0.403,0.466,moderate,0.625,0.25,0.083,0.042,0.579,0.241,0.124,0.056
23,28268,1809213,0.162,0.119,1,3,19,4,employee,income,low,advisor,4,2,5,3,3,0.68,0.499,0.637,moderate,0.625,0.25,0.083,0.042,0.627,0.211,0.158,0.003
24,28270,1809721,0.148,0.433,2,3,9,3,employee,retirement,low,books,5,4,4,4,2,0.79,0.302,0.619,moderate,0.583,0.278,0.093,0.046,0.608,0.282,0.089,0.021
33,28272,1810020,0.13,0.138,12,3,15,4,self-employed,education,low,friends,4,3,3,3,2,0.62,0.46,0.549,moderate,0.625,0.25,0.083,0.042,0.62,0.307,0.073,0.0
26,28272,1810675,0.088,0.267,5,4,12,1,student,wealth_generation,low,none,4,3,2,3,3,0.61,0.362,0.508,moderate,0.605,0.263,0.088,0.044,0.612,0.283,0.041,0.064
25,28292,1811141,0.074,0.263,2,6,17,4,retired,wealth_generation,low,none,4,1,3,2,4,0.55,0.383,0.504,moderate,0.625,0.25,0.083,0.042,0.61,0.215,0.088,0.087
23,28300,1811833,0.217,0.297,0,7,5,3,employee,retirement,low,books,3,3,3,3,4,0.63,0.365,0.556,moderate,0.55,0.3,0.1,0.05,0.543,0.28,0.074,0.103
30,28311,1814412,0.146,0.196,11,4,14,2,self-employed,retirement,medium,books,2,3,4,3,3,0.59,0.426,0.534,moderate,0.619,0.254,0.085,0.042,0.594,0.24,0.108,0.058
38,28327,1815500,0.216,0.426,19,14,17,7,employee,income,low,friends,2,1,2,2,4,0.41,0.322,0.383,moderate,0.625,0.25,0.083,0.042,0.592,0.26,0.07,0.078
22,28330,1817026,0.195,0.239,0,7,17,3,self-employed,income,medium,books,4,1,2,4,3,0.54,0.411,0.496,moderate,0.625,0.25,0.083,0.042,0.622,0.288,0.026,0.064
28,28333,1817892,0.088,0.335,8,11,25,4,employee,wealth_generation,medium,online,5,4,3,3,3,0.75,0.391,0.614,moderate,0.625,0.25,0.083,0.042,0.636,0.219,0.107,0.037
35,28334,1818090,0.155,0.309,11,14,3,4,retired,wealth_generation,medium,online,2,4,4,3,3,0.64,0.327,0.523,moderate,0.531,0.312,0.104,0.052,0.492,0.339,0.084,0.084
27,28337,1820042,0.142,0.1,6,2,9,1,self-employed,wealth_generation,high,online,2,4,3,5,2,0.63,0.462,0.533,moderate,0.583,0.278,0.093,0.046,0.627,0.267,0.06,0.046
30,28347,1820543,0.138,0.304,6,6,11,4,retired,education,low,books,2,1,3,1,4,0.42,0.348,0.343,conservative,0.375,0.446,0.134,0.045,0.38,0.41,0.141,0.068
22,28349,1820779,0.161,0.277,3,6,8,2,retired,home_purchase,high,advisor,4,3,2,1,2,0.52,0.354,0.427,moderate,0.575,0.283,0.094,0.047,0.619,0.299,0.043,0.039
30,28350,1823483,0.319,0.445,14,5,8,5,retired,education,low,online,4,2,5,4,3,0.71,0.272,0.521,moderate,0.575,0.283,0.094,0.047,0.636,0.319,0.019,0.026
27,28370,1825203,0.223,0.431,8,0,5,4,employee,wealth_generation,medium,books,3,2,5,2,4,0.63,0.296,0.516,moderate,0.55,0.3,0.1,0.05,0.497,0.286,0.153,0.064
32,28373,1827000,0.256,0.119,8,11,18,2,employee,wealth_generation,medium,none,3,4,2,3,3,0.61,0.497,0.557,moderate,0.625,0.25,0.083,0.042,0.652,0.247,0.069,0.033
33,28385,1827153,0.025,0.078,11,2,21,2,employee,retirement,medium,friends,2,4,2,2,4,0.56,0.529,0.554,moderate,0.625,0.25,0.083,0.042,0.654,0.23,0.079,0.037
40,28386,1828999,0.073,0.183,19,21,3,4,student,income,medium,books,4,5,1,3,3,0.67,0.378,0.555,moderate,0.531,0.312,0.104,0.052,0.568,0.315,0.085,0.032
30,28405,1829178,0.053,0.585,13,10,5,3,employee,income,medium,online,2,3,3,3,5,0.61,0.216,0.467,moderate,0.55,0.3,0.1,0.05,0.55,0.272,0.118,0.06
29,28410,1829265,0.105,0.027,10,8,6,4,retired,income,low,advisor,3,3,4,3,2,0.61,0.47,0.541,moderate,0.559,0.294,0.098,0.049,0.533,0.336,0.102,0.029
28,28418,1830120,0.142,0.324,12,2,11,1,employee,retirement,low,advisor,1,3,3,1,5,0.5,0.365,0.424,moderate,0.598,0.268,0.089,0.045,0.613,0.251,0.094,0.042
26,28419,1830282,0.181,0.299,8,7,17,5,self-employed,wealth_generation,low,advisor,3,4,1,4,3,0.6,0.379,0.462,moderate,0.625,0.25,0.083,0.042,0.604,0.274,0.082,0.04
29,28421,1830528,0.153,0.313,12,4,3,2,unemployed,wealth_generation,low,online,4,3,3,3,3,0.65,0.311,0.524,moderate,0.531,0.312,0.104,0.052,0.559,0.298,0.111,0.032
26,28432,1830571,0.255,0.151,7,4,14,4,retired,wealth_generation,low,none,2,3,2,3,2,0.48,0.433,0.371,moderate,0.619,0.254,0.085,0.042,0.599,0.254,0.123,0.025
28,28434,1833063,0.276,0.155,9,12,5,1,employee,home_purchase,low,friends,2,3,3,3,4,0.58,0.439,0.529,moderate,0.55,0.3,0.1,0.05,0.525,0.285,0.099,0.091
34,28453,1836121,0.079,0.234,10,5,26,2,employee,education,medium,advisor,3,2,3,1,3,0.49,0.453,0.502,moderate,0.625,0.25,0.083,0.042,0.666,0.259,0.075,0.0
22,28455,1836825,0.235,0.087,0,6,21,4,student,education,low,online,4,4,2,1,1,0.54,0.479,0.511,moderate,0.625,0.25,0.083,0.042,0.594,0.258,0.111,0.037
33,28458,1837673,0.149,0.073,15,12,24,2,self-employed,retirement,high,online,4,3,5,2,3,0.7,0.523,0.64,moderate,0.625,0.25,0.083,0.042,0.641,0.306,0.053,0.0
34,28469,1838486,0.144,0.082,12,1,4,5,self-employed,income,low,advisor,5,3,1,5,5,0.74,0.456,0.613,moderate,0.541,0.306,0.102,0.051,0.479,0.342,0.093,0.086
27,28480,1838832,0.215,0.285,4,8,11,4,employee,education,low,advisor,3,4,4,4,2,0.69,0.386,0.568,moderate,0.598,0.268,0.089,0.045,0.632,0.209,0.091,0.068
18,28505,1839428,0.056,0.222,0,8,5,5,employee,income,low,books,3,4,4,3,2,0.66,0.405,0.553,moderate,0.55,0.3,0.1,0.05,0.57,0.288,0.127,0.016
24,28505,1842484,0.246,0.183,1,6,13,3,employee,retirement,low,books,2,1,4,3,2,0.46,0.447,0.476,moderate,0.612,0.259,0.086,0.043,0.574,0.26,0.104,0.062
34,28545,1842557,0.188,0.192,10,12,7,0,employee,wealth_generation,medium,online,4,2,2,3,3,0.56,0.426,0.498,moderate,0.567,0.288,0.096,0.048,0.581,0.247,0.141,0.031
27,28564,1843715,0.244,0.147,11,15,17,4,employee,education,low,online,3,2,4,3,2,0.56,0.479,0.492,moderate,0.625,0.25,0.083,0.042,0.607,0.289,0.104,0.0
23,28568,1843973,0.354,0.227,2,6,14,2,retired,retirement,low,books,3,3,3,5,3,0.66,0.395,0.564,moderate,0.619,0.254,0.085,0.042,0.631,0.257,0.084,0.028
25,28570,1844049,0.157,0.145,6,6,13,3,employee,retirement,high,advisor,3,2,4,3,4,0.62,0.468,0.555,moderate,0.612,0.259,0.086,0.043,0.609,0.286,0.099,0.005
32,28574,1844312,0.056,0.334,16,7,18,4,student,education,low,books,2,4,4,3,3,0.64,0.343,0.5,moderate,0.625,0.25,0.083,0.042,0.614,0.235,0.117,0.033
30,28575,1844612,0.08,0.104,13,10,11,4,retired,education,low,online,3,3,3,4,3,0.63,0.448,0.577,moderate,0.598,0.268,0.089,0.045,0.612,0.248,0.13,0.01
26,28576,1845143,0.118,0.498,7,9,7,0,employee,income,low,friends,3,3,3,3,2,0.57,0.265,0.508,moderate,0.567,0.288,0.096,0.048,0.551,0.276,0.115,0.058
26,28584,1846180,0.06,0.083,10,3,14,5,employee,education,medium,none,3,3,3,2,3,0.57,0.505,0.558,moderate,0.619,0.254,0.085,0.042,0.623,0.276,0.06,0.041
26,28586,1848609,0.224,0.491,5,1,24,3,employee,retirement,low,friends,3,3,5,2,3,0.65,0.297,0.533,moderate,0.625,0.25,0.083,0.042,0.667,0.25,0.04,0.044
23,28587,1849358,0.112,0.4,7,15,13,3,employee,income,high,friends,4,2,5,3,4,0.71,0.329,0.562,moderate,0.612,0.259,0.086,0.043,0.588,0.244,0.089,0.079
36,28604,1851430,0.309,0.327,12,4,14,2,employee,retirement,low,online,3,4,2,5,3,0.67,0.371,0.593,moderate,0.619,0.254,0.085,0.042,0.611,0.238,0.074,0.077
26,28605,1851939,0.195,0.457,8,8,23,3,employee,education,low,books,4,2,3,2,4,0.6,0.316,0.506,moderate,0.625,0.25,0.083,0.042,0.621,0.246,0.12,0.013
34,28613,1856616,0.082,0.113,18,12,12,4,employee,wealth_generation,low,online,2,3,3,1,2,0.46,0.483,0.452,moderate,0.605,0.263,0.088,0.044,0.582,0.269,0.08,0.068
35,28625,1857404,0.148,0.132,14,4,32,5,employee,retirement,low,online,3,2,2,3,4,0.54,0.531,0.554,moderate,0.625,0.25,0.083,0.042,0.621,0.227,0.088,0.064
32,28625,1858593,0.147,0.166,11,8,5,3,unemployed,income,low,books,4,3,3,3,2,0.62,0.384,0.539,moderate,0.55,0.3,0.1,0.05,0.526,0.324,0.103,0.047
25,28630,1858910,0.152,0.163,3,2,12,4,employee,wealth_generation,low,books,3,2,4,3,1,0.53,0.456,0.488,moderate,0.605,0.263,0.088,0.044,0.623,0.296,0.065,0.016
30,28630,1859066,0.16,0.19,8,17,6,2,employee,retirement,low,books,4,2,2,4,3,0.59,0.425,0.561,moderate,0.559,0.294,0.098,0.049,0.572,0.284,0.025,0.119
27,28644,1859239,0.026,0.286,8,1,10,5,employee,wealth_generation,high,online,4,2,4,3,3,0.64,0.384,0.499,moderate,0.591,0.273,0.091,0.045,0.604,0.293,0.061,0.042
23,28651,1862342,0.191,0.034,3,6,5,4,employee,education,low,advisor,3,5,5,1,4,0.75,0.503,0.662,aggressive,0.75,0.15,0.05,0.05,0.791,0.139,0.051,0.019
29,28660,1864531,0.151,0.217,11,7,6,5,employee,wealth_generation,low,none,2,4,1,3,2,0.49,0.411,0.445,moderate,0.559,0.294,0.098,0.049,0.549,0.293,0.095,0.062
22,28672,1864875,0.217,0.164,1,11,6,3,employee,retirement,low,books,3,3,2,2,3,0.53,0.438,0.445,moderate,0.559,0.294,0.098,0.049,0.543,0.232,0.135,0.091
33,28682,1867620,0.224,0.298,11,2,8,2,retired,wealth_generation,low,advisor,3,3,5,2,3,0.65,0.345,0.531,moderate,0.575,0.283,0.094,0.047,0.54,0.245,0.142,0.073
25,28683,1870183,0.097,0.579,1,6,5,3,employee,retirement,medium,friends,4,2,1,1,1,0.4,0.219,0.315,conservative,0.3,0.5,0.15,0.05,0.276,0.529,0.182,0.013
29,28685,1870829,0.036,0.265,5,4,18,3,employee,wealth_generation,low,none,5,4,4,4,2,0.79,0.415,0.622,moderate,0.625,0.25,0.083,0.042,0.663,0.246,0.054,0.037
29,28688,1873524,0.195,0.232,9,4,6,2,student,retirement,low,online,5,3,3,4,4,0.76,0.364,0.57,moderate,0.559,0.294,0.098,0.049,0.591,0.264,0.105,0.04
26,28693,1874839,0.312,0.211,7,11,10,2,employee,wealth_generation,high,none,4,4,3,3,2,0.67,0.424,0.632,moderate,0.591,0.273,0.091,0.045,0.567,0.229,0.091,0.112
30,28717,1875306,0.143,0.374,8,0,2,5,employee,home_purchase,low,books,1,4,4,1,2,0.5,0.32,0.354,moderate,0.521,0.319,0.106,0.053,0.496,0.329,0.119,0.057
25,28721,1876355,0.104,0.071,7,10,4,1,unemployed,retirement,medium,online,3,3,5,2,3,0.65,0.425,0.495,moderate,0.541,0.306,0.102,0.051,0.52,0.297,0.086,0.098
32,28732,1877461,0.077,0.516,13,11,21,6,employee,retirement,low,online,4,3,2,2,3,0.58,0.279,0.475,moderate,0.625,0.25,0.083,0.042,0.632,0.229,0.119,0.02
21,28733,1877513,0.11,0.23,0,13,19,2,self-employed,retirement,low,online,3,4,3,1,1,0.53,0.422,0.501,moderate,0.625,0.25,0.083,0.042,0.614,0.247,0.131,0.008
28,28748,1877602,0.119,0.191,8,8,19,7,retired,home_purchase,high,advisor,2,4,2,3,4,0.59,0.428,0.483,moderate,0.625,0.25,0.083,0.042,0.637,0.24,0.113,0.01
37,28752,1877691,0.138,0.545,15,5,10,8,employee,wealth_generation,medium,online,4,2,2,2,5,0.59,0.245,0.434,moderate,0.591,0.273,0.091,0.045,0.593,0.226,0.12,0.06
22,28763,1878220,0.184,0.482,5,6,5,3,employee,education,low,advisor,3,5,2,4,3,0.69,0.27,0.541,moderate,0.55,0.3,0.1,0.05,0.561,0.3,0.067,0.072
24,28763,1879204,0.107,0.311,0,17,4,8,employee,retirement,low,online,3,3,2,2,3,0.53,0.356,0.452,moderate,0.541,0.306,0.102,0.051,0.582,0.295,0.068,0.055
30,28764,1880160,0.037,0.023,10,13,13,5,employee,retirement,low,advisor,2,3,2,4,3,0.54,0.535,0.562,moderate,0.612,0.259,0.086,0.043,0.605,0.275,0.066,0.054
28,28765,1880480,0.128,0.356,8,6,18,1,unemployed,wealth_generation,low,advisor,5,3,3,5,3,0.76,0.325,0.585,moderate,0.625,0.25,0.083,0.042,0.725,0.208,0.015,0.052
29,28766,1881593,0.236,0.199,10,15,21,6,employee,education,low,advisor,3,2,3,2,4,0.55,0.461,0.499,moderate,0.625,0.25,0.083,0.042,0.634,0.231,0.039,0.096
30,28803,1882582,0.153,0.219,7,11,8,1,self-employed,education,medium,books,3,4,4,2,2,0.63,0.399,0.494,moderate,0.575,0.283,0.094,0.047,0.586,0.29,0.081,0.043
31,28806,1883073,0.296,0.123,12,13,8,2,retired,wealth_generation,medium,books,3,3,3,3,3,0.6,0.431,0.53,moderate,0.575,0.283,0.094,0.047,0.523,0.299,0.156,0.022
33,28824,1883665,0.154,0.267,16,9,4,4,self-employed,education,high,none,2,2,4,2,4,0.54,0.365,0.451,moderate,0.541,0.306,0.102,0.051,0.552,0.341,0.074,0.033
30,28841,1884096,0.108,0.354,10,12,17,1,self-employed,retirement,medium,online,4,5,3,3,1,0.69,0.35,0.584,moderate,0.625,0.25,0.083,0.042,0.645,0.254,0.063,0.038
26,28860,1885042,0.088,0.175,8,13,7,1,retired,wealth_generation,medium,online,2,2,4,5,4,0.63,0.403,0.568,moderate,0.567,0.288,0.096,0.048,0.533,0.309,0.122,0.035
31,28881,1885205,0.193,0.485,12,1,11,6,employee,wealth_generation,low,online,4,2,2,3,2,0.53,0.279,0.422,moderate,0.598,0.268,0.089,0.045,0.589,0.285,0.101,0.024
37,28905,1887624,0.16,0.141,19,16,22,8,retired,income,medium,advisor,2,3,2,4,3,0.54,0.463,0.508,moderate,0.625,0.25,0.083,0.042,0.61,0.235,0.107,0.047
27,28910,1892670,0.174,0.067,5,5,16,5,employee,wealth_generation,low,books,3,3,3,4,1,0.57,0.521,0.539,moderate,0.625,0.25,0.083,0.042,0.556,0.313,0.069,0.063
23,28910,1894305,0.207,0.312,2,6,3,3,employee,wealth_generation,medium,books,4,3,4,3,4,0.72,0.354,0.558,moderate,0.531,0.312,0.104,0.052,0.498,0.278,0.124,0.099
33,28921,1897923,0.2,0.41,16,11,1,6,employee,wealth_generation,medium,friends,3,3,4,3,4,0.67,0.3,0.49,moderate,0.511,0.326,0.109,0.054,0.454,0.288,0.148,0.111
27,28929,1897944,0.033,0.505,4,9,17,1,retired,home_purchase,low,books,3,2,3,4,2,0.55,0.258,0.435,moderate,0.625,0.25,0.083,0.042,0.639,0.292,0.069,0.0
18,28929,1898790,0.22,0.365,0,13,12,6,student,retirement,low,books,4,3,2,3,2,0.58,0.314,0.465,moderate,0.605,0.263,0.088,0.044,0.565,0.287,0.062,0.087
32,28944,1900011,0.159,0.143,11,5,16,2,employee,home_purchase,low,none,2,2,3,3,3,0.5,0.479,0.536,moderate,0.625,0.25,0.083,0.042,0.589,0.227,0.151,0.033
25,28967,1900541,0.132,0.554,2,5,5,5,employee,retirement,medium,friends,4,4,5,5,3,0.84,0.232,0.586,moderate,0.55,0.3,0.1,0.05,0.542,0.308,0.118,0.032
27,28975,1901893,0.16,0.464,5,1,20,4,employee,wealth_generation,low,books,2,3,3,5,3,0.61,0.307,0.561,moderate,0.625,0.25,0.083,0.042,0.588,0.257,0.106,0.049
29,28983,1902672,0.175,0.125,11,6,17,7,employee,wealth_generation,low,online,3,2,3,2,2,0.49,0.492,0.545,moderate,0.625,0.25,0.083,0.042,0.655,0.245,0.065,0.036
28,28987,1905282,0.075,0.28,11,10,20,5,employee,wealth_generation,low,online,4,4,3,4,2,0.7,0.412,0.563,moderate,0.625,0.25,0.083,0.042,0.639,0.253,0.101,0.008
31,28994,1906756,0.137,0.279,13,4,9,6,employee,retirement,low,advisor,3,3,4,3,4,0.67,0.386,0.554,moderate,0.583,0.278,0.093,0.046,0.598,0.303,0.065,0.035
25,29024,1907675,0.12,0.238,2,6,7,4,employee,retirement,medium,online,3,3,4,1,4,0.61,0.402,0.48,moderate,0.567,0.288,0.096,0.048,0.556,0.294,0.089,0.061
30,29032,1911110,0.123,0.576,11,3,5,5,student,education,low,books,3,2,3,4,3,0.58,0.2,0.415,moderate,0.55,0.3,0.1,0.05,0.584,0.28,0.068,0.067
26,29046,1911530,0.056,0.062,3,10,22,4,self-employed,retirement,low,none,3,1,1,2,4,0.42,0.525,0.473,moderate,0.625,0.25,0.083,0.042,0.637,0.227,0.079,0.056
31,29067,1911613,0.078,0.306,12,1,5,1,employee,wealth_generation,high,books,3,4,4,2,5,0.72,0.362,0.583,moderate,0.55,0.3,0.1,0.05,0.598,0.275,0.12,0.007
31,29068,1912879,0.079,0.146,9,9,4,4,retired,income,low,books,2,4,4,3,3,0.64,0.409,0.523,moderate,0.541,0.306,0.102,0.051,0.559,0.385,0.056,0.0
23,29069,1915155,0.128,0.269,2,5,6,1,employee,wealth_generation,low,advisor,3,3,3,3,3,0.6,0.384,0.511,moderate,0.559,0.294,0.098,0.049,0.556,0.269,0.084,0.091
33,29077,1918935,0.251,0.371,17,1,17,5,self-employed,retirement,low,books,4,1,3,3,3,0.55,0.341,0.481,moderate,0.625,0.25,0.083,0.042,0.61,0.258,0.078,0.053
25,29078,1919512,0.091,0.164,2,12,20,1,employee,wealth_generation,medium,advisor,3,2,4,4,4,0.65,0.479,0.578,moderate,0.625,0.25,0.083,0.042,0.62,0.235,0.084,0.061
32,29084,1921440,0.137,0.221,11,6,18,8,self-employed,home_purchase,low,books,3,2,3,3,4,0.58,0.425,0.559,moderate,0.625,0.25,0.083,0.042,0.613,0.258,0.094,0.035
29,29089,1922240,0.115,0.501,12,8,12,3,self-employed,income,low,online,3,3,3,3,3,0.6,0.262,0.462,moderate,0.605,0.263,0.088,0.044,0.614,0.278,0.096,0.012
37,29091,1922400,0.216,0.362,17,10,30,1,student,education,low,books,3,1,3,4,4,0.56,0.355,0.43,moderate,0.625,0.25,0.083,0.042,0.609,0.249,0.102,0.039
26,29094,1925417,0.037,0.285,9,9,3,6,self-employed,retirement,medium,none,2,2,2,3,4,0.49,0.354,0.387,moderate,0.531,0.312,0.104,0.052,0.565,0.282,0.107,0.046
26,29124,1926137,0.088,0.153,4,10,20,1,employee,retirement,low,books,2,4,4,3,3,0.64,0.485,0.567,moderate,0.625,0.25,0.083,0.042,0.625,0.245,0.073,0.057
27,29145,1926375,0.092,0.232,6,10,10,3,employee,education,high,books,1,2,2,2,4,0.41,0.414,0.376,moderate,0.591,0.273,0.091,0.045,0.587,0.242,0.124,0.048
26,29146,1926740,0.347,0.368,4,8,11,5,self-employed,education,low,books,4,4,3,4,1,0.67,0.33,0.485,moderate,0.598,0.268,0.089,0.045,0.634,0.264,0.045,0.056
31,29147,1928832,0.167,0.393,10,5,4,2,student,wealth_generation,high,online,2,3,4,3,2,0.56,0.285,0.437,moderate,0.541,0.306,0.102,0.051,0.538,0.285,0.113,0.063
19,29152,1930662,0.072,0.163,3,3,2,3,employee,retirement,low,online,2,2,1,5,4,0.51,0.428,0.501,moderate,0.521,0.319,0.106,0.053,0.506,0.285,0.08,0.129
22,29168,1930959,0.107,0.319,4,14,8,4,employee,wealth_generation,high,online,1,1,2,2,5,0.39,0.362,0.365,moderate,0.575,0.283,0.094,0.047,0.563,0.269,0.143,0.024
22,29171,1931658,0.081,0.087,5,17,5,6,student,wealth_generation,high,friends,2,3,2,2,4,0.51,0.431,0.488,moderate,0.55,0.3,0.1,0.05,0.533,0.296,0.088,0.083
32,29183,1931669,0.068,0.029,16,5,11,1,unemployed,retirement,low,online,4,3,5,3,3,0.73,0.469,0.669,aggressive,0.777,0.134,0.045,0.045,0.738,0.144,0.081,0.038
36,29186,1932300,0.218,0.277,20,2,5,1,employee,wealth_generation,low,books,5,3,5,3,1,0.72,0.378,0.595,moderate,0.55,0.3,0.1,0.05,0.566,0.302,0.07,0.062
27,29190,1932503,0.152,0.154,8,3,5,3,employee,retirement,low,books,1,4,2,3,4,0.54,0.442,0.473,moderate,0.55,0.3,0.1,0.05,0.619,0.294,0.063,0.024
27,29219,1933612,0.179,0.076,11,9,20,3,employee,home_purchase,low,advisor,3,2,3,3,3,0.55,0.529,0.541,moderate,0.625,0.25,0.083,0.042,0.69,0.173,0.077,0.06
28,29223,1934936,0.12,0.348,11,3,22,3,student,wealth_generation,medium,none,2,3,3,2,2,0.49,0.345,0.419,moderate,0.625,0.25,0.083,0.042,0.617,0.238,0.059,0.085
33,29240,1935661,0.164,0.258,17,11,25,2,employee,retirement,low,online,2,1,3,3,2,0.42,0.438,0.442,moderate,0.625,0.25,0.083,0.042,0.649,0.226,0.073,0.053
23,29246,1935914,0.103,0.379,2,14,15,3,employee,wealth_generation,medium,friends,2,3,4,3,3,0.59,0.345,0.498,moderate,0.625,0.25,0.083,0.042,0.603,0.263,0.082,0.053
29,29249,1936101,0.115,0.32,10,16,17,5,employee,home_purchase,low,books,4,3,2,3,3,0.61,0.383,0.511,moderate,0.625,0.25,0.083,0.042,0.703,0.207,0.075,0.016
32,29250,1937666,0.184,0.348,9,0,19,1,student,home_purchase,low,online,3,4,2,3,2,0.58,0.339,0.486,moderate,0.625,0.25,0.083,0.042,0.642,0.27,0.088,0.0
30,29250,1940372,0.076,0.188,10,16,14,2,employee,retirement,medium,online,2,5,3,3,1,0.59,0.449,0.524,moderate,0.619,0.254,0.085,0.042,0.596,0.294,0.045,0.065
28,29254,1942359,0.176,0.171,8,10,8,4,employee,retirement,low,books,3,1,3,2,4,0.5,0.441,0.429,moderate,0.575,0.283,0.094,0.047,0.543,0.246,0.115,0.096
33,29260,1943510,0.235,0.296,10,1,5,1,retired,education,medium,books,3,2,3,5,3,0.61,0.34,0.444,moderate,0.55,0.3,0.1,0.05,0.577,0.283,0.077,0.063
20,29279,1943544,0.066,0.143,0,6,7,4,unemployed,retirement,low,advisor,4,1,3,2,3,0.52,0.402,0.499,moderate,0.567,0.288,0.096,0.048,0.52,0.303,0.08,0.097
47,29285,1946178,0.253,0.39,26,9,19,2,student,wealth_generation,medium,friends,4,3,1,5,2,0.6,0.317,0.518,moderate,0.625,0.25,0.083,0.042,0.634,0.245,0.09,0.031
36,29288,1946443,0.051,0.267,18,16,15,2,employee,wealth_generation,medium,online,2,3,3,3,3,0.55,0.408,0.499,moderate,0.625,0.25,0.083,0.042,0.634,0.221,0.114,0.03
27,29298,1950445,0.123,0.155,6,2,11,3,employee,wealth_generation,low,online,4,3,2,1,3,0.55,0.458,0.542,moderate,0.598,0.268,0.089,0.045,0.581,0.271,0.087,0.061
46,29314,1952612,0.175,0.305,24,2,2,2,employee,retirement,low,friends,4,2,2,3,3,0.56,0.356,0.53,moderate,0.521,0.319,0.106,0.053,0.548,0.365,0.063,0.023
52,29327,1953915,0.165,0.493,35,6,7,5,employee,retirement,low,books,4,5,3,2,2,0.69,0.268,0.508,moderate,0.567,0.288,0.096,0.048,0.56,0.231,0.098,0.111
40,29329,1954055,0.058,0.078,22,17,16,6,employee,wealth_generation,medium,advisor,2,4,2,4,1,0.53,0.516,0.502,moderate,0.625,0.25,0.083,0.042,0.614,0.256,0.055,0.075
49,29337,1958231,0.219,0.096,28,17,12,3,employee,wealth_generation,low,online,3,2,4,3,4,0.62,0.494,0.592,moderate,0.605,0.263,0.088,0.044,0.612,0.268,0.083,0.037
54,29338,1958966,0.305,0.406,30,3,10,4,self-employed,wealth_generation,high,online,3,3,4,3,3,0.64,0.308,0.549,moderate,0.591,0.273,0.091,0.045,0.605,0.304,0.091,0.001
52,29342,1960415,0.084,0.096,28,4,8,1,self-employed,retirement,medium,advisor,4,3,1,2,1,0.48,0.463,0.453,moderate,0.575,0.283,0.094,0.047,0.584,0.312,0.096,0.009
55,29354,1960444,0.252,0.044,32,14,13,4,employee,home_purchase,medium,online,3,3,3,4,4,0.66,0.525,0.65,aggressive,0.784,0.129,0.043,0.043,0.809,0.114,0.06,0.018
47,29360,1960489,0.164,0.204,24,10,25,4,employee,wealth_generation,high,books,3,1,4,2,4,0.54,0.47,0.501,moderate,0.625,0.25,0.083,0.042,0.635,0.24,0.074,0.05
42,29363,1962477,0.273,0.247,18,17,21,1,self-employed,retirement,medium,books,3,4,4,5,4,0.78,0.419,0.642,moderate,0.625,0.25,0.083,0.042,0.647,0.282,0.051,0.021
29,29367,1967734,0.083,0.284,5,13,2,2,employee,education,low,none,2,4,3,4,5,0.69,0.367,0.55,moderate,0.521,0.319,0.106,0.053,0.5,0.326,0.103,0.071
40,29368,1967772,0.217,0.262,16,3,11,2,employee,wealth_generation,low,advisor,4,2,3,4,5,0.69,0.401,0.582,moderate,0.598,0.268,0.089,0.045,0.592,0.262,0.11,0.035
35,29369,1969146,0.042,0.458,15,10,8,1,employee,retirement,low,books,3,3,2,2,3,0.53,0.289,0.402,moderate,0.575,0.283,0.094,0.047,0.619,0.299,0.064,0.017
59,29377,1969661,0.247,0.366,38,1,12,4,employee,retirement,low,advisor,4,2,4,4,4,0.7,0.347,0.589,moderate,0.605,0.263,0.088,0.044,0.585,0.306,0.075,0.033
40,29388,1972781,0.188,0.574,20,11,13,6,self-employed,wealth_generation,low,online,5,3,3,3,4,0.73,0.226,0.479,moderate,0.612,0.259,0.086,0.043,0.63,0.258,0.072,0.04
42,29393,1974734,0.128,0.251,26,8,6,5,self-employed,retirement,low,none,4,2,3,3,3,0.6,0.379,0.484,moderate,0.559,0.294,0.098,0.049,0.545,0.265,0.13,0.06
46,29394,1976437,0.087,0.08,27,16,17,3,employee,retirement,medium,online,4,3,4,4,2,0.69,0.518,0.66,aggressive,0.792,0.125,0.042,0.042,0.771,0.157,0.037,0.036
42,29395,1979151,0.224,0.509,26,16,11,3,self-employed,income,medium,none,2,2,3,5,3,0.56,0.257,0.507,moderate,0.598,0.268,0.089,0.045,0.6,0.229,0.087,0.084
55,29398,1980488,0.173,0.006,39,1,30,3,employee,retirement,medium,books,3,4,3,3,4,0.68,0.604,0.634,moderate,0.625,0.25,0.083,0.042,0.609,0.235,0.131,0.025
37,29403,1982174,0.126,0.369,19,2,2,4,employee,retirement,high,books,4,2,3,3,3,0.6,0.323,0.535,moderate,0.521,0.319,0.106,0.053,0.548,0.284,0.132,0.037
43,29420,1982757,0.142,0.037,21,6,6,3,self-employed,retirement,medium,advisor,4,4,2,2,3,0.63,0.488,0.612,moderate,0.559,0.294,0.098,0.049,0.6,0.284,0.116,0.0
36,29424,1983775,0.227,0.362,20,13,15,2,self-employed,income,low,books,3,2,4,1,3,0.53,0.342,0.467,moderate,0.625,0.25,0.083,0.042,0.641,0.26,0.055,0.044
31,29426,1984429,0.121,0.484,9,11,15,4,employee,income,low,none,1,4,3,4,3,0.58,0.287,0.448,moderate,0.625,0.25,0.083,0.042,0.674,0.21,0.093,0.023
37,29439,1986295,0.055,0.219,21,16,13,3,employee,retirement,low,books,4,1,4,2,3,0.56,0.429,0.55,moderate,0.612,0.259,0.086,0.043,0.628,0.258,0.069,0.045
41,29442,1987109,0.259,0.161,17,8,26,0,employee,home_purchase,medium,books,3,2,4,3,3,0.59,0.498,0.548,moderate,0.625,0.25,0.083,0.042,0.655,0.229,0.107,0.009
38,29447,1987739,0.131,0.155,18,4,10,0,employee,retirement,medium,online,3,3,4,3,4,0.67,0.456,0.598,moderate,0.591,0.273,0.091,0.045,0.578,0.259,0.121,0.042
36,29453,1987831,0.123,0.256,15,0,10,2,employee,wealth_generation,medium,online,4,3,5,3,3,0.73,0.402,0.534,moderate,0.591,0.273,0.091,0.045,0.663,0.262,0.058,0.017
30,29454,1989979,0.091,0.129,6,3,21,3,employee,wealth_generation,medium,advisor,4,3,4,3,4,0.72,0.502,0.621,moderate,0.625,0.25,0.083,0.042,0.706,0.241,0.018,0.035
41,29458,1990786,0.253,0.324,23,9,12,2,self-employed,wealth_generation,medium,books,2,1,3,3,3,0.45,0.356,0.394,moderate,0.605,0.263,0.088,0.044,0.615,0.252,0.054,0.079
29,29465,1991119,0.094,0.211,11,14,9,0,student,retirement,high,online,1,5,3,4,2,0.6,0.384,0.517,moderate,0.583,0.278,0.093,0.046,0.581,0.275,0.126,0.018
48,29472,1991278,0.18,0.194,28,4,16,2,employee,education,medium,none,3,3,3,3,2,0.57,0.451,0.513,moderate,0.625,0.25,0.083,0.042,0.57,0.263,0.081,0.085
42,29486,1991376,0.246,0.245,20,13,14,1,employee,wealth_generation,medium,friends,3,2,2,3,3,0.51,0.418,0.458,moderate,0.619,0.254,0.085,0.042,0.632,0.223,0.078,0.067
30,29489,1992385,0.028,0.274,12,5,8,6,retired,income,medium,friends,3,4,3,3,3,0.65,0.358,0.533,moderate,0.575,0.283,0.094,0.047,0.564,0.261,0.118,0.056
39,29502,1995632,0.228,0.114,20,4,8,2,self-employed,wealth_generation,low,friends,2,3,4,3,3,0.59,0.454,0.513,moderate,0.575,0.283,0.094,0.047,0.565,0.316,0.094,0.025
35,29506,1998094,0.136,0.338,18,7,9,0,employee,wealth_generation,low,online,4,2,3,4,3,0.63,0.355,0.47,moderate,0.583,0.278,0.093,0.046,0.619,0.265,0.093,0.023
44,29508,2000550,0.185,0.433,20,6,3,4,self-employed,retirement,low,friends,4,4,2,4,2,0.66,0.281,0.495,moderate,0.531,0.312,0.104,0.052,0.532,0.323,0.064,0.081
52,29508,2001115,0.128,0.177,28,14,23,2,retired,retirement,medium,books,3,2,3,3,3,0.55,0.448,0.502,moderate,0.625,0.25,0.083,0.042,0.615,0.268,0.064,0.053
26,29524,2001145,0.193,0.134,9,6,6,3,employee,retirement,low,books,3,2,2,3,4,0.54,0.456,0.529,moderate,0.559,0.294,0.098,0.049,0.517,0.273,0.127,0.083
42,29531,2003525,0.103,0.362,22,4,6,1,self-employed,education,low,books,4,3,2,3,2,0.58,0.323,0.471,moderate,0.559,0.294,0.098,0.049,0.537,0.3,0.087,0.076
40,29537,2004524,0.02,0.135,24,12,14,7,employee,retirement,low,online,3,3,1,5,2,0.55,0.479,0.533,moderate,0.619,0.254,0.085,0.042,0.593,0.259,0.121,0.027
47,29539,2005301,0.281,0.046,24,24,16,7,employee,wealth_generation,high,books,5,2,2,3,3,0.61,0.535,0.558,moderate,0.625,0.25,0.083,0.042,0.613,0.258,0.109,0.019
43,29539,2008246,0.015,0.303,22,8,16,4,employee,income,low,books,2,3,3,2,4,0.55,0.391,0.486,moderate,0.625,0.25,0.083,0.042,0.595,0.261,0.105,0.038
35,29540,2008312,0.226,0.161,18,4,9,4,employee,retirement,low,books,4,1,5,4,3,0.66,0.45,0.524,moderate,0.583,0.278,0.093,0.046,0.582,0.282,0.073,0.063
39,29545,2009402,0.081,0.13,22,3,20,3,retired,wealth_generation,medium,books,2,3,4,5,5,0.71,0.465,0.593,moderate,0.625,0.25,0.083,0.042,0.679,0.191,0.102,0.029
35,29554,2011313,0.132,0.566,15,1,12,7,student,wealth_generation,medium,online,1,3,3,4,3,0.53,0.216,0.323,conservative,0.386,0.439,0.132,0.044,0.387,0.479,0.103,0.032
50,29573,2015958,0.226,0.182,28,1,10,3,employee,income,medium,books,2,3,3,4,5,0.64,0.442,0.525,moderate,0.591,0.273,0.091,0.045,0.602,0.241,0.097,0.06
42,29599,2016421,0.091,0.449,18,14,18,2,employee,home_purchase,medium,friends,4,4,4,3,3,0.74,0.312,0.531,moderate,0.625,0.25,0.083,0.042,0.596,0.259,0.124,0.02
57,29604,2016879,0.24,0.133,33,1,7,1,student,retirement,low,none,3,4,3,2,4,0.65,0.416,0.575,moderate,0.567,0.288,0.096,0.048,0.532,0.265,0.141,0.062
41,29608,2020560,0.153,0.392,20,6,19,2,employee,retirement,low,advisor,2,2,2,3,4,0.49,0.347,0.443,moderate,0.625,0.25,0.083,0.042,0.592,0.22,0.124,0.065
36,29639,2020688,0.127,0.26,19,9,12,4,employee,retirement,medium,online,3,2,2,4,3,0.54,0.405,0.518,moderate,0.605,0.263,0.088,0.044,0.606,0.238,0.094,0.062
29,29646,2020719,0.186,0.076,8,12,21,2,employee,retirement,medium,advisor,3,3,3,3,5,0.66,0.534,0.57,moderate,0.625,0.25,0.083,0.042,0.61,0.226,0.112,0.052
27,29651,2024010,0.122,0.349,11,3,6,4,employee,retirement,low,online,3,3,3,2,2,0.54,0.343,0.486,moderate,0.559,0.294,0.098,0.049,0.585,0.286,0.101,0.028
29,29664,2024188,0.123,0.44,12,6,23,3,self-employed,retirement,high,none,4,3,4,1,2,0.6,0.316,0.469,moderate,0.625,0.25,0.083,0.042,0.656,0.274,0.055,0.014
44,29673,2025321,0.202,0.125,26,4,15,6,employee,wealth_generation,high,books,3,2,2,2,3,0.48,0.487,0.537,moderate,0.625,0.25,0.083,0.042,0.594,0.245,0.093,0.068
46,29674,2026930,0.115,0.346,26,4,13,3,employee,income,medium,none,3,5,2,2,2,0.6,0.36,0.499,moderate,0.612,0.259,0.086,0.043,0.546,0.236,0.134,0.083
29,29676,2030002,0.09,0.239,13,4,10,4,employee,home_purchase,low,books,4,3,2,2,3,0.58,0.411,0.561,moderate,0.591,0.273,0.091,0.045,0.586,0.269,0.104,0.042
49,29688,2031907,0.221,0.359,29,8,24,3,employee,retirement,low,advisor,3,2,3,2,3,0.52,0.377,0.549,moderate,0.625,0.25,0.083,0.042,0.602,0.225,0.148,0.024
38,29699,2033107,0.221,0.341,18,0,10,5,self-employed,education,low,none,3,3,4,3,3,0.64,0.343,0.534,moderate,0.591,0.273,0.091,0.045,0.657,0.22,0.079,0.044
43,29705,2039912,0.153,0.032,24,5,11,1,employee,income,low,online,1,5,1,3,1,0.46,0.527,0.54,moderate,0.598,0.268,0.089,0.045,0.582,0.245,0.118,0.055
54,29706,2040274,0.158,0.133,36,3,17,1,employee,home_purchase,medium,books,2,5,4,4,3,0.72,0.489,0.618,moderate,0.625,0.25,0.083,0.042,0.683,0.259,0.048,0.009
49,29707,2040935,0.193,0.249,27,17,8,4,employee,wealth_generation,low,friends,5,3,4,5,4,0.83,0.401,0.698,aggressive,0.764,0.142,0.047,0.047,0.711,0.124,0.135,0.03
39,29733,2041504,0.155,0.479,17,8,8,5,employee,retirement,low,online,3,4,4,4,4,0.75,0.278,0.559,moderate,0.575,0.283,0.094,0.047,0.595,0.282,0.114,0.009
34,29737,2041535,0.137,0.202,18,13,17,3,employee,education,low,online,4,5,2,4,3,0.74,0.451,0.641,moderate,0.625,0.25,0.083,0.042,0.586,0.278,0.09,0.046
24,29740,2041790,0.356,0.306,2,3,4,2,unemployed,education,low,books,3,2,5,2,2,0.57,0.319,0.485,moderate,0.541,0.306,0.102,0.051,0.564,0.305,0.066,0.065
36,29740,2042316,0.075,0.016,18,11,18,2,student,retirement,low,friends,2,1,2,2,3,0.38,0.51,0.427,moderate,0.625,0.25,0.083,0.042,0.642,0.204,0.092,0.061
40,29751,2042564,0.171,0.34,22,5,14,2,retired,retirement,high,online,4,2,4,4,1,0.61,0.34,0.457,moderate,0.619,0.254,0.085,0.042,0.588,0.257,0.089,0.066
34,29753,2042922,0.248,0.297,13,3,12,6,employee,wealth_generation,high,none,2,3,3,4,3,0.58,0.385,0.461,moderate,0.605,0.263,0.088,0.044,0.584,0.314,0.032,0.071
40,29763,2045098,0.191,0.341,19,10,6,2,self-employed,home_purchase,medium,advisor,2,2,1,3,3,0.42,0.334,0.42,moderate,0.559,0.294,0.098,0.049,0.523,0.327,0.118,0.032
42,29765,2046468,0.246,0.45,23,10,17,4,retired,retirement,low,online,4,4,3,3,3,0.7,0.288,0.541,moderate,0.625,0.25,0.083,0.042,0.643,0.247,0.11,0.0
40,29775,2048571,0.121,0.117,20,21,18,5,employee,income,medium,online,2,2,1,3,2,0.39,0.502,0.464,moderate,0.625,0.25,0.083,0.042,0.678,0.29,0.029,0.003
36,29809,2051362,0.107,0.17,18,11,11,0,retired,retirement,high,books,2,4,4,4,4,0.7,0.419,0.572,moderate,0.598,0.268,0.089,0.045,0.635,0.211,0.06,0.094
43,29818,2051849,0.235,0.648,25,2,9,0,employee,retirement,high,books,3,3,4,4,4,0.7,0.189,0.485,moderate,0.583,0.278,0.093,0.046,0.604,0.322,0.07,0.004
45,29820,2052509,0.132,0.122,21,4,7,2,self-employed,retirement,medium,advisor,3,2,3,2,4,0.55,0.448,0.499,moderate,0.567,0.288,0.096,0.048,0.59,0.312,0.048,0.05
33,29823,2053211,0.196,0.344,13,6,16,4,student,retirement,low,none,3,3,3,4,4,0.66,0.335,0.48,moderate,0.625,0.25,0.083,0.042,0.601,0.252,0.114,0.033
53,29825,2053605,0.075,0.346,37,2,14,2,employee,retirement,medium,books,2,2,3,4,2,0.5,0.363,0.435,moderate,0.619,0.254,0.085,0.042,0.605,0.229,0.103,0.063
41,29827,2054937,0.207,0.328,17,11,6,0,unemployed,wealth_generation,medium,none,3,2,2,4,4,0.57,0.314,0.458,moderate,0.559,0.294,0.098,0.049,0.533,0.277,0.139,0.051
42,29834,2055566,0.163,0.156,21,7,17,2,retired,income,low,advisor,3,4,4,2,3,0.66,0.443,0.573,moderate,0.625,0.25,0.083,0.042,0.628,0.2,0.102,0.07
47,29856,2056009,0.106,0.15,23,15,20,1,self-employed,retirement,low,online,4,3,1,2,4,0.57,0.472,0.523,moderate,0.625,0.25,0.083,0.042,0.634,0.297,0.056,0.013
43,29858,2057247,0.152,0.321,21,8,3,2,employee,wealth_generation,low,advisor,2,4,5,3,2,0.65,0.351,0.571,moderate,0.531,0.312,0.104,0.052,0.56,0.333,0.091,0.016
49,29858,2058526,0.193,0.137,27,7,17,2,employee,wealth_generation,low,online,2,4,2,3,2,0.53,0.487,0.496,moderate,0.625,0.25,0.083,0.042,0.677,0.208,0.099,0.017
44,29887,2065059,0.012,0.319,24,1,19,1,employee,income,low,none,3,2,1,2,4,0.47,0.389,0.463,moderate,0.625,0.25,0.083,0.042,0.578,0.225,0.121,0.076
37,29892,2067405,0.18,0.256,15,2,30,4,retired,retirement,low,advisor,4,3,3,3,5,0.71,0.423,0.604,moderate,0.625,0.25,0.083,0.042,0.639,0.294,0.028,0.039
44,29895,2068911,0.161,0.218,25,12,7,2,employee,wealth_generation,medium,books,2,2,3,3,3,0.5,0.415,0.467,moderate,0.567,0.288,0.096,0.048,0.587,0.239,0.087,0.087
32,29902,2074335,0.095,0.186,11,20,9,4,self-employed,retirement,high,books,2,4,3,4,5,0.69,0.422,0.605,moderate,0.583,0.278,0.093,0.046,0.612,0.305,0.062,0.02
42,29916,2075004,0.207,0.497,25,6,25,4,self-employed,income,low,advisor,2,1,4,1,3,0.43,0.288,0.363,moderate,0.625,0.25,0.083,0.042,0.605,0.254,0.099,0.042
41,29922,2075762,0.114,0.262,23,11,4,6,employee,wealth_generation,medium,books,2,3,2,3,2,0.48,0.384,0.426,moderate,0.541,0.306,0.102,0.051,0.566,0.314,0.088,0.031
40,29943,2077658,0.108,0.281,23,8,12,1,employee,wealth_generation,low,books,2,3,3,3,4,0.58,0.394,0.495,moderate,0.605,0.263,0.088,0.044,0.575,0.277,0.089,0.059
40,29986,2078110,0.147,0.499,23,16,11,2,employee,retirement,high,friends,4,3,4,3,4,0.72,0.273,0.547,moderate,0.598,0.268,0.089,0.045,0.616,0.277,0.036,0.07
26,29997,2079301,0.189,0.316,4,3,13,5,employee,retirement,medium,online,3,2,2,4,3,0.54,0.377,0.42,moderate,0.612,0.259,0.086,0.043,0.57,0.24,0.104,0.086
37,30002,2079363,0.269,0.512,17,7,8,5,retired,education,low,online,5,2,4,3,3,0.69,0.241,0.505,moderate,0.575,0.283,0.094,0.047,0.528,0.312,0.127,0.033
42,30009,2079631,0.073,0.094,21,5,22,2,employee,wealth_generation,low,books,2,1,4,3,4,0.52,0.527,0.544,moderate,0.625,0.25,0.083,0.042,0.609,0.266,0.121,0.004
43,30023,2083499,0.133,0.408,25,7,7,1,employee,retirement,medium,books,2,4,3,2,4,0.6,0.314,0.485,moderate,0.567,0.288,0.096,0.048,0.525,0.303,0.099,0.073
33,30023,2083908,0.045,0.199,13,4,14,5,employee,wealth_generation,low,advisor,4,4,3,1,2,0.61,0.444,0.547,moderate,0.619,0.254,0.085,0.042,0.612,0.259,0.087,0.042
52,30036,2085248,0.208,0.387,32,7,11,2,employee,income,high,books,2,3,4,3,1,0.53,0.334,0.465,moderate,0.598,0.268,0.089,0.045,0.641,0.236,0.091,0.033
35,30037,2085387,0.143,0.414,16,8,7,5,self-employed,retirement,high,books,1,2,2,3,2,0.38,0.3,0.351,moderate,0.567,0.288,0.096,0.048,0.525,0.292,0.115,0.068
49,30039,2086289,0.196,0.174,30,1,6,7,employee,income,low,books,2,3,4,1,2,0.5,0.436,0.426,moderate,0.559,0.294,0.098,0.049,0.594,0.308,0.056,0.042
45,30047,2089100,0.118,0.226,22,10,24,2,employee,education,medium,friends,4,4,2,4,3,0.69,0.456,0.64,moderate,0.625,0.25,0.083,0.042,0.606,0.242,0.104,0.048
36,30053,2089507,0.233,0.346,15,9,12,5,retired,retirement,medium,online,4,2,3,2,2,0.54,0.332,0.535,moderate,0.605,0.263,0.088,0.044,0.608,0.239,0.078,0.075
56,30054,2089617,0.16,0.089,39,13,13,3,self-employed,home_purchase,medium,advisor,3,3,5,5,3,0.74,0.484,0.683,aggressive,0.784,0.129,0.043,0.043,0.819,0.162,0.0,0.019
32,30059,2090229,0.278,0.359,15,6,17,5,employee,education,high,advisor,4,2,3,2,3,0.57,0.362,0.48,moderate,0.625,0.25,0.083,0.042,0.7,0.221,0.035,0.045
49,30066,2090549,0.051,0.096,32,1,3,3,unemployed,wealth_generation,low,advisor,5,3,2,2,2,0.6,0.414,0.499,moderate,0.531,0.312,0.104,0.052,0.581,0.267,0.106,0.046
50,30068,2090686,0.156,0.459,29,6,15,1,retired,education,low,online,2,3,3,3,3,0.55,0.28,0.488,moderate,0.625,0.25,0.083,0.042,0.672,0.261,0.068,0.0
36,30068,2090727,0.21,0.176,20,2,5,4,employee,retirement,medium,friends,2,2,3,3,2,0.47,0.432,0.459,moderate,0.55,0.3,0.1,0.05,0.541,0.315,0.095,0.049
53,30083,2094368,0.173,0.286,35,8,16,1,retired,education,low,online,3,5,5,3,2,0.75,0.372,0.627,moderate,0.625,0.25,0.083,0.042,0.628,0.253,0.107,0.012
39,30086,2095612,0.021,0.1,23,1,5,6,employee,wealth_generation,low,books,3,4,3,3,2,0.62,0.472,0.531,moderate,0.55,0.3,0.1,0.05,0.529,0.353,0.103,0.016
44,30091,2095628,0.304,0.173,25,5,18,3,retired,retirement,medium,books,2,4,3,4,1,0.57,0.437,0.532,moderate,0.625,0.25,0.083,0.042,0.664,0.245,0.055,0.036
44,30103,2098398,0.112,0.224,28,1,15,1,unemployed,wealth_generation,low,books,5,3,1,4,3,0.65,0.387,0.556,moderate,0.625,0.25,0.083,0.042,0.628,0.247,0.12,0.005
40,30125,2099553,0.101,0.254,16,0,9,2,self-employed,wealth_generation,medium,online,3,3,3,3,1,0.54,0.386,0.52,moderate,0.583,0.278,0.093,0.046,0.506,0.286,0.148,0.059
48,30129,2099591,0.15,0.0,27,16,9,5,employee,retirement,medium,advisor,4,3,3,4,3,0.68,0.538,0.648,moderate,0.583,0.278,0.093,0.046,0.597,0.228,0.1,0.075
48,30133,2100887,0.161,0.437,25,21,5,2,retired,retirement,high,none,3,2,2,3,3,0.51,0.273,0.42,moderate,0.55,0.3,0.1,0.05,0.555,0.282,0.101,0.063
28,30143,2105220,0.21,0.01,11,7,21,5,employee,wealth_generation,low,advisor,3,4,3,3,3,0.65,0.573,0.676,aggressive,0.792,0.125,0.042,0.042,0.808,0.135,0.004,0.052
52,30156,2106058,0.132,0.368,31,3,4,2,employee,wealth_generation,low,online,3,3,2,3,3,0.56,0.329,0.46,moderate,0.541,0.306,0.102,0.051,0.587,0.328,0.082,0.003
28,30157,2107025,0.141,0.248,9,14,11,3,employee,home_purchase,medium,online,3,1,3,2,3,0.47,0.41,0.492,moderate,0.598,0.268,0.089,0.045,0.558,0.233,0.128,0.081
50,30173,2108092,0.16,0.268,28,14,7,5,employee,wealth_generation,low,friends,2,3,3,2,3,0.52,0.389,0.485,moderate,0.567,0.288,0.096,0.048,0.583,0.32,0.084,0.014
51,30191,2114134,0.132,0.147,28,12,32,1,retired,education,low,online,3,3,4,3,3,0.64,0.492,0.603,moderate,0.625,0.25,0.083,0.042,0.679,0.248,0.061,0.012
33,30191,2114262,0.261,0.298,12,7,13,2,retired,wealth_generation,low,books,3,2,2,4,5,0.6,0.359,0.593,moderate,0.612,0.259,0.086,0.043,0.609,0.236,0.079,0.076
38,30196,2114598,0.235,0.272,22,1,5,6,employee,retirement,medium,friends,4,2,4,4,3,0.67,0.382,0.491,moderate,0.55,0.3,0.1,0.05,0.561,0.321,0.081,0.036
33,30200,2115533,0.144,0.126,10,1,14,4,employee,wealth_generation,low,books,5,2,4,2,2,0.63,0.485,0.531,moderate,0.619,0.254,0.085,0.042,0.585,0.245,0.101,0.07
40,30201,2116615,0.0,0.16,24,13,30,4,employee,home_purchase,medium,online,5,4,5,4,3,0.86,0.512,0.756,aggressive,0.792,0.125,0.042,0.042,0.769,0.153,0.017,0.061
39,30207,2117016,0.254,0.067,15,13,13,5,self-employed,wealth_generation,medium,books,2,4,3,3,3,0.6,0.496,0.586,moderate,0.612,0.259,0.086,0.043,0.625,0.251,0.124,0.0
48,30229,2118848,0.067,0.067,31,6,11,3,retired,education,high,advisor,3,3,3,3,1,0.54,0.472,0.516,moderate,0.598,0.268,0.089,0.045,0.573,0.254,0.087,0.086
52,30230,2120363,0.1,0.018,31,4,8,5,employee,education,medium,advisor,4,3,1,1,3,0.51,0.526,0.55,moderate,0.575,0.283,0.094,0.047,0.566,0.258,0.133,0.043
53,30237,2120418,0.076,0.152,30,8,4,4,employee,wealth_generation,low,online,4,4,2,3,4,0.69,0.442,0.557,moderate,0.541,0.306,0.102,0.051,0.545,0.307,0.106,0.042
37,30237,2121698,0.084,0.326,17,11,6,4,employee,retirement,low,advisor,2,2,4,4,2,0.54,0.356,0.525,moderate,0.559,0.294,0.098,0.049,0.518,0.332,0.075,0.075
40,30244,2124275,0.22,0.192,23,10,12,1,employee,home_purchase,low,online,3,3,2,4,2,0.56,0.444,0.555,moderate,0.605,0.263,0.088,0.044,0.61,0.25,0.098,0.042
28,30256,2124553,0.169,0.202,8,8,16,6,employee,home_purchase,low,books,4,3,3,2,2,0.59,0.449,0.584,moderate,0.625,0.25,0.083,0.042,0.676,0.25,0.07,0.004
35,30263,2124695,0.288,0.109,19,3,20,5,employee,home_purchase,medium,online,3,2,3,2,3,0.52,0.513,0.47,moderate,0.625,0.25,0.083,0.042,0.61,0.18,0.155,0.054
49,30265,2124755,0.097,0.286,26,4,17,2,employee,home_purchase,low,online,3,2,4,4,2,0.59,0.404,0.548,moderate,0.625,0.25,0.083,0.042,0.677,0.217,0.106,0.0
54,30270,2126698,0.15,0.202,31,10,4,4,employee,retirement,low,advisor,2,2,3,3,1,0.44,0.417,0.431,moderate,0.541,0.306,0.102,0.051,0.534,0.338,0.059,0.07
32,30274,2126926,0.311,0.325,15,11,17,3,unemployed,wealth_generation,low,online,2,3,3,4,2,0.55,0.341,0.538,moderate,0.625,0.25,0.083,0.042,0.611,0.265,0.043,0.081
37,30286,2129594,0.227,0.353,16,2,13,4,retired,retirement,low,advisor,3,2,3,3,3,0.55,0.331,0.47,moderate,0.612,0.259,0.086,0.043,0.626,0.231,0.062,0.08
41,30296,2129845,0.201,0.29,18,3,11,8,student,retirement,low,friends,3,4,2,2,3,0.58,0.352,0.462,moderate,0.598,0.268,0.089,0.045,0.587,0.243,0.105,0.064
44,30314,2130442,0.086,0.176,21,9,13,1,employee,education,low,online,5,1,2,3,4,0.59,0.455,0.554,moderate,0.612,0.259,0.086,0.043,0.565,0.286,0.082,0.067
35,30324,2130687,0.211,0.262,13,5,1,6,retired,wealth_generation,medium,online,3,2,3,4,2,0.55,0.348,0.418,moderate,0.511,0.326,0.109,0.054,0.511,0.272,0.136,0.081
45,30343,2131706,0.123,0.166,27,7,3,1,unemployed,retirement,medium,online,4,3,1,3,2,0.54,0.382,0.509,moderate,0.531,0.312,0.104,0.052,0.59,0.262,0.121,0.027
38,30343,2134070,0.159,0.449,19,8,12,3,employee,wealth_generation,low,online,4,2,3,3,5,0.66,0.303,0.504,moderate,0.605,0.263,0.088,0.044,0.637,0.292,0.025,0.046
41,30344,2137700,0.175,0.365,25,11,5,3,employee,income,medium,online,5,3,3,4,2,0.7,0.334,0.548,moderate,0.55,0.3,0.1,0.05,0.542,0.294,0.126,0.038
46,30345,2142537,0.175,0.256,22,11,12,2,self-employed,retirement,low,books,3,4,3,5,3,0.71,0.393,0.591,moderate,0.605,0.263,0.088,0.044,0.696,0.259,0.033,0.012
42,30350,2143385,0.2,0.526,25,4,9,3,self-employed,wealth_generation,low,friends,3,3,2,4,3,0.59,0.246,0.443,moderate,0.583,0.278,0.093,0.046,0.569,0.258,0.131,0.042
38,30354,2143853,0.186,0.276,16,7,21,5,retired,wealth_generation,medium,online,3,2,5,4,3,0.66,0.391,0.601,moderate,0.625,0.25,0.083,0.042,0.621,0.266,0.048,0.065
41,30373,2145689,0.046,0.196,18,2,24,2,employee,retirement,high,books,2,4,4,2,3,0.61,0.474,0.547,moderate,0.625,0.25,0.083,0.042,0.655,0.239,0.084,0.022
41,30377,2145861,0.145,0.087,22,12,27,1,employee,income,low,online,3,4,3,4,2,0.65,0.548,0.625,moderate,0.625,0.25,0.083,0.042,0.601,0.258,0.064,0.076
39,30384,2146155,0.186,0.275,23,12,21,4,employee,wealth_generation,medium,online,2,5,2,2,4,0.61,0.42,0.551,moderate,0.625,0.25,0.083,0.042,0.6,0.273,0.089,0.038
39,30389,2146686,0.112,0.417,19,4,28,4,employee,retirement,medium,books,2,2,3,1,4,0.47,0.352,0.424,moderate,0.625,0.25,0.083,0.042,0.611,0.239,0.104,0.045
54,30396,2147313,0.116,0.421,33,2,15,6,employee,wealth_generation,medium,online,3,2,1,2,1,0.38,0.324,0.334,conservative,0.417,0.417,0.125,0.042,0.392,0.444,0.124,0.04
46,30401,2149569,0.067,0.297,24,1,25,1,employee,wealth_generation,low,none,3,3,4,4,4,0.7,0.417,0.518,moderate,0.625,0.25,0.083,0.042,0.6,0.255,0.1,0.045
39,30403,2150045,0.137,0.221,23,7,14,6,employee,retirement,low,friends,5,4,4,3,4,0.82,0.433,0.699,aggressive,0.788,0.127,0.042,0.042,0.841,0.112,0.01,0.036
47,30403,2150497,0.329,0.315,28,1,18,3,employee,retirement,low,books,3,3,5,2,2,0.62,0.39,0.497,moderate,0.625,0.25,0.083,0.042,0.564,0.249,0.133,0.054
39,30425,2150679,0.11,0.363,19,9,4,2,student,wealth_generation,low,advisor,3,2,3,3,3,0.55,0.301,0.511,moderate,0.541,0.306,0.102,0.051,0.497,0.353,0.119,0.031
51,30435,2152793,0.159,0.227,31,9,15,7,employee,retirement,low,online,4,5,3,3,1,0.69,0.432,0.568,moderate,0.625,0.25,0.083,0.042,0.633,0.256,0.067,0.044
44,30441,2152883,0.204,0.25,22,8,22,2,self-employed,retirement,low,online,2,3,3,3,4,0.58,0.422,0.555,moderate,0.625,0.25,0.083,0.042,0.636,0.259,0.047,0.058
41,30448,2152887,0.013,0.327,22,13,12,4,employee,wealth_generation,low,online,4,5,3,2,4,0.75,0.37,0.602,moderate,0.605,0.263,0.088,0.044,0.584,0.282,0.112,0.023
45,30456,2152926,0.254,0.428,23,5,6,5,employee,wealth_generation,low,friends,4,3,3,2,3,0.62,0.302,0.54,moderate,0.559,0.294,0.098,0.049,0.555,0.299,0.072,0.074
29,30457,2153209,0.131,0.377,6,14,12,3,employee,retirement,low,online,4,2,2,4,2,0.56,0.342,0.484,moderate,0.605,0.263,0.088,0.044,0.646,0.264,0.09,0.0
32,30474,2153531,0.241,0.028,15,1,15,4,unemployed,education,low,friends,3,3,3,2,5,0.63,0.486,0.587,moderate,0.625,0.25,0.083,0.042,0.63,0.295,0.07,0.005
32,30485,2155950,0.031,0.105,16,2,17,4,employee,retirement,low,online,3,2,3,5,3,0.61,0.507,0.534,moderate,0.625,0.25,0.083,0.042,0.679,0.25,0.071,0.0
43,30492,2156986,0.074,0.412,27,5,12,2,employee,retirement,high,books,5,2,2,1,5,0.61,0.323,0.518,moderate,0.605,0.263,0.088,0.044,0.597,0.263,0.061,0.079
55,30503,2160343,0.118,0.4,39,8,6,5,self-employed,retirement,low,online,1,3,5,4,3,0.61,0.305,0.516,moderate,0.559,0.294,0.098,0.049,0.534,0.291,0.137,0.038
59,30510,2160757,0.122,0.219,35,1,22,6,employee,education,high,books,4,2,4,3,3,0.64,0.456,0.571,moderate,0.625,0.25,0.083,0.042,0.635,0.265,0.067,0.033
47,30520,2163593,0.234,0.29,28,7,17,3,retired,wealth_generation,low,online,3,4,5,3,2,0.7,0.374,0.603,moderate,0.625,0.25,0.083,0.042,0.68,0.193,0.07,0.057
46,30534,2164417,0.011,0.451,22,4,7,8,retired,retirement,low,online,2,5,4,2,5,0.72,0.27,0.552,moderate,0.567,0.288,0.096,0.048,0.532,0.307,0.083,0.078
27,30537,2164497,0.181,0.457,5,13,18,3,retired,wealth_generation,medium,online,2,4,2,5,2,0.59,0.288,0.506,moderate,0.625,0.25,0.083,0.042,0.667,0.28,0.053,0.0
37,30543,2165280,0.07,0.373,15,7,9,3,self-employed,wealth_generation,low,online,2,3,5,3,2,0.6,0.326,0.494,moderate,0.583,0.278,0.093,0.046,0.595,0.25,0.094,0.061
35,30575,2165675,0.226,0.148,18,8,8,4,employee,retirement,low,online,2,1,4,2,4,0.49,0.457,0.51,moderate,0.575,0.283,0.094,0.047,0.576,0.333,0.063,0.028
37,30577,2168701,0.213,0.348,20,15,19,2,employee,wealth_generation,low,books,4,3,4,4,3,0.72,0.374,0.589,moderate,0.625,0.25,0.083,0.042,0.594,0.252,0.098,0.056
40,30577,2171456,0.153,0.091,20,10,20,6,employee,retirement,low,none,2,3,3,3,3,0.55,0.524,0.602,moderate,0.625,0.25,0.083,0.042,0.602,0.265,0.109,0.024
38,30587,2172438,0.093,0.441,22,6,10,5,retired,retirement,low,friends,3,3,4,2,2,0.58,0.281,0.45,moderate,0.591,0.273,0.091,0.045,0.529,0.255,0.122,0.095
26,30592,2174638,0.18,0.118,4,6,1,5,self-employed,home_purchase,low,friends,3,2,3,2,2,0.49,0.434,0.465,moderate,0.511,0.326,0.109,0.054,0.447,0.334,0.12,0.098
47,30594,2175442,0.077,0.32,25,8,6,4,unemployed,wealth_generation,low,books,5,3,2,3,4,0.69,0.319,0.522,moderate,0.559,0.294,0.098,0.049,0.581,0.309,0.09,0.021
33,30598,2175788,0.087,0.299,10,3,21,5,self-employed,wealth_generation,high,books,4,2,2,3,3,0.56,0.393,0.481,moderate,0.625,0.25,0.083,0.042,0.611,0.263,0.048,0.078
43,30607,2176709,0.178,0.37,21,1,21,4,employee,home_purchase,medium,books,1,2,2,1,3,0.35,0.366,0.341,conservative,0.417,0.417,0.125,0.042,0.446,0.388,0.14,0.026
58,30616,2177583,0.341,0.278,35,4,10,3,employee,retirement,low,friends,4,2,4,3,3,0.64,0.392,0.603,moderate,0.591,0.273,0.091,0.045,0.658,0.231,0.09,0.021
34,30616,2179710,0.25,0.062,16,11,8,6,employee,retirement,low,online,1,4,3,1,3,0.49,0.503,0.558,moderate,0.575,0.283,0.094,0.047,0.589,0.307,0.052,0.052
21,30627,2179812,0.171,0.337,3,4,8,3,employee,income,medium,books,2,3,3,4,2,0.55,0.355,0.469,moderate,0.575,0.283,0.094,0.047,0.552,0.272,0.124,0.051
39,30631,2179876,0.161,0.217,16,2,21,3,self-employed,retirement,low,advisor,4,4,5,4,3,0.81,0.439,0.704,aggressive,0.792,0.125,0.042,0.042,0.86,0.088,0.028,0.024
50,30638,2181707,0.386,0.193,26,3,8,1,employee,wealth_generation,low,online,3,5,3,4,5,0.79,0.433,0.642,moderate,0.575,0.283,0.094,0.047,0.545,0.298,0.1,0.057
57,30640,2183821,0.162,0.612,38,9,12,6,student,income,low,online,3,1,2,3,2,0.43,0.194,0.349,conservative,0.386,0.439,0.132,0.044,0.394,0.497,0.097,0.011
32,30663,2187560,0.137,0.292,9,8,16,2,self-employed,retirement,low,advisor,3,3,4,2,2,0.58,0.385,0.548,moderate,0.625,0.25,0.083,0.042,0.648,0.251,0.101,0.0
45,30669,2188229,0.258,0.339,29,9,6,2,self-employed,income,medium,advisor,4,3,4,3,3,0.69,0.337,0.542,moderate,0.559,0.294,0.098,0.049,0.528,0.27,0.127,0.075
38,30672,2188305,0.098,0.268,21,4,7,1,unemployed,wealth_generation,high,online,4,1,3,4,4,0.61,0.346,0.474,moderate,0.567,0.288,0.096,0.048,0.566,0.279,0.132,0.023
41,30690,2190248,0.058,0.366,17,13,9,3,self-employed,income,medium,online,3,3,1,2,3,0.49,0.329,0.44,moderate,0.583,0.278,0.093,0.046,0.529,0.304,0.088,0.078
63,30691,2190908,0.18,0.358,46,6,14,2,student,retirement,high,books,4,5,3,4,3,0.78,0.325,0.574,moderate,0.619,0.254,0.085,0.042,0.57,0.243,0.11,0.078
29,30696,2191854,0.057,0.317,12,7,18,4,employee,wealth_generation,medium,online,1,4,5,3,2,0.6,0.389,0.517,moderate,0.625,0.25,0.083,0.042,0.679,0.228,0.061,0.033
44,30699,2192087,0.128,0.678,21,15,12,2,retired,income,medium,books,3,3,5,4,3,0.71,0.164,0.501,moderate,0.605,0.263,0.088,0.044,0.611,0.237,0.1,0.052
45,30703,2192225,0.138,0.245,25,18,5,4,employee,retirement,medium,friends,1,3,5,3,4,0.61,0.398,0.545,moderate,0.55,0.3,0.1,0.05,0.599,0.272,0.129,0.0
50,30730,2192666,0.162,0.338,30,9,10,2,employee,retirement,low,online,3,3,5,3,2,0.65,0.36,0.555,moderate,0.591,0.273,0.091,0.045,0.573,0.314,0.085,0.028
42,30742,2193365,0.342,0.38,21,15,4,2,unemployed,retirement,low,none,3,4,2,3,3,0.61,0.287,0.49,moderate,0.541,0.306,0.102,0.051,0.55,0.28,0.103,0.067
44,30753,2196073,0.095,0.214,21,7,3,5,employee,income,low,books,1,4,3,4,4,0.61,0.408,0.555,moderate,0.531,0.312,0.104,0.052,0.452,0.319,0.123,0.106
38,30756,2196629,0.129,0.244,15,4,13,3,employee,retirement,high,none,3,2,2,2,3,0.48,0.419,0.502,moderate,0.612,0.259,0.086,0.043,0.646,0.255,0.051,0.048
44,30761,2196709,0.07,0.534,20,4,24,1,employee,retirement,low,online,2,4,2,1,2,0.47,0.276,0.418,moderate,0.625,0.25,0.083,0.042,0.62,0.284,0.077,0.02
39,30762,2197108,0.174,0.038,21,7,19,7,employee,education,medium,friends,3,2,2,2,3,0.48,0.552,0.541,moderate,0.625,0.25,0.083,0.042,0.628,0.271,0.068,0.033
46,30764,2199530,0.2,0.199,22,8,17,2,self-employed,wealth_generation,medium,books,3,4,3,2,3,0.62,0.438,0.521,moderate,0.625,0.25,0.083,0.042,0.652,0.266,0.059,0.022
39,30765,2200295,0.15,0.254,21,6,16,1,employee,wealth_generation,low,advisor,4,5,4,2,3,0.76,0.42,0.631,moderate,0.625,0.25,0.083,0.042,0.639,0.232,0.1,0.029
45,30775,2204763,0.101,0.002,29,13,21,2,employee,wealth_generation,low,books,3,2,3,4,3,0.58,0.579,0.592,moderate,0.625,0.25,0.083,0.042,0.597,0.272,0.065,0.066
41,30777,2204947,0.177,0.446,21,6,16,1,retired,wealth_generation,low,books,3,2,2,3,3,0.51,0.29,0.492,moderate,0.625,0.25,0.083,0.042,0.646,0.24,0.049,0.065
51,30780,2206996,0.161,0.18,29,4,14,1,employee,wealth_generation,medium,friends,2,3,3,2,3,0.52,0.457,0.429,moderate,0.619,0.254,0.085,0.042,0.656,0.269,0.075,0.0
41,30789,2210255,0.082,0.168,23,0,9,5,employee,income,low,advisor,3,3,3,3,2,0.57,0.449,0.548,moderate,0.583,0.278,0.093,0.046,0.598,0.22,0.114,0.067
27,30793,2211013,0.135,0.392,3,17,4,2,employee,retirement,medium,online,3,2,2,3,3,0.51,0.318,0.45,moderate,0.541,0.306,0.102,0.051,0.581,0.291,0.128,0.0
52,30796,2211988,0.14,0.177,36,11,11,1,employee,income,medium,online,3,1,2,5,1,0.46,0.45,0.478,moderate,0.598,0.268,0.089,0.045,0.581,0.298,0.096,0.025
34,30796,2215409,0.32,0.318,13,8,22,5,employee,retirement,low,online,5,3,2,3,4,0.69,0.399,0.533,moderate,0.625,0.25,0.083,0.042,0.578,0.318,0.07,0.035
36,30799,2218186,0.234,0.393,15,12,13,3,retired,retirement,low,online,1,4,3,4,1,0.52,0.312,0.443,moderate,0.612,0.259,0.086,0.043,0.691,0.267,0.013,0.029
37,30799,2220165,0.202,0.378,14,11,6,1,employee,wealth_generation,medium,advisor,3,1,4,2,2,0.48,0.33,0.476,moderate,0.559,0.294,0.098,0.049,0.621,0.294,0.023,0.063
52,30807,2222425,0.249,0.372,34,15,14,4,employee,home_purchase,low,books,1,3,3,2,3,0.47,0.35,0.387,moderate,0.619,0.254,0.085,0.042,0.619,0.3,0.081,0.0
24,30811,2222819,0.202,0.083,4,5,11,0,self-employed,wealth_generation,low,friends,2,1,3,5,4,0.54,0.483,0.539,moderate,0.598,0.268,0.089,0.045,0.605,0.292,0.045,0.057
67,30822,2223345,0.255,0.077,47,7,22,3,employee,retirement,low,advisor,3,3,3,4,4,0.66,0.539,0.594,moderate,0.625,0.25,0.083,0.042,0.585,0.262,0.108,0.044
50,30827,2223392,0.039,0.188,27,2,5,4,employee,wealth_generation,low,online,3,3,1,3,2,0.49,0.428,0.515,moderate,0.55,0.3,0.1,0.05,0.594,0.306,0.087,0.013
43,30829,2224873,0.145,0.041,21,16,15,7,employee,income,medium,online,2,3,2,4,4,0.57,0.537,0.582,moderate,0.625,0.25,0.083,0.042,0.644,0.247,0.071,0.038
41,30875,2225527,0.205,0.259,23,19,15,2,employee,wealth_generation,low,books,3,2,4,4,4,0.65,0.415,0.57,moderate,0.625,0.25,0.083,0.042,0.616,0.254,0.022,0.108
44,30914,2228494,0.169,0.221,22,11,28,5,employee,retirement,medium,books,2,3,3,3,4,0.58,0.471,0.514,moderate,0.625,0.25,0.083,0.042,0.649,0.231,0.082,0.038
46,30915,2229351,0.083,0.28,23,6,12,1,self-employed,wealth_generation,low,advisor,3,4,3,2,2,0.59,0.382,0.503,moderate,0.605,0.263,0.088,0.044,0.601,0.264,0.06,0.075
47,30953,2230866,0.121,0.185,27,6,20,3,employee,wealth_generation,low,advisor,2,3,3,3,3,0.55,0.471,0.508,moderate,0.625,0.25,0.083,0.042,0.603,0.242,0.056,0.099
46,30953,2231277,0.117,0.254,26,6,2,2,self-employed,retirement,low,advisor,3,4,1,1,4,0.54,0.371,0.446,moderate,0.521,0.319,0.106,0.053,0.508,0.311,0.13,0.051
42,30961,2239363,0.104,0.199,26,4,4,3,retired,home_purchase,low,advisor,4,4,4,3,3,0.74,0.387,0.594,moderate,0.541,0.306,0.102,0.051,0.537,0.303,0.088,0.072
40,30985,2240170,0.122,0.141,17,7,9,3,student,wealth_generation,high,advisor,1,3,2,5,2,0.49,0.421,0.404,moderate,0.583,0.278,0.093,0.046,0.601,0.293,0.078,0.029
40,30986,2243642,0.156,0.314,19,1,13,7,retired,retirement,low,books,3,5,3,3,1,0.64,0.352,0.547,moderate,0.612,0.259,0.086,0.043,0.625,0.228,0.118,0.029
40,30992,2244409,0.236,0.324,19,20,10,6,employee,income,medium,books,2,4,5,2,3,0.65,0.368,0.525,moderate,0.591,0.273,0.091,0.045,0.547,0.27,0.129,0.054
51,30993,2244505,0.204,0.398,31,6,6,4,unemployed,wealth_generation,medium,friends,5,4,4,2,5,0.82,0.283,0.584,moderate,0.559,0.294,0.098,0.049,0.513,0.347,0.1,0.04
46,30994,2246020,0.23,0.427,26,14,13,2,employee,wealth_generation,medium,friends,2,2,4,2,3,0.51,0.318,0.39,moderate,0.612,0.259,0.086,0.043,0.643,0.232,0.113,0.012
18,30997,2247340,0.247,0.337,0,10,13,3,employee,wealth_generation,low,online,5,2,3,2,3,0.62,0.368,0.532,moderate,0.612,0.259,0.086,0.043,0.605,0.293,0.057,0.045
47,31010,2248967,0.137,0.33,29,4,12,5,employee,income,medium,advisor,3,4,5,3,2,0.7,0.369,0.626,moderate,0.605,0.263,0.088,0.044,0.582,0.276,0.098,0.044
43,31049,2249043,0.123,0.059,26,3,4,0,student,home_purchase,medium,online,4,3,3,2,1,0.56,0.446,0.505,moderate,0.541,0.306,0.102,0.051,0.584,0.315,0.083,0.018
41,31050,2250185,0.041,0.096,17,21,22,3,unemployed,retirement,high,books,3,2,2,4,3,0.54,0.474,0.555,moderate,0.625,0.25,0.083,0.042,0.633,0.282,0.085,0.0
38,31053,2250806,0.27,0.388,15,10,13,1,employee,retirement,high,books,4,3,4,2,4,0.69,0.339,0.567,moderate,0.612,0.259,0.086,0.043,0.597,0.3,0.103,0.0
50,31068,2251433,0.045,0.158,32,4,7,2,employee,wealth_generation,low,books,3,3,3,2,3,0.57,0.45,0.517,moderate,0.567,0.288,0.096,0.048,0.567,0.279,0.12,0.034
49,31078,2251587,0.204,0.207,29,1,15,1,employee,retirement,medium,online,3,2,5,3,5,0.69,0.445,0.65,aggressive,0.792,0.125,0.042,0.042,0.855,0.121,0.0,0.024
35,31085,2254447,0.129,0.116,15,9,8,7,employee,wealth_generation,medium,friends,3,3,2,3,4,0.59,0.475,0.492,moderate,0.575,0.283,0.094,0.047,0.613,0.302,0.084,0.0
45,31093,2254455,0.282,0.141,22,4,11,1,employee,retirement,high,online,1,3,1,4,4,0.48,0.47,0.48,moderate,0.598,0.268,0.089,0.045,0.585,0.293,0.056,0.065
34,31095,2256178,0.137,0.369,13,3,9,1,employee,home_purchase,low,books,3,3,2,2,2,0.5,0.341,0.426,moderate,0.583,0.278,0.093,0.046,0.559,0.223,0.096,0.122
30,31100,2256408,0.224,0.17,8,10,20,7,retired,retirement,high,advisor,3,4,4,4,3,0.72,0.447,0.62,moderate,0.625,0.25,0.083,0.042,0.59,0.293,0.083,0.034
36,31112,2257209,0.109,0.241,16,9,30,3,employee,retirement,low,friends,2,3,3,3,2,0.52,0.465,0.463,moderate,0.625,0.25,0.083,0.042,0.651,0.227,0.084,0.037
48,31112,2257291,0.113,0.12,32,6,5,5,employee,retirement,low,online,4,4,2,3,4,0.69,0.464,0.624,moderate,0.55,0.3,0.1,0.05,0.478,0.309,0.105,0.108
49,31123,2257618,0.172,0.326,26,15,2,2,employee,retirement,medium,online,4,3,3,3,4,0.68,0.349,0.499,moderate,0.521,0.319,0.106,0.053,0.535,0.321,0.098,0.045
46,31160,2258899,0.381,0.347,27,9,6,3,retired,wealth_generation,medium,online,2,3,2,4,2,0.51,0.32,0.453,moderate,0.559,0.294,0.098,0.049,0.586,0.269,0.108,0.037
47,31174,2259921,0.156,0.209,27,13,13,0,self-employed,wealth_generation,medium,advisor,3,2,4,3,3,0.59,0.423,0.508,moderate,0.612,0.259,0.086,0.043,0.615,0.288,0.043,0.054
46,31185,2260705,0.273,0.374,30,3,5,3,employee,education,high,books,5,2,4,4,4,0.75,0.33,0.596,moderate,0.55,0.3,0.1,0.05,0.552,0.297,0.099,0.052
36,31189,2261689,0.215,0.161,18,4,18,3,self-employed,retirement,medium,none,2,3,2,3,2,0.48,0.463,0.452,moderate,0.625,0.25,0.083,0.042,0.566,0.243,0.076,0.115
45,31201,2262414,0.218,0.332,28,2,10,3,employee,education,low,online,3,4,3,3,2,0.62,0.364,0.492,moderate,0.591,0.273,0.091,0.045,0.623,0.267,0.089,0.022
48,31202,2262832,0.141,0.348,31,4,13,3,employee,retirement,low,none,3,4,3,4,2,0.65,0.362,0.582,moderate,0.612,0.259,0.086,0.043,0.594,0.285,0.068,0.054
48,31203,2268878,0.131,0.532,32,17,11,5,employee,wealth_generation,low,friends,2,3,5,3,2,0.6,0.256,0.514,moderate,0.598,0.268,0.089,0.045,0.586,0.244,0.103,0.067
51,31215,2270296,0.087,0.158,30,16,21,3,retired,retirement,low,advisor,4,3,4,5,2,0.72,0.456,0.58,moderate,0.625,0.25,0.083,0.042,0.642,0.239,0.083,0.036
47,31220,2271839,0.295,0.086,24,10,2,4,retired,home_purchase,high,advisor,5,3,3,3,2,0.67,0.436,0.581,moderate,0.521,0.319,0.106,0.053,0.561,0.313,0.081,0.045
44,31221,2273079,0.291,0.171,26,7,16,2,employee,home_purchase,low,books,3,3,2,2,4,0.56,0.468,0.547,moderate,0.625,0.25,0.083,0.042,0.562,0.272,0.109,0.057
50,31224,2277484,0.205,0.104,34,11,14,5,self-employed,retirement,high,friends,3,2,3,4,3,0.58,0.482,0.539,moderate,0.619,0.254,0.085,0.042,0.639,0.237,0.07,0.054
41,31239,2279100,0.112,0.129,24,7,14,3,self-employed,income,medium,online,2,1,2,4,4,0.47,0.469,0.469,moderate,0.619,0.254,0.085,0.042,0.609,0.252,0.089,0.05
34,31252,2280518,0.101,0.199,16,0,10,3,retired,retirement,high,advisor,2,3,4,3,4,0.62,0.404,0.555,moderate,0.591,0.273,0.091,0.045,0.578,0.284,0.078,0.06
40,31253,2280886,0.333,0.228,19,7,1,2,employee,home_purchase,medium,none,3,3,3,2,4,0.6,0.397,0.535,moderate,0.511,0.326,0.109,0.054,0.522,0.322,0.115,0.041
36,31255,2280888,0.045,0.45,18,8,15,6,employee,retirement,low,online,1,2,3,4,2,0.45,0.309,0.38,moderate,0.625,0.25,0.083,0.042,0.639,0.227,0.089,0.045
36,31262,2282341,0.232,0.141,12,4,18,6,employee,retirement,low,friends,3,2,3,5,1,0.55,0.491,0.542,moderate,0.625,0.25,0.083,0.042,0.575,0.255,0.083,0.087
40,31262,2283100,0.125,0.539,24,3,3,2,employee,home_purchase,low,books,2,4,5,4,2,0.68,0.24,0.496,moderate,0.531,0.312,0.104,0.052,0.518,0.333,0.122,0.027
35,31281,2283656,0.137,0.387,13,4,10,4,retired,retirement,low,online,3,2,4,4,4,0.65,0.309,0.503,moderate,0.591,0.273,0.091,0.045,0.533,0.28,0.131,0.056
39,31297,2283958,0.229,0.432,16,8,5,1,employee,education,low,none,3,2,4,4,2,0.59,0.3,0.452,moderate,0.55,0.3,0.1,0.05,0.588,0.286,0.125,0.0
26,31297,2283991,0.055,0.475,2,2,13,0,employee,wealth_generation,medium,advisor,3,4,3,3,2,0.62,0.292,0.467,moderate,0.612,0.259,0.086,0.043,0.65,0.216,0.107,0.027
43,31299,2288048,0.124,0.358,20,10,17,5,retired,income,low,advisor,2,3,2,2,3,0.48,0.339,0.431,moderate,0.625,0.25,0.083,0.042,0.608,0.232,0.109,0.051
42,31299,2289903,0.284,0.376,22,6,14,1,self-employed,income,low,online,2,3,4,3,3,0.59,0.336,0.443,moderate,0.619,0.254,0.085,0.042,0.563,0.263,0.089,0.086
35,31304,2290172,0.194,0.237,19,5,8,1,employee,wealth_generation,medium,books,4,4,4,1,3,0.68,0.411,0.525,moderate,0.575,0.283,0.094,0.047,0.605,0.292,0.071,0.032
47,31332,2290498,0.207,0.263,31,11,5,4,employee,wealth_generation,medium,books,2,2,4,2,2,0.48,0.389,0.439,moderate,0.55,0.3,0.1,0.05,0.569,0.293,0.125,0.013
49,31336,2291841,0.208,0.478,26,7,17,5,employee,retirement,low,advisor,3,3,2,4,4,0.62,0.297,0.491,moderate,0.625,0.25,0.083,0.042,0.647,0.201,0.068,0.084
29,31342,2293168,0.042,0.215,7,5,8,2,employee,retirement,low,books,4,3,4,3,2,0.66,0.422,0.533,moderate,0.575,0.283,0.094,0.047,0.591,0.272,0.076,0.061
35,31353,2293440,0.09,0.047,15,13,2,1,self-employed,wealth_generation,low,advisor,3,1,2,5,2,0.49,0.474,0.536,moderate,0.521,0.319,0.106,0.053,0.525,0.324,0.063,0.089
35,31374,2294146,0.151,0.363,17,5,13,1,employee,retirement,low,online,2,4,4,1,3,0.58,0.354,0.467,moderate,0.612,0.259,0.086,0.043,0.653,0.277,0.053,0.016
34,31379,2294276,0.127,0.286,10,12,7,0,employee,retirement,high,books,2,3,3,2,3,0.52,0.382,0.445,moderate,0.567,0.288,0.096,0.048,0.593,0.297,0.111,0.0
48,31380,2298194,0.136,0.389,29,7,19,1,employee,retirement,medium,online,4,5,3,3,2,0.72,0.351,0.55,moderate,0.625,0.25,0.083,0.042,0.602,0.249,0.116,0.033
40,31386,2298894,0.214,0.074,19,3,5,6,self-employed,retirement,medium,online,3,3,3,3,3,0.6,0.471,0.577,moderate,0.55,0.3,0.1,0.05,0.564,0.338,0.077,0.02
39,31389,2299525,0.014,0.304,20,8,10,1,retired,education,low,books,3,5,4,2,4,0.74,0.352,0.636,moderate,0.591,0.273,0.091,0.045,0.564,0.267,0.072,0.096
25,31398,2300354,0.185,0.164,1,4,7,4,employee,retirement,medium,none,2,2,2,4,3,0.49,0.447,0.444,moderate,0.567,0.288,0.096,0.048,0.574,0.309,0.07,0.047
47,31401,2301774,0.0,0.449,28,2,15,6,employee,home_purchase,low,advisor,2,3,4,5,2,0.62,0.309,0.521,moderate,0.625,0.25,0.083,0.042,0.617,0.256,0.095,0.031
32,31417,2302752,0.043,0.096,9,1,12,4,retired,retirement,medium,advisor,4,1,4,4,4,0.65,0.463,0.583,moderate,0.605,0.263,0.088,0.044,0.586,0.291,0.059,0.064
42,31419,2303607,0.135,0.406,24,3,17,0,employee,retirement,low,online,4,2,4,2,2,0.58,0.338,0.46,moderate,0.625,0.25,0.083,0.042,0.602,0.259,0.07,0.069
44,31421,2306812,0.231,0.083,21,10,11,4,employee,retirement,low,advisor,3,3,3,2,3,0.57,0.503,0.551,moderate,0.598,0.268,0.089,0.045,0.57,0.279,0.103,0.049
52,31446,2307969,0.074,0.031,34,12,1,6,employee,education,low,online,2,3,3,4,4,0.61,0.499,0.526,moderate,0.511,0.326,0.109,0.054,0.476,0.316,0.114,0.095
31,31471,2308589,0.164,0.159,11,12,6,2,employee,education,low,books,3,1,2,4,3,0.49,0.447,0.465,moderate,0.559,0.294,0.098,0.049,0.556,0.291,0.108,0.045
18,31475,2310237,0.189,0.198,2,4,35,2,employee,retirement,medium,none,5,4,3,3,2,0.72,0.505,0.604,moderate,0.625,0.25,0.083,0.042,0.636,0.213,0.111,0.04
43,31494,2312566,0.097,0.306,22,9,10,2,employee,retirement,medium,friends,2,3,3,3,4,0.58,0.379,0.489,moderate,0.591,0.273,0.091,0.045,0.612,0.251,0.082,0.055
56,31508,2314700,0.155,0.109,39,3,14,3,retired,home_purchase,medium,online,3,3,2,4,4,0.62,0.462,0.559,moderate,0.619,0.254,0.085,0.042,0.618,0.264,0.076,0.042
51,31510,2314805,0.259,0.237,33,8,21,2,employee,wealth_generation,high,online,5,3,3,3,3,0.7,0.445,0.643,moderate,0.625,0.25,0.083,0.042,0.661,0.223,0.116,0.0
43,31511,2315653,0.155,0.145,27,13,2,4,employee,wealth_generation,low,online,2,3,3,4,3,0.58,0.443,0.527,moderate,0.521,0.319,0.106,0.053,0.531,0.353,0.105,0.012
38,31517,2316361,0.078,0.414,17,1,14,4,self-employed,wealth_generation,low,online,4,4,3,2,3,0.67,0.316,0.499,moderate,0.619,0.254,0.085,0.042,0.643,0.206,0.075,0.077
48,31523,2317763,0.178,0.049,28,19,8,3,self-employed,wealth_generation,low,books,3,2,4,4,3,0.62,0.493,0.57,moderate,0.575,0.283,0.094,0.047,0.579,0.287,0.133,0.002
34,31527,2319019,0.171,0.207,17,12,7,4,unemployed,wealth_generation,medium,advisor,4,3,3,5,3,0.71,0.377,0.515,moderate,0.567,0.288,0.096,0.048,0.593,0.301,0.076,0.031
45,31529,2319377,0.023,0.307,22,10,6,1,unemployed,education,low,friends,1,1,4,1,2,0.35,0.327,0.366,moderate,0.559,0.294,0.098,0.049,0.621,0.252,0.098,0.029
46,31564,2320447,0.055,0.458,22,9,18,4,employee,income,low,online,2,3,3,2,2,0.49,0.31,0.394,moderate,0.625,0.25,0.083,0.042,0.635,0.236,0.089,0.04
50,31572,2321651,0.078,0.422,32,10,9,4,student,wealth_generation,low,friends,4,5,4,2,4,0.79,0.284,0.645,moderate,0.583,0.278,0.093,0.046,0.58,0.273,0.095,0.052
64,31581,2321671,0.071,0.442,43,21,3,4,employee,retirement,low,friends,5,4,1,4,3,0.7,0.291,0.564,moderate,0.531,0.312,0.104,0.052,0.534,0.307,0.135,0.024
45,31604,2322274,0.104,0.064,24,10,4,1,employee,income,high,online,3,3,4,3,4,0.67,0.491,0.602,moderate,0.541,0.306,0.102,0.051,0.622,0.288,0.09,0.0
37,31623,2323458,0.144,0.405,16,5,5,4,employee,education,low,advisor,3,3,4,3,4,0.67,0.315,0.519,moderate,0.55,0.3,0.1,0.05,0.525,0.317,0.069,0.088
41,31630,2323471,0.128,0.371,18,8,21,3,self-employed,wealth_generation,low,advisor,3,4,4,3,4,0.72,0.354,0.561,moderate,0.625,0.25,0.083,0.042,0.658,0.221,0.062,0.059
27,31652,2323892,0.25,0.448,7,5,10,3,employee,wealth_generation,low,advisor,3,4,4,3,2,0.66,0.301,0.505,moderate,0.591,0.273,0.091,0.045,0.57,0.318,0.07,0.042
36,31656,2325867,0.175,0.19,13,17,22,2,employee,education,low,none,2,3,2,4,1,0.48,0.475,0.478,moderate,0.625,0.25,0.083,0.042,0.657,0.301,0.042,0.0
38,31661,2326681,0.244,0.457,20,13,18,0,employee,education,low,books,4,3,2,3,3,0.61,0.311,0.478,moderate,0.625,0.25,0.083,0.042,0.648,0.259,0.035,0.058
37,31668,2326899,0.158,0.224,15,7,19,3,self-employed,education,low,books,3,2,2,3,3,0.51,0.431,0.495,moderate,0.625,0.25,0.083,0.042,0.625,0.232,0.061,0.083
43,31685,2328391,0.055,0.308,27,11,8,3,employee,income,medium,advisor,4,3,3,3,3,0.65,0.373,0.583,moderate,0.575,0.283,0.094,0.047,0.557,0.307,0.082,0.054
35,31687,2329712,0.146,0.232,16,14,7,3,student,wealth_generation,medium,friends,3,3,1,4,4,0.58,0.373,0.5,moderate,0.567,0.288,0.096,0.048,0.587,0.296,0.042,0.075
50,31696,2333912,0.226,0.233,30,3,12,4,retired,retirement,medium,friends,4,2,4,1,1,0.52,0.393,0.502,moderate,0.605,0.263,0.088,0.044,0.566,0.293,0.105,0.037
42,31696,2334161,0.088,0.276,20,8,10,2,employee,wealth_generation,low,friends,3,2,4,4,4,0.65,0.395,0.508,moderate,0.591,0.273,0.091,0.045,0.632,0.25,0.053,0.065
41,31703,2338185,0.056,0.207,20,6,11,2,student,education,low,online,4,4,2,4,4,0.72,0.396,0.601,moderate,0.598,0.268,0.089,0.045,0.592,0.315,0.079,0.014
39,31707,2340144,0.119,0.378,18,10,3,3,employee,wealth_generation,low,friends,2,3,2,5,2,0.54,0.325,0.456,moderate,0.531,0.312,0.104,0.052,0.585,0.258,0.104,0.053
43,31709,2343210,0.131,0.308,26,5,26,4,student,home_purchase,medium,books,3,3,3,5,5,0.72,0.38,0.542,moderate,0.625,0.25,0.083,0.042,0.647,0.24,0.075,0.037
48,31714,2344566,0.114,0.331,31,9,3,3,employee,retirement,low,online,1,3,3,4,3,0.53,0.349,0.45,moderate,0.531,0.312,0.104,0.052,0.564,0.326,0.076,0.035
35,31719,2345920,0.071,0.157,18,5,5,5,retired,education,low,advisor,2,2,3,3,3,0.5,0.412,0.49,moderate,0.55,0.3,0.1,0.05,0.606,0.303,0.058,0.033
36,31754,2346384,0.102,0.534,13,2,15,5,unemployed,retirement,low,advisor,2,5,4,4,3,0.72,0.234,0.445,moderate,0.625,0.25,0.083,0.042,0.609,0.303,0.088,0.0
39,31765,2346780,0.19,0.319,17,2,5,1,employee,education,low,books,2,4,2,1,4,0.53,0.36,0.456,moderate,0.55,0.3,0.1,0.05,0.524,0.303,0.118,0.054
31,31779,2347188,0.131,0.142,15,2,4,3,employee,wealth_generation,medium,advisor,2,3,4,2,1,0.5,0.451,0.467,moderate,0.541,0.306,0.102,0.051,0.503,0.273,0.089,0.135
35,31799,2349848,0.179,0.357,11,1,5,3,self-employed,income,medium,books,4,3,4,4,4,0.75,0.327,0.589,moderate,0.55,0.3,0.1,0.05,0.573,0.283,0.094,0.05
38,31812,2351416,0.16,0.131,15,7,3,3,employee,wealth_generation,medium,advisor,3,3,4,4,2,0.64,0.454,0.593,moderate,0.531,0.312,0.104,0.052,0.539,0.365,0.096,0.0
48,31832,2354844,0.163,0.065,24,9,7,7,unemployed,education,low,online,3,2,3,4,2,0.55,0.445,0.529,moderate,0.567,0.288,0.096,0.048,0.581,0.271,0.13,0.018
44,31837,2356654,0.101,0.269,25,2,7,3,retired,retirement,low,advisor,3,3,3,4,3,0.63,0.362,0.552,moderate,0.567,0.288,0.096,0.048,0.577,0.313,0.089,0.021
43,31846,2357037,0.157,0.278,23,8,11,4,retired,education,low,online,4,3,3,2,3,0.62,0.368,0.554,moderate,0.598,0.268,0.089,0.045,0.596,0.318,0.077,0.009
48,31849,2358738,0.021,0.138,28,8,10,7,self-employed,wealth_generation,high,advisor,3,4,3,4,2,0.65,0.453,0.56,moderate,0.591,0.273,0.091,0.045,0.603,0.278,0.112,0.007
40,31855,2360693,0.14,0.204,16,2,11,1,employee,retirement,low,books,3,2,5,4,3,0.66,0.437,0.498,moderate,0.598,0.268,0.089,0.045,0.594,0.23,0.129,0.046
45,31863,2363717,0.167,0.494,22,5,13,1,retired,education,medium,books,2,1,3,3,4,0.48,0.261,0.413,moderate,0.612,0.259,0.086,0.043,0.636,0.287,0.075,0.002
41,31865,2363877,0.085,0.179,20,10,7,2,employee,retirement,low,friends,2,3,3,2,3,0.52,0.44,0.458,moderate,0.567,0.288,0.096,0.048,0.541,0.325,0.089,0.046
44,31885,2364418,0.103,0.122,28,0,5,1,employee,retirement,low,online,2,2,2,3,4,0.49,0.465,0.488,moderate,0.55,0.3,0.1,0.05,0.581,0.266,0.14,0.013
37,31886,2369067,0.094,0.618,15,2,20,1,employee,wealth_generation,medium,online,3,2,4,4,4,0.65,0.222,0.436,moderate,0.625,0.25,0.083,0.042,0.638,0.246,0.116,0.0
22,31907,2370454,0.047,0.186,0,21,14,8,employee,wealth_generation,medium,online,4,3,3,2,4,0.65,0.455,0.55,moderate,0.619,0.254,0.085,0.042,0.609,0.245,0.073,0.072
40,31913,2371258,0.123,0.327,21,10,3,7,employee,retirement,low,online,3,3,3,4,3,0.63,0.352,0.536,moderate,0.531,0.312,0.104,0.052,0.581,0.333,0.041,0.045
53,31919,2371742,0.314,0.157,34,6,25,4,self-employed,wealth_generation,low,books,3,3,3,3,4,0.63,0.486,0.559,moderate,0.625,0.25,0.083,0.042,0.629,0.223,0.089,0.059
49,31921,2372770,0.124,0.277,29,8,15,4,self-employed,wealth_generation,medium,books,1,3,4,1,3,0.48,0.393,0.395,moderate,0.625,0.25,0.083,0.042,0.629,0.244,0.053,0.075
49,31931,2374808,0.145,0.218,26,12,5,1,employee,wealth_generation,medium,books,4,2,3,2,3,0.57,0.414,0.467,moderate,0.55,0.3,0.1,0.05,0.571,0.332,0.085,0.012
51,31934,2376464,0.184,0.519,31,12,25,4,unemployed,retirement,low,advisor,4,5,3,2,3,0.72,0.258,0.569,moderate,0.625,0.25,0.083,0.042,0.573,0.285,0.08,0.062
42,31936,2378290,0.183,0.235,23,4,9,1,self-employed,retirement,low,advisor,1,3,4,2,3,0.51,0.4,0.455,moderate,0.583,0.278,0.093,0.046,0.578,0.274,0.134,0.013
43,31943,2378760,0.283,0.29,20,6,28,3,employee,retirement,low,none,2,5,3,4,3,0.68,0.431,0.571,moderate,0.625,0.25,0.083,0.042,0.677,0.242,0.056,0.025
37,31960,2379050,0.237,0.493,17,8,4,2,employee,retirement,high,books,4,4,3,2,2,0.64,0.267,0.472,moderate,0.541,0.306,0.102,0.051,0.533,0.297,0.108,0.062
39,31981,2379369,0.217,0.598,16,1,5,4,employee,retirement,high,online,5,4,1,3,3,0.67,0.213,0.442,moderate,0.55,0.3,0.1,0.05,0.496,0.271,0.136,0.097
46,31986,2379957,0.284,0.091,30,15,14,1,employee,wealth_generation,high,online,5,2,3,3,2,0.62,0.509,0.568,moderate,0.619,0.254,0.085,0.042,0.627,0.272,0.089,0.012
51,31988,2381259,0.097,0.401,33,6,2,1,employee,retirement,low,none,4,2,4,1,3,0.58,0.311,0.51,moderate,0.521,0.319,0.106,0.053,0.498,0.312,0.116,0.074
40,31989,2384491,0.176,0.217,18,5,2,4,employee,income,high,none,4,4,3,4,3,0.73,0.407,0.577,moderate,0.521,0.319,0.106,0.053,0.5,0.357,0.143,0.0
38,32016,2385052,0.248,0.294,22,14,17,4,employee,wealth_generation,low,books,4,3,4,3,3,0.69,0.403,0.518,moderate,0.625,0.25,0.083,0.042,0.558,0.242,0.155,0.045
42,32027,2385876,0.178,0.214,22,2,5,2,unemployed,wealth_generation,low,books,2,2,2,4,2,0.46,0.369,0.447,moderate,0.55,0.3,0.1,0.05,0.535,0.279,0.093,0.092
46,32035,2389068,0.311,0.223,25,1,22,1,employee,retirement,low,none,3,3,4,4,2,0.64,0.456,0.569,moderate,0.625,0.25,0.083,0.042,0.596,0.28,0.073,0.051
30,32037,2389461,0.059,0.123,14,9,10,5,employee,wealth_generation,low,advisor,3,3,3,3,4,0.63,0.479,0.575,moderate,0.591,0.273,0.091,0.045,0.585,0.278,0.089,0.048
23,32039,2389610,0.141,0.285,1,5,20,1,self-employed,retirement,low,books,2,3,3,3,2,0.52,0.4,0.484,moderate,0.625,0.25,0.083,0.042,0.612,0.241,0.119,0.028
37,32040,2391612,0.311,0.276,13,10,10,4,employee,home_purchase,low,none,2,3,4,3,3,0.59,0.396,0.46,moderate,0.591,0.273,0.091,0.045,0.567,0.255,0.076,0.102
32,32051,2392502,0.129,0.138,8,1,12,1,self-employed,retirement,low,advisor,2,3,3,1,4,0.52,0.46,0.492,moderate,0.605,0.263,0.088,0.044,0.593,0.247,0.101,0.058
37,32054,2394053,0.203,0.274,19,5,8,4,self-employed,retirement,low,advisor,2,5,3,1,3,0.59,0.377,0.512,moderate,0.575,0.283,0.094,0.047,0.63,0.279,0.091,0.0
40,32061,2394178,0.026,0.542,21,3,14,4,employee,education,medium,books,3,3,5,4,3,0.71,0.256,0.527,moderate,0.619,0.254,0.085,0.042,0.599,0.273,0.093,0.034
38,32074,2396537,0.193,0.341,22,10,8,5,employee,income,low,advisor,2,4,4,4,3,0.67,0.356,0.543,moderate,0.575,0.283,0.094,0.047,0.567,0.3,0.094,0.038
53,32079,2397606,0.272,0.252,34,3,6,3,employee,wealth_generation,medium,advisor,3,3,3,1,3,0.54,0.399,0.518,moderate,0.559,0.294,0.098,0.049,0.524,0.254,0.116,0.106
44,32082,2400676,0.13,0.461,24,6,3,0,retired,retirement,medium,none,3,2,4,4,4,0.65,0.26,0.507,moderate,0.531,0.312,0.104,0.052,0.522,0.313,0.12,0.045
44,32083,2401364,0.019,0.286,22,11,3,5,self-employed,home_purchase,low,books,2,4,4,3,4,0.67,0.359,0.564,moderate,0.531,0.312,0.104,0.052,0.573,0.299,0.044,0.084
46,32090,2403952,0.024,0.111,26,14,8,3,retired,education,low,books,2,3,1,1,1,0.35,0.445,0.383,moderate,0.575,0.283,0.094,0.047,0.547,0.282,0.14,0.03
32,32115,2406045,0.25,0.276,9,10,16,5,retired,retirement,low,advisor,4,2,2,3,2,0.53,0.381,0.394,moderate,0.625,0.25,0.083,0.042,0.644,0.28,0.07,0.006
50,32118,2406432,0.199,0.134,28,6,6,5,employee,retirement,low,online,4,5,1,4,1,0.64,0.462,0.559,moderate,0.559,0.294,0.098,0.049,0.548,0.326,0.069,0.058
41,32123,2406780,0.061,0.365,25,7,8,3,self-employed,education,medium,advisor,2,3,2,3,3,0.51,0.33,0.437,moderate,0.575,0.283,0.094,0.047,0.547,0.279,0.117,0.057
47,32143,2409457,0.039,0.529,30,9,21,10,retired,retirement,medium,advisor,1,4,3,3,2,0.52,0.256,0.409,moderate,0.625,0.25,0.083,0.042,0.629,0.297,0.025,0.048
33,32145,2409841,0.22,0.209,11,13,14,3,self-employed,wealth_generation,low,advisor,3,2,2,3,4,0.54,0.428,0.493,moderate,0.619,0.254,0.085,0.042,0.654,0.27,0.025,0.052
29,32148,2411224,0.222,0.236,11,13,22,4,employee,retirement,low,friends,3,3,3,3,2,0.57,0.449,0.528,moderate,0.625,0.25,0.083,0.042,0.581,0.258,0.153,0.008
48,32160,2412859,0.066,0.231,31,15,21,4,employee,wealth_generation,low,online,3,3,4,2,2,0.58,0.449,0.556,moderate,0.625,0.25,0.083,0.042,0.642,0.198,0.089,0.071
45,32163,2413386,0.113,0.18,21,11,3,3,employee,retirement,medium,online,5,3,4,4,4,0.8,0.429,0.626,moderate,0.531,0.312,0.104,0.052,0.533,0.345,0.121,0.0
34,32166,2414410,0.214,0.378,11,2,24,4,employee,wealth_generation,low,advisor,4,4,4,3,4,0.77,0.369,0.604,moderate,0.625,0.25,0.083,0.042,0.626,0.189,0.128,0.057
35,32167,2415520,0.158,0.302,12,10,3,5,employee,home_purchase,low,books,5,3,3,2,3,0.67,0.365,0.594,moderate,0.531,0.312,0.104,0.052,0.489,0.328,0.11,0.073
51,32174,2416724,0.288,0.065,33,11,22,4,employee,wealth_generation,high,friends,3,3,3,3,5,0.66,0.549,0.567,moderate,0.625,0.25,0.083,0.042,0.619,0.227,0.051,0.103
32,32176,2420104,0.149,0.403,8,13,12,3,employee,home_purchase,low,books,2,3,2,4,4,0.57,0.33,0.466,moderate,0.605,0.263,0.088,0.044,0.608,0.242,0.065,0.086
55,32182,2420212,0.189,0.137,32,14,12,4,retired,wealth_generation,low,books,5,3,3,4,4,0.76,0.443,0.568,moderate,0.605,0.263,0.088,0.044,0.557,0.26,0.112,0.07
34,32212,2420342,0.155,0.559,17,7,15,0,employee,wealth_generation,medium,online,1,2,4,3,4,0.52,0.249,0.404,moderate,0.625,0.25,0.083,0.042,0.661,0.266,0.042,0.031
47,32227,2421113,0.278,0.214,25,9,20,1,employee,wealth_generation,low,books,4,3,4,4,4,0.75,0.456,0.636,moderate,0.625,0.25,0.083,0.042,0.609,0.248,0.102,0.041
39,32232,2422110,0.133,0.302,16,0,13,1,retired,retirement,low,online,2,3,3,2,4,0.55,0.361,0.42,moderate,0.612,0.259,0.086,0.043,0.655,0.308,0.037,0.0
46,32238,2422580,0.097,0.075,24,7,10,3,student,retirement,medium,online,2,3,4,3,3,0.59,0.46,0.544,moderate,0.591,0.273,0.091,0.045,0.613,0.247,0.079,0.061
37,32240,2422695,0.119,0.203,13,6,4,5,self-employed,retirement,low,online,3,3,5,2,1,0.59,0.404,0.495,moderate,0.541,0.306,0.102,0.051,0.521,0.316,0.137,0.026
40,32247,2423667,0.235,0.383,18,16,17,4,self-employed,retirement,medium,none,4,3,2,3,3,0.61,0.34,0.534,moderate,0.625,0.25,0.083,0.042,0.603,0.267,0.07,0.06
42,32251,2424642,0.153,0.251,20,13,4,7,student,wealth_generation,low,online,2,4,4,5,3,0.7,0.357,0.577,moderate,0.541,0.306,0.102,0.051,0.551,0.293,0.141,0.015
33,32261,2432458,0.124,0.45,17,11,16,0,retired,retirement,low,online,3,3,3,3,3,0.6,0.29,0.46,moderate,0.625,0.25,0.083,0.042,0.67,0.194,0.09,0.045
47,32263,2436366,0.162,0.286,30,1,12,4,retired,wealth_generation,low,online,3,3,3,2,2,0.54,0.367,0.464,moderate,0.605,0.263,0.088,0.044,0.589,0.32,0.057,0.035
37,32266,2437178,0.07,0.474,17,5,9,2,self-employed,wealth_generation,low,advisor,3,5,5,4,3,0.81,0.276,0.643,moderate,0.583,0.278,0.093,0.046,0.611,0.281,0.08,0.028
40,32273,2438074,0.006,0.57,24,9,13,0,employee,education,medium,books,3,1,3,3,5,0.56,0.24,0.428,moderate,0.612,0.259,0.086,0.043,0.63,0.254,0.092,0.024
34,32280,2439473,0.109,0.242,12,0,17,5,employee,wealth_generation,low,online,3,3,3,3,4,0.63,0.432,0.511,moderate,0.625,0.25,0.083,0.042,0.622,0.221,0.037,0.12
21,32284,2439497,0.174,0.283,1,3,23,1,self-employed,wealth_generation,low,advisor,2,4,4,3,3,0.64,0.41,0.514,moderate,0.625,0.25,0.083,0.042,0.652,0.229,0.057,0.062
40,32285,2442396,0.197,0.401,20,13,7,2,employee,home_purchase,medium,books,3,4,3,2,4,0.65,0.322,0.513,moderate,0.567,0.288,0.096,0.048,0.529,0.309,0.108,0.055
61,32290,2442556,0.227,0.153,38,2,23,2,retired,wealth_generation,low,friends,2,3,3,2,1,0.46,0.467,0.496,moderate,0.625,0.25,0.083,0.042,0.602,0.28,0.074,0.044
48,32310,2442621,0.267,0.418,24,1,25,5,employee,wealth_generation,low,online,3,1,2,4,3,0.49,0.348,0.419,moderate,0.625,0.25,0.083,0.042,0.599,0.267,0.057,0.078
41,32314,2443324,0.136,0.292,25,8,18,4,retired,wealth_generation,high,online,3,2,3,4,3,0.58,0.378,0.466,moderate,0.625,0.25,0.083,0.042,0.676,0.204,0.116,0.004
39,32317,2444725,0.204,0.346,20,15,20,2,employee,wealth_generation,low,advisor,2,2,3,3,3,0.5,0.38,0.452,moderate,0.625,0.25,0.083,0.042,0.636,0.259,0.073,0.032
42,32329,2444980,0.049,0.077,25,12,15,1,employee,retirement,medium,online,2,4,2,3,2,0.53,0.521,0.536,moderate,0.625,0.25,0.083,0.042,0.617,0.268,0.076,0.04
46,32365,2445805,0.041,0.364,22,17,2,1,employee,retirement,low,books,5,4,2,3,2,0.68,0.331,0.556,moderate,0.521,0.319,0.106,0.053,0.55,0.293,0.11,0.047
32,32377,2446366,0.068,0.19,8,10,13,1,employee,retirement,medium,books,3,3,4,2,2,0.58,0.452,0.478,moderate,0.612,0.259,0.086,0.043,0.625,0.225,0.098,0.052
50,32402,2454467,0.143,0.384,34,6,16,5,employee,wealth_generation,low,none,4,4,2,4,2,0.66,0.35,0.545,moderate,0.625,0.25,0.083,0.042,0.596,0.184,0.133,0.087
47,32407,2458796,0.092,0.262,29,15,23,6,employee,retirement,low,books,3,2,3,5,3,0.61,0.436,0.548,moderate,0.625,0.25,0.083,0.042,0.656,0.232,0.112,0.0
47,32428,2460559,0.11,0.175,24,6,13,7,retired,home_purchase,low,online,3,2,3,2,3,0.52,0.427,0.47,moderate,0.612,0.259,0.086,0.043,0.649,0.284,0.067,0.0
45,32429,2461586,0.183,0.504,28,5,17,5,employee,wealth_generation,medium,books,3,3,2,3,2,0.53,0.283,0.465,moderate,0.625,0.25,0.083,0.042,0.598,0.203,0.086,0.112
42,32438,2462691,0.125,0.364,25,6,15,6,retired,education,medium,online,3,3,1,4,1,0.49,0.334,0.441,moderate,0.625,0.25,0.083,0.042,0.616,0.209,0.138,0.037
47,32444,2462754,0.164,0.581,30,11,7,5,unemployed,home_purchase,low,online,1,4,2,1,4,0.48,0.2,0.342,conservative,0.327,0.481,0.144,0.048,0.371,0.42,0.161,0.049
46,32445,2462923,0.136,0.21,26,14,5,7,employee,wealth_generation,low,online,2,4,2,1,3,0.5,0.419,0.482,moderate,0.55,0.3,0.1,0.05,0.545,0.333,0.081,0.042
39,32454,2463746,0.081,0.314,15,5,16,5,self-employed,retirement,low,books,2,3,4,4,3,0.62,0.376,0.466,moderate,0.625,0.25,0.083,0.042,0.618,0.271,0.075,0.036
37,32458,2464212,0.048,0.3,15,6,7,3,employee,income,medium,online,4,2,3,3,5,0.66,0.376,0.532,moderate,0.567,0.288,0.096,0.048,0.578,0.291,0.058,0.073
42,32470,2464655,0.098,0.33,20,13,7,2,employee,income,low,online,4,3,3,5,2,0.68,0.36,0.54,moderate,0.567,0.288,0.096,0.048,0.591,0.239,0.082,0.088
54,32486,2465105,0.041,0.043,37,1,14,4,employee,retirement,low,books,1,2,3,4,4,0.51,0.537,0.541,moderate,0.619,0.254,0.085,0.042,0.623,0.245,0.051,0.08
32,32490,2468444,0.177,0.182,15,11,17,4,employee,education,low,online,3,3,2,5,4,0.65,0.467,0.668,aggressive,0.792,0.125,0.042,0.042,0.726,0.137,0.094,0.043
30,32507,2468852,0.218,0.455,10,6,13,4,self-employed,retirement,low,books,3,3,4,3,1,0.58,0.293,0.457,moderate,0.612,0.259,0.086,0.043,0.607,0.253,0.108,0.033
43,32520,2472318,0.121,0.232,21,5,20,4,employee,retirement,low,advisor,5,4,3,3,3,0.75,0.447,0.673,aggressive,0.792,0.125,0.042,0.042,0.8,0.116,0.032,0.052
42,32521,2472654,0.131,0.517,20,6,6,4,employee,wealth_generation,medium,advisor,1,2,5,4,1,0.5,0.258,0.444,moderate,0.559,0.294,0.098,0.049,0.587,0.25,0.104,0.059
43,32529,2472909,0.224,0.149,19,6,7,1,retired,retirement,low,advisor,2,1,2,3,5,0.47,0.423,0.411,moderate,0.567,0.288,0.096,0.048,0.572,0.259,0.109,0.06
43,32549,2473354,0.095,0.672,25,10,14,2,employee,home_purchase,low,online,4,3,3,2,4,0.65,0.184,0.504,moderate,0.619,0.254,0.085,0.042,0.616,0.237,0.09,0.057
40,32567,2473670,0.066,0.334,24,14,18,6,self-employed,wealth_generation,low,advisor,4,2,1,3,3,0.52,0.37,0.439,moderate,0.625,0.25,0.083,0.042,0.721,0.242,0.018,0.02
53,32567,2475474,0.153,0.369,29,6,12,4,unemployed,education,medium,online,3,1,2,3,2,0.43,0.312,0.383,moderate,0.605,0.263,0.088,0.044,0.612,0.299,0.063,0.027
29,32575,2476856,0.182,0.222,13,12,1,2,self-employed,retirement,low,books,4,5,2,4,3,0.74,0.387,0.668,aggressive,0.728,0.163,0.054,0.054,0.725,0.14,0.083,0.052
35,32602,2478929,0.173,0.452,12,10,15,5,employee,home_purchase,low,advisor,2,2,4,2,3,0.51,0.309,0.445,moderate,0.625,0.25,0.083,0.042,0.652,0.279,0.015,0.054
41,32608,2479245,0.197,0.275,21,4,18,2,employee,retirement,medium,none,2,4,3,4,4,0.66,0.417,0.543,moderate,0.625,0.25,0.083,0.042,0.605,0.253,0.064,0.078
28,32613,2479548,0.04,0.327,5,8,7,3,employee,wealth_generation,low,advisor,3,4,3,3,4,0.68,0.362,0.566,moderate,0.567,0.288,0.096,0.048,0.578,0.284,0.083,0.055
40,32614,2481761,0.139,0.087,18,9,3,2,employee,wealth_generation,medium,online,2,5,4,5,2,0.72,0.479,0.578,moderate,0.531,0.312,0.104,0.052,0.576,0.269,0.097,0.058
55,32631,2483875,0.099,0.308,31,0,12,5,student,retirement,low,online,2,3,3,3,2,0.52,0.349,0.484,moderate,0.605,0.263,0.088,0.044,0.617,0.287,0.096,0.0
42,32645,2484801,0.208,0.43,25,5,2,4,retired,income,low,books,3,3,2,3,3,0.56,0.274,0.426,moderate,0.521,0.319,0.106,0.053,0.475,0.341,0.116,0.068
43,32647,2486214,0.243,0.133,19,20,10,3,employee,retirement,low,online,4,3,2,3,3,0.61,0.475,0.482,moderate,0.591,0.273,0.091,0.045,0.602,0.258,0.072,0.069
31,32650,2486335,0.109,0.351,11,8,2,6,employee,education,low,books,2,3,2,3,2,0.48,0.338,0.412,moderate,0.521,0.319,0.106,0.053,0.518,0.333,0.081,0.068
37,32652,2488361,0.057,0.031,17,5,6,6,retired,wealth_generation,medium,online,2,3,4,3,5,0.65,0.479,0.566,moderate,0.559,0.294,0.098,0.049,0.548,0.311,0.094,0.048
38,32652,2488706,0.102,0.471,22,4,9,4,self-employed,retirement,low,online,2,4,3,2,3,0.57,0.277,0.468,moderate,0.583,0.278,0.093,0.046,0.587,0.259,0.079,0.076
39,32656,2488784,0.06,0.571,18,3,4,6,employee,home_purchase,low,books,1,3,3,2,2,0.44,0.226,0.32,conservative,0.286,0.51,0.153,0.051,0.281,0.453,0.177,0.089
52,32658,2492011,0.118,0.206,34,5,4,4,retired,retirement,low,friends,4,3,3,3,3,0.65,0.387,0.555,moderate,0.541,0.306,0.102,0.051,0.502,0.271,0.137,0.089
46,32704,2494423,0.161,0.094,28,3,18,4,unemployed,retirement,low,online,3,5,5,4,3,0.81,0.466,0.652,aggressive,0.792,0.125,0.042,0.042,0.755,0.116,0.04,0.09
33,32707,2496100,0.306,0.318,15,2,2,3,employee,retirement,low,books,3,4,2,5,4,0.7,0.355,0.56,moderate,0.521,0.319,0.106,0.053,0.541,0.305,0.105,0.049
43,32717,2497272,0.133,0.035,24,5,15,2,employee,retirement,medium,friends,3,3,4,3,4,0.67,0.545,0.652,aggressive,0.792,0.125,0.042,0.042,0.751,0.137,0.054,0.058
45,32726,2499653,0.094,0.253,21,8,18,1,retired,wealth_generation,high,friends,4,3,3,3,2,0.62,0.4,0.565,moderate,0.625,0.25,0.083,0.042,0.66,0.227,0.067,0.046
51,32729,2502565,0.08,0.174,28,2,4,5,employee,retirement,low,online,1,3,2,5,3,0.52,0.436,0.525,moderate,0.541,0.306,0.102,0.051,0.599,0.332,0.069,0.0
54,32737,2502569,0.082,0.249,33,1,6,1,retired,wealth_generation,low,advisor,3,2,5,3,2,0.6,0.371,0.486,moderate,0.559,0.294,0.098,0.049,0.513,0.282,0.112,0.093
33,32744,2503256,0.087,0.023,10,1,14,3,employee,education,low,online,4,3,4,3,3,0.69,0.549,0.642,moderate,0.619,0.254,0.085,0.042,0.604,0.253,0.064,0.079
35,32750,2503426,0.209,0.055,12,4,8,2,employee,income,low,online,1,4,3,3,3,0.55,0.511,0.545,moderate,0.575,0.283,0.094,0.047,0.494,0.287,0.137,0.081
31,32753,2505305,0.043,0.02,15,3,11,3,employee,education,low,advisor,3,4,2,4,1,0.58,0.54,0.602,moderate,0.598,0.268,0.089,0.045,0.639,0.238,0.073,0.05
40,32760,2506015,0.374,0.303,16,7,19,2,employee,retirement,low,online,1,4,2,3,3,0.51,0.403,0.458,moderate,0.625,0.25,0.083,0.042,0.637,0.266,0.03,0.068
45,32762,2506049,0.157,0.281,29,6,5,5,employee,wealth_generation,low,online,3,3,4,2,4,0.64,0.382,0.492,moderate,0.55,0.3,0.1,0.05,0.537,0.303,0.087,0.073
49,32765,2506155,0.162,0.158,32,4,14,7,employee,wealth_generation,low,books,3,1,2,1,1,0.34,0.473,0.419,moderate,0.619,0.254,0.085,0.042,0.664,0.224,0.112,0.0
41,32771,2509166,0.125,0.313,17,12,23,6,employee,home_purchase,low,books,3,4,3,4,3,0.68,0.407,0.611,moderate,0.625,0.25,0.083,0.042,0.593,0.27,0.096,0.041
39,32785,2509956,0.192,0.434,17,7,3,4,employee,wealth_generation,low,books,5,4,2,3,2,0.68,0.297,0.536,moderate,0.531,0.312,0.104,0.052,0.535,0.282,0.117,0.067
43,32800,2510833,0.147,0.176,27,1,3,7,employee,wealth_generation,medium,books,3,5,2,2,2,0.6,0.432,0.5,moderate,0.531,0.312,0.104,0.052,0.524,0.305,0.097,0.074
35,32810,2511152,0.119,0.399,17,4,12,3,employee,retirement,low,online,3,5,4,1,3,0.68,0.333,0.606,moderate,0.605,0.263,0.088,0.044,0.632,0.24,0.124,0.005
58,32815,2511388,0.105,0.32,42,17,25,3,unemployed,wealth_generation,low,friends,2,4,2,2,2,0.5,0.367,0.45,moderate,0.625,0.25,0.083,0.042,0.605,0.264,0.094,0.037
29,32817,2514640,0.267,0.039,9,18,6,2,employee,retirement,low,online,2,4,3,4,2,0.6,0.514,0.546,moderate,0.559,0.294,0.098,0.049,0.572,0.308,0.09,0.031
43,32818,2516733,0.111,0.214,24,4,8,6,self-employed,wealth_generation,medium,none,4,2,4,3,4,0.67,0.41,0.599,moderate,0.575,0.283,0.094,0.047,0.559,0.277,0.125,0.04
58,32819,2517781,0.141,0.262,35,2,4,2,employee,home_purchase,low,books,1,2,4,3,1,0.43,0.39,0.464,moderate,0.541,0.306,0.102,0.051,0.583,0.272,0.115,0.03
42,32828,2517904,0.123,0.349,18,6,9,4,employee,income,low,none,2,3,2,4,4,0.57,0.355,0.436,moderate,0.583,0.278,0.093,0.046,0.622,0.289,0.063,0.026
40,32828,2519134,0.054,0.18,21,6,2,5,employee,home_purchase,low,online,4,4,2,4,4,0.72,0.427,0.619,moderate,0.521,0.319,0.106,0.053,0.523,0.383,0.093,0.0
39,32832,2519910,0.086,0.57,21,5,9,4,employee,home_purchase,low,advisor,3,1,1,4,1,0.39,0.234,0.367,moderate,0.583,0.278,0.093,0.046,0.662,0.265,0.072,0.0
40,32833,2521403,0.087,0.328,21,7,12,1,self-employed,wealth_generation,high,books,2,3,2,5,3,0.57,0.359,0.483,moderate,0.605,0.263,0.088,0.044,0.605,0.283,0.078,0.034
52,32853,2522813,0.193,0.213,34,3,26,4,unemployed,wealth_generation,low,online,4,4,1,4,3,0.65,0.427,0.565,moderate,0.625,0.25,0.083,0.042,0.657,0.217,0.084,0.042
24,32899,2522944,0.135,0.088,3,2,18,5,employee,wealth_generation,medium,online,3,3,4,5,2,0.67,0.525,0.608,moderate,0.625,0.25,0.083,0.042,0.604,0.221,0.101,0.074
54,32901,2523737,0.214,0.134,38,7,18,2,employee,retirement,low,books,3,4,3,3,3,0.65,0.498,0.635,moderate,0.625,0.25,0.083,0.042,0.593,0.269,0.094,0.044
30,32906,2530854,0.196,0.255,13,15,6,4,employee,home_purchase,low,none,5,4,5,5,3,0.89,0.399,0.66,aggressive,0.755,0.147,0.049,0.049,0.736,0.146,0.08,0.038
39,32928,2532451,0.087,0.257,16,2,3,5,retired,retirement,medium,none,3,5,2,4,4,0.72,0.36,0.568,moderate,0.531,0.312,0.104,0.052,0.536,0.282,0.116,0.066
38,32936,2533295,0.165,0.365,20,9,13,7,employee,retirement,medium,friends,3,3,3,4,4,0.66,0.355,0.602,moderate,0.612,0.259,0.086,0.043,0.631,0.246,0.088,0.036
46,32937,2535740,0.204,0.346,27,6,12,3,self-employed,retirement,medium,advisor,4,2,5,4,3,0.71,0.35,0.547,moderate,0.605,0.263,0.088,0.044,0.595,0.251,0.127,0.028
29,32943,2536475,0.18,0.144,13,4,12,0,employee,retirement,low,friends,2,2,4,1,4,0.51,0.475,0.45,moderate,0.605,0.263,0.088,0.044,0.646,0.263,0.063,0.027
45,32962,2536820,0.173,0.294,27,12,4,3,employee,retirement,medium,books,3,3,1,1,2,0.43,0.373,0.407,moderate,0.541,0.306,0.102,0.051,0.575,0.321,0.073,0.032
58,32962,2537020,0.203,0.026,42,6,11,4,employee,wealth_generation,medium,none,2,4,3,5,4,0.69,0.538,0.662,aggressive,0.777,0.134,0.045,0.045,0.776,0.151,0.031,0.042
31,32962,2537049,0.04,0.223,11,8,5,6,retired,home_purchase,low,friends,2,4,3,2,3,0.57,0.382,0.494,moderate,0.55,0.3,0.1,0.05,0.532,0.345,0.044,0.079
43,32977,2540279,0.201,0.364,27,6,10,6,student,education,low,online,5,4,4,5,4,0.88,0.317,0.64,moderate,0.591,0.273,0.091,0.045,0.544,0.25,0.102,0.104
36,32989,2544699,0.107,0.223,12,1,3,6,employee,wealth_generation,low,online,2,4,5,1,3,0.62,0.408,0.55,moderate,0.531,0.312,0.104,0.052,0.595,0.252,0.123,0.03
45,33003,2545401,0.167,0.401,23,8,19,4,employee,education,low,advisor,2,3,4,4,3,0.62,0.347,0.585,moderate,0.625,0.25,0.083,0.042,0.643,0.239,0.103,0.014
42,33009,2546461,0.1,0.55,19,6,1,4,employee,wealth_generation,low,none,4,1,1,4,1,0.44,0.233,0.35,conservative,0.239,0.543,0.163,0.054,0.22,0.566,0.147,0.067
36,33022,2546561,0.231,0.298,12,1,23,0,employee,income,medium,books,2,4,3,1,4,0.57,0.416,0.571,moderate,0.625,0.25,0.083,0.042,0.602,0.245,0.111,0.042
45,33026,2548155,0.149,0.116,22,8,19,3,employee,wealth_generation,low,friends,2,3,2,2,1,0.42,0.512,0.469,moderate,0.625,0.25,0.083,0.042,0.632,0.234,0.069,0.064
56,33030,2549988,0.182,0.216,38,0,16,6,retired,retirement,low,advisor,3,4,3,3,2,0.62,0.415,0.512,moderate,0.625,0.25,0.083,0.042,0.633,0.226,0.073,0.068
40,33036,2550930,0.217,0.013,18,3,27,4,employee,education,low,friends,2,2,3,5,4,0.59,0.599,0.643,moderate,0.625,0.25,0.083,0.042,0.66,0.185,0.118,0.037
47,33043,2551681,0.252,0.296,25,11,3,3,retired,home_purchase,medium,books,4,5,3,4,3,0.78,0.341,0.594,moderate,0.531,0.312,0.104,0.052,0.532,0.288,0.114,0.066
31,33046,2554282,0.202,0.393,9,1,14,1,student,retirement,medium,books,3,2,3,2,2,0.49,0.311,0.372,moderate,0.619,0.254,0.085,0.042,0.656,0.236,0.055,0.053
34,33051,2554553,0.075,0.307,11,8,19,2,employee,retirement,low,books,2,4,3,3,5,0.66,0.402,0.565,moderate,0.625,0.25,0.083,0.042,0.622,0.25,0.096,0.032
45,33052,2554842,0.236,0.374,26,15,4,3,student,wealth_generation,medium,none,4,3,4,2,3,0.66,0.299,0.502,moderate,0.541,0.306,0.102,0.051,0.515,0.275,0.111,0.1
53,33066,2555399,0.177,0.381,32,3,13,6,employee,wealth_generation,low,books,3,3,3,2,3,0.57,0.346,0.535,moderate,0.612,0.259,0.086,0.043,0.587,0.267,0.124,0.022
44,33076,2559041,0.175,0.411,27,6,9,1,employee,home_purchase,low,advisor,4,3,3,2,1,0.56,0.321,0.477,moderate,0.583,0.278,0.093,0.046,0.631,0.248,0.108,0.013
39,33087,2559960,0.264,0.172,17,7,10,1,self-employed,wealth_generation,high,advisor,2,4,4,5,3,0.7,0.438,0.579,moderate,0.591,0.273,0.091,0.045,0.626,0.261,0.022,0.09
41,33089,2560561,0.101,0.424,17,6,21,4,employee,wealth_generation,medium,none,3,3,2,4,3,0.59,0.337,0.515,moderate,0.625,0.25,0.083,0.042,0.646,0.239,0.078,0.037
31,33102,2561505,0.099,0.316,11,8,12,2,employee,retirement,medium,online,2,3,4,2,4,0.59,0.38,0.506,moderate,0.605,0.263,0.088,0.044,0.576,0.243,0.081,0.1
46,33103,2562919,0.156,0.181,27,5,4,1,employee,income,medium,advisor,3,1,4,4,2,0.54,0.433,0.507,moderate,0.541,0.306,0.102,0.051,0.567,0.295,0.139,0.0
49,33104,2564478,0.206,0.588,32,2,23,2,retired,wealth_generation,low,none,1,4,2,4,1,0.48,0.228,0.308,conservative,0.417,0.417,0.125,0.042,0.427,0.418,0.132,0.024
38,33105,2566314,0.143,0.501,16,1,6,3,unemployed,wealth_generation,low,online,4,4,4,1,3,0.68,0.237,0.468,moderate,0.559,0.294,0.098,0.049,0.598,0.292,0.065,0.044
38,33131,2566488,0.18,0.286,21,10,21,4,self-employed,wealth_generation,medium,online,4,1,2,3,2,0.48,0.404,0.457,moderate,0.625,0.25,0.083,0.042,0.594,0.249,0.082,0.074
44,33163,2567272,0.144,0.406,27,3,26,6,unemployed,retirement,low,online,4,4,3,3,2,0.67,0.323,0.493,moderate,0.625,0.25,0.083,0.042,0.607,0.266,0.073,0.054
38,33178,2567983,0.175,0.17,14,12,20,3,retired,retirement,medium,online,4,2,3,3,4,0.63,0.451,0.54,moderate,0.625,0.25,0.083,0.042,0.621,0.232,0.108,0.038
41,33180,2568291,0.226,0.229,24,10,15,4,employee,wealth_generation,low,online,4,2,4,2,5,0.67,0.436,0.604,moderate,0.625,0.25,0.083,0.042,0.582,0.253,0.099,0.067
58,33206,2569083,0.084,0.136,40,1,16,2,employee,retirement,low,books,5,5,3,3,3,0.8,0.492,0.692,aggressive,0.792,0.125,0.042,0.042,0.663,0.205,0.064,0.068
40,33218,2569412,0.193,0.266,22,3,15,4,self-employed,retirement,medium,advisor,3,2,1,3,3,0.47,0.401,0.477,moderate,0.625,0.25,0.083,0.042,0.648,0.224,0.07,0.058
39,33220,2569838,0.216,0.258,22,4,11,4,employee,home_purchase,low,none,4,3,3,4,2,0.65,0.41,0.554,moderate,0.598,0.268,0.089,0.045,0.582,0.272,0.079,0.067
36,33224,2571691,0.143,0.149,18,8,7,2,employee,retirement,low,online,2,5,1,4,4,0.63,0.459,0.541,moderate,0.567,0.288,0.096,0.048,0.471,0.306,0.169,0.054
47,33246,2572528,0.118,0.324,23,11,8,4,student,wealth_generation,low,advisor,3,4,4,2,2,0.63,0.333,0.554,moderate,0.575,0.283,0.094,0.047,0.608,0.296,0.078,0.019
40,33248,2573849,0.013,0.101,22,1,16,2,employee,wealth_generation,medium,books,3,1,3,4,4,0.56,0.512,0.542,moderate,0.625,0.25,0.083,0.042,0.635,0.229,0.114,0.022
36,33253,2576078,0.218,0.063,16,4,14,4,retired,home_purchase,low,advisor,3,2,3,3,4,0.58,0.49,0.512,moderate,0.619,0.254,0.085,0.042,0.627,0.229,0.057,0.086
52,33254,2577436,0.119,0.218,30,5,13,4,employee,retirement,low,online,3,4,3,4,3,0.68,0.438,0.632,moderate,0.612,0.259,0.086,0.043,0.637,0.262,0.071,0.03
53,33260,2578723,0.125,0.227,37,3,14,4,employee,wealth_generation,medium,online,2,3,4,2,3,0.56,0.435,0.512,moderate,0.619,0.254,0.085,0.042,0.633,0.199,0.112,0.056
37,33283,2584284,0.121,0.193,21,7,17,6,employee,wealth_generation,low,none,4,4,2,3,2,0.63,0.462,0.592,moderate,0.625,0.25,0.083,0.042,0.607,0.269,0.082,0.042
27,33295,2586251,0.153,0.168,10,6,16,6,self-employed,home_purchase,low,online,3,4,3,2,3,0.62,0.457,0.564,moderate,0.625,0.25,0.083,0.042,0.645,0.211,0.073,0.071
50,33310,2589664,0.195,0.2,34,4,4,5,employee,wealth_generation,high,advisor,3,4,4,2,3,0.66,0.423,0.595,moderate,0.541,0.306,0.102,0.051,0.503,0.33,0.089,0.078
36,33320,2591325,0.211,0.126,20,7,9,5,employee,retirement,medium,advisor,3,2,3,2,3,0.52,0.477,0.522,moderate,0.583,0.278,0.093,0.046,0.603,0.254,0.102,0.041
48,33324,2592172,0.132,0.224,29,5,7,0,self-employed,retirement,low,online,4,3,3,4,3,0.68,0.403,0.56,moderate,0.567,0.288,0.096,0.048,0.601,0.278,0.096,0.025
26,33340,2594395,0.186,0.45,8,5,12,3,employee,retirement,medium,online,4,3,2,4,4,0.67,0.306,0.513,moderate,0.605,0.263,0.088,0.044,0.643,0.281,0.051,0.025
49,33354,2595494,0.199,0.154,33,4,3,0,retired,education,low,online,4,4,4,3,3,0.74,0.411,0.63,moderate,0.531,0.312,0.104,0.052,0.545,0.321,0.083,0.051
32,33366,2596249,0.112,0.328,14,7,17,2,employee,wealth_generation,low,advisor,2,1,1,3,2,0.34,0.385,0.361,moderate,0.625,0.25,0.083,0.042,0.696,0.254,0.051,0.0
47,33367,2599773,0.058,0.114,31,6,4,3,unemployed,retirement,low,advisor,3,5,1,2,5,0.65,0.416,0.556,moderate,0.541,0.306,0.102,0.051,0.509,0.332,0.112,0.047
42,33379,2604715,0.252,0.206,24,3,7,5,employee,retirement,low,none,4,3,2,4,4,0.67,0.428,0.56,moderate,0.567,0.288,0.096,0.048,0.573,0.287,0.108,0.032
34,33387,2604741,0.189,0.194,15,0,17,3,employee,income,medium,books,2,4,3,4,4,0.66,0.462,0.573,moderate,0.625,0.25,0.083,0.042,0.656,0.254,0.09,0.0
38,33403,2605838,0.183,0.483,15,2,3,4,self-employed,home_purchase,medium,advisor,3,3,4,3,4,0.67,0.261,0.461,moderate,0.531,0.312,0.104,0.052,0.551,0.318,0.089,0.042
47,33403,2608341,0.041,0.233,29,1,14,3,self-employed,retirement,low,online,3,3,5,3,3,0.68,0.417,0.59,moderate,0.619,0.254,0.085,0.042,0.614,0.242,0.1,0.044
42,33428,2608787,0.224,0.331,24,6,22,4,employee,wealth_generation,low,online,3,3,5,2,3,0.65,0.395,0.529,moderate,0.625,0.25,0.083,0.042,0.679,0.23,0.091,0.0
46,33431,2610365,0.166,0.296,22,3,13,5,self-employed,wealth_generation,low,books,2,4,3,3,1,0.54,0.38,0.479,moderate,0.612,0.259,0.086,0.043,0.637,0.238,0.089,0.036
57,33449,2612556,0.234,0.114,33,6,15,2,employee,wealth_generation,low,none,5,2,3,4,5,0.74,0.502,0.643,moderate,0.625,0.25,0.083,0.042,0.708,0.245,0.039,0.009
29,33451,2614671,0.307,0.486,8,4,17,6,unemployed,retirement,low,advisor,2,2,3,2,1,0.41,0.264,0.357,moderate,0.625,0.25,0.083,0.042,0.654,0.252,0.056,0.039
54,33488,2615483,0.289,0.203,35,7,6,2,employee,wealth_generation,low,books,5,3,3,4,4,0.76,0.427,0.628,moderate,0.559,0.294,0.098,0.049,0.579,0.304,0.084,0.034
42,33491,2617802,0.237,0.049,22,10,13,6,employee,retirement,low,advisor,2,3,2,3,3,0.51,0.532,0.533,moderate,0.612,0.259,0.086,0.043,0.554,0.273,0.096,0.076
34,33492,2617851,0.011,0.186,10,6,8,0,employee,retirement,low,advisor,3,3,3,3,3,0.6,0.442,0.511,moderate,0.575,0.283,0.094,0.047,0.577,0.253,0.133,0.037
31,33497,2619564,0.248,0.199,15,1,7,3,retired,retirement,low,books,2,2,2,2,2,0.4,0.4,0.398,moderate,0.567,0.288,0.096,0.048,0.555,0.27,0.121,0.054
40,33504,2619690,0.049,0.085,18,0,6,7,retired,retirement,low,books,3,3,4,3,3,0.64,0.454,0.566,moderate,0.559,0.294,0.098,0.049,0.511,0.259,0.17,0.059
49,33525,2621319,0.235,0.303,27,3,13,4,employee,wealth_generation,low,online,4,2,2,3,2,0.53,0.39,0.448,moderate,0.612,0.259,0.086,0.043,0.658,0.295,0.032,0.015
40,33534,2623305,0.109,0.203,24,6,17,3,employee,wealth_generation,medium,online,1,4,2,5,3,0.57,0.457,0.495,moderate,0.625,0.25,0.083,0.042,0.648,0.312,0.026,0.014
54,33534,2629503,0.175,0.307,38,1,20,4,employee,retirement,low,online,1,4,3,3,3,0.55,0.405,0.475,moderate,0.625,0.25,0.083,0.042,0.659,0.249,0.057,0.035
30,33556,2633865,0.03,0.009,6,4,10,2,student,wealth_generation,low,advisor,2,2,2,2,3,0.43,0.495,0.461,moderate,0.591,0.273,0.091,0.045,0.623,0.291,0.04,0.047
41,33557,2634223,0.211,0.568,19,13,9,1,self-employed,retirement,medium,books,3,1,4,3,5,0.6,0.228,0.418,moderate,0.583,0.278,0.093,0.046,0.563,0.304,0.128,0.006
31,33591,2634374,0.063,0.129,12,1,15,2,retired,retirement,low,none,3,5,4,1,2,0.65,0.459,0.602,moderate,0.625,0.25,0.083,0.042,0.64,0.297,0.018,0.045
44,33592,2638869,0.136,0.318,20,15,17,2,student,retirement,high,advisor,3,1,2,1,5,0.46,0.357,0.4,moderate,0.625,0.25,0.083,0.042,0.643,0.252,0.053,0.052
49,33593,2639372,0.224,0.342,29,12,7,6,employee,wealth_generation,low,books,4,3,5,4,4,0.79,0.355,0.616,moderate,0.567,0.288,0.096,0.048,0.57,0.303,0.076,0.05
38,33595,2639403,0.193,0.13,20,12,8,5,employee,retirement,high,advisor,2,3,2,3,2,0.48,0.473,0.497,moderate,0.575,0.283,0.094,0.047,0.689,0.249,0.008,0.054
21,33613,2639700,0.006,0.097,4,12,12,2,self-employed,wealth_generation,medium,online,2,4,4,2,4,0.64,0.485,0.534,moderate,0.605,0.263,0.088,0.044,0.618,0.267,0.059,0.057
43,33619,2640672,0.134,0.12,19,1,10,5,employee,retirement,high,advisor,3,3,5,3,5,0.74,0.484,0.679,aggressive,0.773,0.136,0.045,0.045,0.77,0.108,0.07,0.051
45,33632,2641227,0.033,0.164,26,2,15,2,retired,home_purchase,low,books,4,4,2,2,4,0.66,0.441,0.546,moderate,0.625,0.25,0.083,0.042,0.622,0.249,0.068,0.06
45,33651,2641373,0.188,0.128,23,2,11,2,employee,retirement,low,advisor,4,3,2,5,4,0.7,0.483,0.653,aggressive,0.777,0.134,0.045,0.045,0.73,0.157,0.076,0.037
51,33654,2645811,0.3,0.324,35,2,4,5,employee,wealth_generation,medium,online,2,2,5,2,3,0.55,0.358,0.489,moderate,0.541,0.306,0.102,0.051,0.516,0.31,0.137,0.037
33,33659,2647069,0.184,0.231,9,4,5,2,employee,education,high,friends,2,3,2,3,2,0.48,0.41,0.398,moderate,0.55,0.3,0.1,0.05,0.535,0.283,0.085,0.096
47,33665,2649882,0.096,0.273,23,12,21,1,employee,education,medium,books,2,2,2,4,4,0.52,0.427,0.478,moderate,0.625,0.25,0.083,0.042,0.682,0.236,0.023,0.058
51,33679,2652091,0.124,0.052,30,4,6,4,employee,retirement,medium,books,3,2,4,4,2,0.59,0.509,0.534,moderate,0.559,0.294,0.098,0.049,0.526,0.298,0.09,0.086
27,33690,2653194,0.31,0.417,6,3,2,8,employee,retirement,medium,advisor,3,3,4,5,2,0.67,0.305,0.573,moderate,0.521,0.319,0.106,0.053,0.468,0.295,0.156,0.08
44,33731,2654628,0.095,0.129,23,9,16,3,employee,wealth_generation,low,books,4,4,5,3,2,0.75,0.497,0.655,aggressive,0.792,0.125,0.042,0.042,0.786,0.124,0.027,0.063
37,33748,2654678,0.165,0.208,17,1,15,2,employee,wealth_generation,medium,none,1,4,3,3,3,0.55,0.449,0.451,moderate,0.625,0.25,0.083,0.042,0.628,0.21,0.089,0.073
41,33753,2657896,0.134,0.071,25,5,13,3,employee,education,low,friends,4,4,3,2,4,0.7,0.521,0.666,aggressive,0.784,0.129,0.043,0.043,0.81,0.127,0.042,0.021
44,33761,2658935,0.211,0.112,25,4,11,4,employee,wealth_generation,low,books,2,4,3,4,5,0.69,0.492,0.627,moderate,0.598,0.268,0.089,0.045,0.57,0.249,0.103,0.077
38,33788,2660864,0.241,0.321,22,12,25,4,employee,education,medium,none,4,4,3,3,3,0.7,0.408,0.596,moderate,0.625,0.25,0.083,0.042,0.684,0.251,0.029,0.037
36,33792,2661096,0.122,0.332,16,7,4,5,retired,wealth_generation,medium,advisor,1,4,4,3,4,0.62,0.327,0.504,moderate,0.541,0.306,0.102,0.051,0.547,0.327,0.093,0.033
42,33794,2664904,0.185,0.325,23,8,11,6,student,wealth_generation,medium,advisor,2,2,4,3,3,0.54,0.34,0.417,moderate,0.598,0.268,0.089,0.045,0.58,0.302,0.045,0.074
33,33815,2666617,0.163,0.278,10,2,12,5,retired,wealth_generation,low,advisor,2,4,4,2,5,0.67,0.374,0.599,moderate,0.605,0.263,0.088,0.044,0.617,0.24,0.136,0.007
33,33827,2670795,0.108,0.504,17,14,2,4,unemployed,education,low,books,2,3,4,4,2,0.59,0.23,0.439,moderate,0.521,0.319,0.106,0.053,0.457,0.362,0.119,0.062
47,33830,2673258,0.107,0.262,24,4,10,3,employee,retirement,medium,online,3,4,4,4,4,0.75,0.407,0.656,aggressive,0.773,0.136,0.045,0.045,0.762,0.113,0.03,0.095
32,33836,2674186,0.161,0.241,9,9,17,4,self-employed,retirement,low,books,3,3,3,4,3,0.63,0.421,0.547,moderate,0.625,0.25,0.083,0.042,0.625,0.231,0.124,0.019
47,33839,2679724,0.077,0.164,31,16,11,4,employee,home_purchase,medium,books,3,4,4,3,2,0.66,0.463,0.576,moderate,0.598,0.268,0.089,0.045,0.609,0.308,0.083,0.0
45,33841,2679931,0.222,0.089,21,7,20,2,retired,education,high,online,1,3,2,4,1,0.43,0.496,0.405,moderate,0.625,0.25,0.083,0.042,0.615,0.272,0.079,0.033
28,33857,2683110,0.046,0.276,4,7,14,3,employee,education,high,books,5,3,2,2,2,0.6,0.408,0.502,moderate,0.619,0.254,0.085,0.042,0.592,0.246,0.071,0.091
36,33871,2688922,0.057,0.191,15,2,17,2,employee,retirement,low,advisor,5,4,3,2,3,0.72,0.465,0.657,aggressive,0.792,0.125,0.042,0.042,0.784,0.123,0.064,0.029
51,33874,2691091,0.122,0.268,35,5,18,6,unemployed,wealth_generation,low,online,2,1,2,4,3,0.44,0.379,0.437,moderate,0.625,0.25,0.083,0.042,0.6,0.258,0.08,0.062
34,33874,2691867,0.065,0.146,12,12,15,2,retired,wealth_generation,low,books,3,4,4,5,1,0.69,0.451,0.61,moderate,0.625,0.25,0.083,0.042,0.582,0.248,0.102,0.068
38,33888,2694432,0.148,0.403,16,2,16,5,employee,education,low,advisor,2,4,3,3,2,0.57,0.341,0.496,moderate,0.625,0.25,0.083,0.042,0.598,0.274,0.115,0.014
45,33904,2698898,0.133,0.766,21,14,15,3,employee,wealth_generation,medium,advisor,3,3,1,3,2,0.49,0.133,0.347,conservative,0.417,0.417,0.125,0.042,0.432,0.407,0.108,0.052
48,33904,2699011,0.199,0.194,32,9,12,5,retired,wealth_generation,low,advisor,4,3,5,3,2,0.7,0.417,0.573,moderate,0.605,0.263,0.088,0.044,0.653,0.206,0.141,0.0
39,33916,2700290,0.285,0.405,16,6,13,2,employee,retirement,low,advisor,1,2,3,4,2,0.45,0.334,0.379,moderate,0.612,0.259,0.086,0.043,0.565,0.294,0.111,0.029
37,33923,2700567,0.207,0.426,14,7,6,5,retired,home_purchase,low,advisor,3,3,3,4,2,0.6,0.286,0.461,moderate,0.559,0.294,0.098,0.049,0.59,0.305,0.105,0.0
53,33937,2701578,0.084,0.651,31,2,18,2,retired,income,low,advisor,2,5,5,2,4,0.73,0.188,0.517,moderate,0.625,0.25,0.083,0.042,0.652,0.262,0.014,0.071
55,33950,2703147,0.273,0.202,34,3,8,3,employee,wealth_generation,medium,books,5,4,2,3,1,0.65,0.434,0.541,moderate,0.575,0.283,0.094,0.047,0.585,0.329,0.081,0.005
49,33976,2706936,0.132,0.36,33,4,12,1,employee,wealth_generation,low,books,2,3,3,2,1,0.46,0.357,0.419,moderate,0.605,0.263,0.088,0.044,0.568,0.269,0.119,0.044
42,33985,2709173,0.148,0.156,19,5,7,3,employee,retirement,low,none,3,4,4,3,3,0.69,0.456,0.599,moderate,0.567,0.288,0.096,0.048,0.543,0.262,0.105,0.091
35,34002,2710424,0.138,0.305,15,14,15,5,employee,retirement,low,none,3,3,3,1,4,0.57,0.395,0.494,moderate,0.625,0.25,0.083,0.042,0.638,0.227,0.091,0.044
35,34003,2710629,0.109,0.337,16,5,26,4,employee,wealth_generation,low,none,3,2,3,3,2,0.52,0.401,0.423,moderate,0.625,0.25,0.083,0.042,0.6,0.221,0.147,0.033
46,34004,2713578,0.252,0.353,26,7,18,1,self-employed,retirement,medium,online,2,3,3,2,3,0.52,0.361,0.425,moderate,0.625,0.25,0.083,0.042,0.63,0.262,0.068,0.039
45,34033,2714646,0.12,0.146,25,2,13,3,employee,wealth_generation,medium,books,2,5,4,3,3,0.69,0.479,0.601,moderate,0.612,0.259,0.086,0.043,0.626,0.267,0.103,0.003
53,34039,2716523,0.168,0.409,35,10,13,5,employee,wealth_generation,low,online,2,4,4,3,4,0.67,0.332,0.471,moderate,0.612,0.259,0.086,0.043,0.629,0.252,0.089,0.03
47,34039,2717480,0.099,0.231,28,7,11,4,employee,wealth_generation,high,none,3,3,2,4,2,0.56,0.427,0.537,moderate,0.598,0.268,0.089,0.045,0.565,0.272,0.09,0.073
29,34048,2720499,0.218,0.151,10,6,6,1,employee,retirement,low,books,3,3,4,4,1,0.61,0.457,0.588,moderate,0.559,0.294,0.098,0.049,0.567,0.321,0.112,0.0
50,34060,2727918,0.212,0.274,27,15,9,2,employee,education,medium,books,2,2,2,4,1,0.43,0.398,0.443,moderate,0.583,0.278,0.093,0.046,0.624,0.284,0.077,0.016
34,34070,2728031,0.112,0.419,14,13,10,3,retired,retirement,medium,online,4,4,3,3,3,0.7,0.297,0.547,moderate,0.591,0.273,0.091,0.045,0.593,0.302,0.04,0.066
38,34086,2730477,0.19,0.529,17,9,23,2,employee,wealth_generation,high,books,3,4,3,4,2,0.65,0.28,0.465,moderate,0.625,0.25,0.083,0.042,0.618,0.304,0.078,0.0
44,34087,2730986,0.195,0.356,27,14,10,4,retired,home_purchase,medium,advisor,4,3,3,2,3,0.62,0.329,0.513,moderate,0.591,0.273,0.091,0.045,0.554,0.312,0.067,0.068
57,34090,2733125,0.165,0.008,33,7,13,4,employee,education,low,advisor,3,5,3,3,3,0.7,0.557,0.685,aggressive,0.784,0.129,0.043,0.043,0.796,0.158,0.0,0.046
66,34097,2738060,0.173,0.11,43,12,22,2,retired,home_purchase,low,books,3,3,3,3,2,0.57,0.491,0.504,moderate,0.625,0.25,0.083,0.042,0.629,0.262,0.109,0.0
46,34099,2743125,0.168,0.074,23,5,12,3,employee,retirement,medium,online,3,2,3,2,3,0.52,0.517,0.595,moderate,0.605,0.263,0.088,0.044,0.536,0.234,0.117,0.112
40,34111,2743335,0.052,0.091,20,1,7,5,retired,education,medium,books,2,4,3,3,4,0.63,0.456,0.585,moderate,0.567,0.288,0.096,0.048,0.563,0.291,0.101,0.045
46,34114,2743366,0.187,0.217,26,21,9,3,retired,wealth_generation,medium,advisor,5,3,2,4,2,0.66,0.398,0.523,moderate,0.583,0.278,0.093,0.046,0.604,0.276,0.076,0.043
49,34116,2749434,0.147,0.2,31,2,9,2,self-employed,retirement,high,online,3,4,3,2,3,0.62,0.422,0.511,moderate,0.583,0.278,0.093,0.046,0.644,0.254,0.047,0.055
39,34116,2752837,0.141,0.098,22,4,15,4,employee,wealth_generation,low,online,3,2,4,4,4,0.65,0.512,0.58,moderate,0.625,0.25,0.083,0.042,0.629,0.24,0.109,0.021
56,34116,2753094,0.238,0.432,32,2,8,1,employee,retirement,low,online,4,2,2,1,4,0.53,0.309,0.44,moderate,0.575,0.283,0.094,0.047,0.544,0.252,0.131,0.073
43,34124,2754956,0.021,0.301,22,5,16,5,employee,wealth_generation,low,books,3,3,1,2,1,0.43,0.399,0.407,moderate,0.625,0.25,0.083,0.042,0.59,0.26,0.085,0.065
45,34148,2761652,0.102,0.38,22,4,20,6,employee,wealth_generation,low,online,4,4,2,5,2,0.69,0.363,0.475,moderate,0.625,0.25,0.083,0.042,0.663,0.198,0.096,0.043
47,34158,2764388,0.066,0.213,28,8,8,7,student,retirement,low,friends,3,3,3,3,3,0.6,0.39,0.477,moderate,0.575,0.283,0.094,0.047,0.643,0.245,0.059,0.053
45,34183,2765297,0.029,0.227,25,22,5,3,student,wealth_generation,medium,books,3,3,3,2,4,0.6,0.375,0.51,moderate,0.55,0.3,0.1,0.05,0.548,0.314,0.051,0.087
48,34186,2765420,0.108,0.192,28,1,14,4,employee,retirement,medium,none,2,3,3,2,3,0.52,0.456,0.5,moderate,0.619,0.254,0.085,0.042,0.642,0.267,0.083,0.008
37,34201,2765631,0.333,0.237,18,11,9,5,employee,retirement,low,advisor,2,4,3,4,2,0.6,0.418,0.554,moderate,0.583,0.278,0.093,0.046,0.545,0.318,0.092,0.045
37,34211,2768475,0.106,0.299,20,2,12,2,employee,retirement,high,advisor,1,3,5,3,2,0.55,0.391,0.467,moderate,0.605,0.263,0.088,0.044,0.619,0.235,0.099,0.048
33,34218,2770901,0.186,0.256,12,0,14,0,self-employed,wealth_generation,high,advisor,2,5,3,2,4,0.65,0.405,0.557,moderate,0.619,0.254,0.085,0.042,0.602,0.236,0.103,0.058
45,34232,2774694,0.065,0.403,26,8,10,3,employee,retirement,low,online,3,1,5,4,1,0.55,0.33,0.462,moderate,0.591,0.273,0.091,0.045,0.606,0.306,0.061,0.026
48,34240,2776005,0.173,0.447,29,13,22,5,employee,retirement,medium,online,4,2,2,2,5,0.59,0.328,0.46,moderate,0.625,0.25,0.083,0.042,0.638,0.258,0.051,0.052
45,34255,2778214,0.324,0.248,27,3,10,3,employee,retirement,low,online,5,2,5,1,4,0.7,0.415,0.605,moderate,0.591,0.273,0.091,0.045,0.583,0.303,0.103,0.011
55,34257,2778326,0.111,0.161,32,5,8,3,employee,education,low,online,4,5,3,4,2,0.75,0.457,0.647,moderate,0.575,0.283,0.094,0.047,0.583,0.261,0.097,0.059
41,34278,2780837,0.234,0.494,20,2,20,4,retired,wealth_generation,medium,none,3,3,3,4,3,0.63,0.276,0.558,moderate,0.625,0.25,0.083,0.042,0.66,0.228,0.067,0.044
47,34289,2783437,0.376,0.35,23,14,5,4,retired,wealth_generation,low,friends,5,3,5,4,3,0.81,0.322,0.647,moderate,0.55,0.3,0.1,0.05,0.563,0.301,0.071,0.064
33,34296,2783894,0.17,0.311,13,4,4,1,employee,retirement,low,online,3,2,3,2,4,0.55,0.366,0.43,moderate,0.541,0.306,0.102,0.051,0.566,0.322,0.112,0.0
38,34300,2785416,0.115,0.355,17,6,23,3,student,wealth_generation,low,books,3,3,1,3,3,0.52,0.352,0.481,moderate,0.625,0.25,0.083,0.042,0.588,0.304,0.037,0.071
47,34304,2787411,0.188,0.074,23,13,6,4,retired,retirement,medium,books,4,4,4,3,4,0.77,0.461,0.604,moderate,0.559,0.294,0.098,0.049,0.534,0.268,0.13,0.067
48,34306,2789890,0.233,0.068,29,7,5,4,employee,income,low,books,3,2,3,3,1,0.49,0.499,0.538,moderate,0.55,0.3,0.1,0.05,0.525,0.295,0.122,0.059
39,34332,2794563,0.082,0.12,17,15,12,4,employee,wealth_generation,low,friends,2,5,3,3,1,0.59,0.491,0.542,moderate,0.605,0.263,0.088,0.044,0.572,0.283,0.114,0.031
41,34334,2794948,0.144,0.117,20,14,2,3,retired,home_purchase,high,online,2,3,3,2,4,0.55,0.428,0.511,moderate,0.521,0.319,0.106,0.053,0.494,0.32,0.168,0.018
29,34334,2795358,0.117,0.231,8,6,14,6,unemployed,retirement,high,books,2,2,3,2,2,0.44,0.389,0.459,moderate,0.619,0.254,0.085,0.042,0.633,0.259,0.061,0.047
39,34334,2796459,0.109,0.123,18,8,10,3,employee,wealth_generation,low,online,3,2,1,4,4,0.53,0.484,0.526,moderate,0.591,0.273,0.091,0.045,0.587,0.277,0.088,0.048
49,34385,2796833,0.238,0.413,30,3,14,3,student,wealth_generation,low,advisor,3,4,3,1,4,0.62,0.303,0.517,moderate,0.619,0.254,0.085,0.042,0.621,0.252,0.084,0.044
46,34396,2801208,0.138,0.287,25,20,7,5,employee,education,low,online,3,3,3,3,3,0.6,0.386,0.495,moderate,0.567,0.288,0.096,0.048,0.581,0.313,0.065,0.041
46,34404,2802519,0.121,0.211,24,4,21,5,employee,wealth_generation,medium,online,3,4,3,4,5,0.74,0.465,0.602,moderate,0.625,0.25,0.083,0.042,0.626,0.23,0.098,0.046
42,34418,2803101,0.174,0.069,25,11,7,4,employee,retirement,high,books,1,4,4,3,4,0.62,0.504,0.575,moderate,0.567,0.288,0.096,0.048,0.575,0.282,0.059,0.083
42,34422,2803645,0.094,0.292,18,4,14,1,employee,retirement,low,advisor,3,4,2,2,4,0.61,0.4,0.546,moderate,0.619,0.254,0.085,0.042,0.663,0.222,0.094,0.021
36,34433,2804586,0.097,0.1,14,4,23,2,employee,retirement,low,advisor,3,3,2,3,3,0.56,0.537,0.548,moderate,0.625,0.25,0.083,0.042,0.576,0.265,0.072,0.087
47,34443,2805478,0.157,0.354,29,2,10,0,employee,retirement,medium,online,3,3,2,3,4,0.59,0.357,0.546,moderate,0.591,0.273,0.091,0.045,0.596,0.275,0.052,0.077
45,34447,2806157,0.135,0.383,23,7,5,2,employee,retirement,medium,friends,3,3,3,2,4,0.6,0.33,0.509,moderate,0.55,0.3,0.1,0.05,0.53,0.313,0.141,0.016
45,34460,2812649,0.112,0.275,25,3,3,4,employee,retirement,low,online,2,3,2,4,3,0.54,0.383,0.468,moderate,0.531,0.312,0.104,0.052,0.576,0.34,0.084,0.0
37,34463,2812809,0.039,0.118,13,2,25,5,retired,wealth_generation,low,online,4,4,3,4,4,0.76,0.496,0.65,moderate,0.625,0.25,0.083,0.042,0.651,0.209,0.104,0.036
24,34464,2815754,0.157,0.375,3,3,17,4,employee,education,low,online,2,4,3,3,3,0.6,0.36,0.488,moderate,0.625,0.25,0.083,0.042,0.624,0.203,0.076,0.098
50,34480,2817192,0.224,0.189,28,4,22,0,employee,retirement,medium,books,2,2,1,2,5,0.45,0.481,0.477,moderate,0.625,0.25,0.083,0.042,0.598,0.296,0.059,0.046
38,34487,2818023,0.235,0.153,19,7,15,2,self-employed,wealth_generation,low,advisor,4,3,4,3,3,0.69,0.465,0.588,moderate,0.625,0.25,0.083,0.042,0.64,0.284,0.049,0.027
35,34507,2818471,0.098,0.248,18,5,9,4,self-employed,education,low,advisor,3,2,2,3,3,0.51,0.397,0.471,moderate,0.583,0.278,0.093,0.046,0.577,0.26,0.139,0.024
47,34524,2818476,0.173,0.467,28,1,4,4,employee,wealth_generation,low,advisor,4,4,2,3,2,0.63,0.283,0.537,moderate,0.541,0.306,0.102,0.051,0.536,0.356,0.108,0.0
38,34524,2820529,0.237,0.184,14,7,22,5,employee,wealth_generation,high,friends,1,3,4,3,3,0.54,0.484,0.531,moderate,0.625,0.25,0.083,0.042,0.585,0.242,0.104,0.07
50,34541,2822618,0.135,0.451,32,11,11,7,retired,retirement,low,online,3,2,3,4,3,0.58,0.283,0.46,moderate,0.598,0.268,0.089,0.045,0.635,0.239,0.127,0.0
46,34576,2822910,0.271,0.057,24,7,10,6,employee,wealth_generation,low,friends,1,3,4,4,4,0.6,0.521,0.562,moderate,0.591,0.273,0.091,0.045,0.566,0.282,0.126,0.026
47,34589,2823011,0.255,0.079,28,17,13,3,employee,wealth_generation,low,none,2,3,3,4,2,0.55,0.518,0.577,moderate,0.612,0.259,0.086,0.043,0.54,0.305,0.104,0.051
31,34592,2825187,0.091,0.334,13,2,4,4,student,wealth_generation,low,online,2,3,2,3,1,0.45,0.321,0.41,moderate,0.541,0.306,0.102,0.051,0.589,0.327,0.069,0.015
51,34617,2830184,0.104,0.139,31,11,8,2,student,wealth_generation,low,books,4,1,4,2,2,0.53,0.427,0.511,moderate,0.575,0.283,0.094,0.047,0.545,0.262,0.15,0.042
44,34624,2830224,0.084,0.192,27,7,14,1,retired,education,low,books,3,4,4,4,2,0.69,0.425,0.567,moderate,0.619,0.254,0.085,0.042,0.641,0.254,0.105,0.0
39,34631,2830528,0.088,0.111,20,7,4,1,employee,income,low,friends,3,1,3,3,3,0.5,0.473,0.449,moderate,0.541,0.306,0.102,0.051,0.592,0.274,0.131,0.004
43,34633,2830556,0.258,0.198,21,7,5,2,retired,home_purchase,medium,online,1,2,5,3,3,0.53,0.397,0.515,moderate,0.55,0.3,0.1,0.05,0.625,0.264,0.073,0.038
27,34680,2831350,0.27,0.178,10,4,11,0,student,income,medium,online,3,3,1,2,2,0.46,0.416,0.474,moderate,0.598,0.268,0.089,0.045,0.613,0.269,0.105,0.013
45,34691,2832707,0.038,0.351,24,4,14,5,employee,income,medium,none,2,5,3,2,3,0.62,0.368,0.487,moderate,0.619,0.254,0.085,0.042,0.612,0.298,0.051,0.038
33,34693,2833989,0.172,0.336,13,8,6,3,employee,retirement,high,advisor,1,2,2,2,4,0.41,0.358,0.414,moderate,0.559,0.294,0.098,0.049,0.614,0.255,0.062,0.068
31,34700,2834296,0.166,0.508,13,1,2,5,employee,income,low,books,4,2,2,2,3,0.53,0.259,0.463,moderate,0.521,0.319,0.106,0.053,0.533,0.34,0.124,0.003
29,34702,2834676,0.132,0.345,9,8,24,6,employee,retirement,high,advisor,3,3,2,3,3,0.56,0.393,0.481,moderate,0.625,0.25,0.083,0.042,0.65,0.237,0.078,0.035
50,34709,2834923,0.179,0.333,28,10,2,8,unemployed,home_purchase,low,advisor,4,4,2,1,3,0.6,0.311,0.483,moderate,0.521,0.319,0.106,0.053,0.551,0.35,0.019,0.079
36,34716,2836240,0.281,0.332,18,5,1,6,self-employed,wealth_generation,low,online,2,2,2,4,1,0.43,0.335,0.449,moderate,0.511,0.326,0.109,0.054,0.527,0.346,0.085,0.042
54,34731,2838837,0.081,0.433,31,3,8,4,employee,home_purchase,medium,books,5,2,4,2,1,0.6,0.31,0.522,moderate,0.575,0.283,0.094,0.047,0.606,0.296,0.048,0.051
37,34754,2839969,0.066,0.184,15,3,6,3,retired,income,low,none,3,2,3,3,2,0.52,0.407,0.453,moderate,0.559,0.294,0.098,0.049,0.593,0.302,0.084,0.021
28,34775,2841088,0.027,0.185,9,1,13,4,employee,home_purchase,low,books,3,4,3,2,3,0.62,0.458,0.536,moderate,0.612,0.259,0.086,0.043,0.572,0.294,0.101,0.033
33,34793,2842773,0.126,0.353,13,1,21,5,employee,home_purchase,low,books,3,3,4,3,4,0.67,0.382,0.548,moderate,0.625,0.25,0.083,0.042,0.595,0.252,0.068,0.085
51,34800,2845557,0.121,0.156,32,2,11,6,employee,retirement,medium,online,2,4,3,3,1,0.54,0.469,0.52,moderate,0.598,0.268,0.089,0.045,0.633,0.244,0.111,0.011
40,34824,2848068,0.14,0.457,23,0,17,6,unemployed,home_purchase,low,none,5,3,4,2,3,0.71,0.28,0.554,moderate,0.625,0.25,0.083,0.042,0.611,0.236,0.134,0.019
37,34835,2849238,0.154,0.272,13,4,21,4,retired,retirement,medium,online,3,2,4,3,3,0.59,0.401,0.477,moderate,0.625,0.25,0.083,0.042,0.646,0.286,0.068,0.0
43,34849,2850783,0.208,0.185,27,4,6,3,retired,wealth_generation,low,advisor,4,2,3,3,3,0.6,0.407,0.504,moderate,0.559,0.294,0.098,0.049,0.607,0.276,0.091,0.026
46,34860,2851319,0.132,0.369,23,21,11,7,employee,wealth_generation,low,books,4,3,2,2,2,0.55,0.351,0.414,moderate,0.598,0.268,0.089,0.045,0.613,0.252,0.093,0.042
50,34884,2851354,0.119,0.19,31,20,14,7,employee,wealth_generation,low,none,4,3,4,3,2,0.66,0.459,0.602,moderate,0.619,0.254,0.085,0.042,0.593,0.271,0.112,0.023
53,34889,2851488,0.227,0.522,29,3,8,3,employee,education,low,books,1,2,2,4,4,0.47,0.261,0.388,moderate,0.575,0.283,0.094,0.047,0.582,0.316,0.059,0.042
39,34922,2854253,0.234,0.571,21,3,16,4,retired,wealth_generation,low,books,3,4,2,2,4,0.61,0.229,0.451,moderate,0.625,0.25,0.083,0.042,0.662,0.223,0.089,0.026
31,34926,2859010,0.098,0.321,9,6,15,5,employee,wealth_generation,high,books,3,4,3,3,3,0.65,0.387,0.532,moderate,0.625,0.25,0.083,0.042,0.689,0.262,0.049,0.0
38,34927,2859942,0.116,0.098,20,2,10,3,employee,wealth_generation,low,online,3,3,2,3,1,0.5,0.499,0.495,moderate,0.591,0.273,0.091,0.045,0.598,0.303,0.065,0.034
44,34939,2860772,0.226,0.171,22,7,3,5,employee,wealth_generation,low,none,3,2,1,5,2,0.5,0.439,0.488,moderate,0.531,0.312,0.104,0.052,0.475,0.307,0.151,0.067
34,34939,2863742,0.051,0.265,17,5,1,1,retired,wealth_generation,medium,online,2,5,2,2,3,0.58,0.355,0.454,moderate,0.511,0.326,0.109,0.054,0.47,0.316,0.135,0.079
34,34950,2865762,0.118,0.411,16,4,9,3,self-employed,retirement,medium,advisor,3,2,2,3,5,0.57,0.312,0.445,moderate,0.583,0.278,0.093,0.046,0.569,0.263,0.135,0.033
44,34973,2867448,0.143,0.136,21,11,3,3,student,retirement,medium,books,1,4,5,2,3,0.6,0.414,0.495,moderate,0.531,0.312,0.104,0.052,0.579,0.336,0.085,0.0
41,34976,2871644,0.086,0.093,19,12,17,4,self-employed,income,medium,online,3,1,4,3,2,0.51,0.505,0.431,moderate,0.625,0.25,0.083,0.042,0.675,0.215,0.096,0.013
42,34978,2873739,0.084,0.073,24,19,8,1,self-employed,income,low,advisor,1,4,3,4,4,0.61,0.488,0.615,moderate,0.575,0.283,0.094,0.047,0.571,0.232,0.145,0.053
35,34984,2876661,0.138,0.261,12,3,14,1,employee,wealth_generation,low,books,2,1,3,3,3,0.45,0.419,0.458,moderate,0.619,0.254,0.085,0.042,0.603,0.295,0.039,0.064
40,34993,2880695,0.207,0.434,16,13,9,6,employee,retirement,low,books,5,3,4,3,2,0.71,0.311,0.526,moderate,0.583,0.278,0.093,0.046,0.562,0.347,0.091,0.0
34,34996,2881411,0.231,0.047,17,7,17,2,employee,retirement,low,online,2,4,2,3,2,0.53,0.55,0.545,moderate,0.625,0.25,0.083,0.042,0.609,0.216,0.125,0.05
49,34997,2881582,0.314,0.149,32,8,20,2,employee,income,low,friends,4,3,3,4,3,0.68,0.5,0.573,moderate,0.625,0.25,0.083,0.042,0.583,0.25,0.104,0.062
50,35012,2882309,0.048,0.332,28,13,19,5,self-employed,home_purchase,low,online,2,3,4,4,3,0.62,0.377,0.538,moderate,0.625,0.25,0.083,0.042,0.586,0.306,0.03,0.078
27,35017,2883646,0.094,0.396,4,15,11,3,employee,wealth_generation,medium,advisor,5,2,1,2,3,0.54,0.336,0.531,moderate,0.598,0.268,0.089,0.045,0.601,0.267,0.084,0.049
34,35018,2886080,0.208,0.385,14,10,3,5,employee,wealth_generation,high,books,3,3,2,5,5,0.68,0.325,0.567,moderate,0.531,0.312,0.104,0.052,0.514,0.317,0.099,0.07
30,35032,2886419,0.161,0.374,13,5,9,3,student,income,medium,online,2,3,3,4,1,0.52,0.313,0.378,moderate,0.583,0.278,0.093,0.046,0.554,0.257,0.114,0.075
36,35044,2891334,0.119,0.108,16,6,10,5,employee,retirement,low,online,1,2,5,2,4,0.53,0.494,0.469,moderate,0.591,0.273,0.091,0.045,0.559,0.314,0.127,0.0
41,35052,2892430,0.091,0.222,23,8,25,3,employee,wealth_generation,high,friends,4,3,4,2,3,0.66,0.47,0.539,moderate,0.625,0.25,0.083,0.042,0.658,0.253,0.079,0.01
30,35061,2893581,0.109,0.577,6,12,12,6,employee,income,high,none,1,3,2,5,3,0.52,0.237,0.394,moderate,0.605,0.263,0.088,0.044,0.553,0.248,0.129,0.07
34,35064,2893610,0.139,0.596,17,9,14,2,employee,home_purchase,low,books,4,4,3,4,3,0.73,0.229,0.528,moderate,0.619,0.254,0.085,0.042,0.668,0.209,0.086,0.037
33,35067,2895035,0.083,0.296,9,5,17,3,employee,retirement,low,advisor,3,5,3,2,2,0.64,0.406,0.589,moderate,0.625,0.25,0.083,0.042,0.651,0.244,0.073,0.031
43,35071,2895867,0.295,0.339,26,6,13,7,employee,income,low,advisor,3,3,3,1,1,0.48,0.373,0.396,moderate,0.612,0.259,0.086,0.043,0.61,0.258,0.063,0.069
42,35073,2896895,0.062,0.502,26,1,13,4,student,retirement,medium,online,2,3,3,3,3,0.55,0.256,0.433,moderate,0.612,0.259,0.086,0.043,0.588,0.294,0.105,0.013
36,35080,2898123,0.326,0.241,15,14,7,5,employee,retirement,low,books,3,2,4,3,2,0.56,0.412,0.422,moderate,0.567,0.288,0.096,0.048,0.61,0.273,0.117,0.0
43,35115,2898457,0.232,0.112,22,1,3,2,employee,retirement,low,advisor,4,4,4,4,2,0.74,0.471,0.601,moderate,0.531,0.312,0.104,0.052,0.587,0.269,0.127,0.017
37,35120,2901474,0.138,0.322,18,8,16,3,self-employed,retirement,low,online,4,3,5,4,3,0.76,0.375,0.566,moderate,0.625,0.25,0.083,0.042,0.659,0.292,0.05,0.0
39,35135,2901979,0.203,0.516,22,13,19,2,unemployed,education,low,books,5,2,4,5,4,0.78,0.254,0.505,moderate,0.625,0.25,0.083,0.042,0.674,0.272,0.054,0.0
55,35143,2902208,0.188,0.334,37,6,10,2,retired,retirement,low,friends,3,3,2,3,2,0.53,0.342,0.478,moderate,0.591,0.273,0.091,0.045,0.557,0.307,0.134,0.002
52,35159,2904812,0.093,0.383,31,11,12,3,employee,home_purchase,low,books,3,3,4,3,2,0.61,0.346,0.485,moderate,0.605,0.263,0.088,0.044,0.581,0.259,0.055,0.105
31,35161,2906193,0.121,0.231,12,11,8,8,employee,home_purchase,medium,advisor,4,4,3,4,3,0.73,0.42,0.611,moderate,0.575,0.283,0.094,0.047,0.595,0.297,0.041,0.067
48,35167,2907575,0.156,0.088,28,1,10,2,employee,retirement,medium,online,3,5,3,3,3,0.7,0.505,0.58,moderate,0.591,0.273,0.091,0.045,0.587,0.305,0.081,0.027
48,35176,2908653,0.181,0.128,24,5,6,2,employee,wealth_generation,medium,online,1,3,3,5,3,0.56,0.471,0.56,moderate,0.559,0.294,0.098,0.049,0.501,0.313,0.117,0.069
32,35176,2912482,0.161,0.57,12,9,16,2,employee,education,low,books,3,3,5,4,2,0.68,0.247,0.478,moderate,0.625,0.25,0.083,0.042,0.669,0.238,0.07,0.023
48,35177,2913912,0.148,0.257,25,6,11,5,employee,wealth_generation,low,advisor,4,2,2,2,5,0.59,0.414,0.553,moderate,0.598,0.268,0.089,0.045,0.58,0.265,0.086,0.07
54,35178,2914072,0.142,0.016,37,7,12,3,employee,retirement,medium,books,4,4,4,4,3,0.77,0.552,0.715,aggressive,0.781,0.132,0.044,0.044,0.753,0.142,0.006,0.099
33,35186,2916866,0.153,0.508,12,8,2,3,employee,retirement,medium,online,3,2,2,2,5,0.54,0.259,0.435,moderate,0.521,0.319,0.106,0.053,0.52,0.279,0.126,0.074
34,35189,2919788,0.14,0.258,13,2,14,5,retired,wealth_generation,medium,online,3,4,5,4,2,0.73,0.391,0.605,moderate,0.619,0.254,0.085,0.042,0.588,0.295,0.055,0.063
50,35193,2920831,0.161,0.402,30,5,6,2,student,wealth_generation,high,advisor,2,3,5,4,4,0.69,0.293,0.501,moderate,0.559,0.294,0.098,0.049,0.519,0.258,0.161,0.062
44,35193,2922848,0.249,0.276,23,0,9,3,employee,home_purchase,high,online,3,3,3,3,2,0.57,0.398,0.453,moderate,0.583,0.278,0.093,0.046,0.578,0.272,0.104,0.045
46,35198,2923425,0.18,0.091,26,2,10,1,self-employed,retirement,high,online,2,3,2,2,3,0.48,0.485,0.488,moderate,0.591,0.273,0.091,0.045,0.575,0.279,0.071,0.075
44,35216,2923433,0.199,0.301,27,7,10,1,employee,wealth_generation,low,advisor,3,4,2,2,4,0.61,0.387,0.527,moderate,0.591,0.273,0.091,0.045,0.577,0.29,0.096,0.037
45,35237,2923951,0.172,0.672,25,7,6,1,employee,home_purchase,medium,online,5,2,2,4,3,0.64,0.177,0.444,moderate,0.559,0.294,0.098,0.049,0.561,0.308,0.104,0.027
31,35276,2924311,0.182,0.04,15,2,19,2,self-employed,income,high,books,3,2,4,3,3,0.59,0.542,0.546,moderate,0.625,0.25,0.083,0.042,0.618,0.242,0.098,0.042
50,35281,2924684,0.168,0.405,32,10,10,3,employee,retirement,medium,books,2,4,3,3,4,0.63,0.329,0.484,moderate,0.591,0.273,0.091,0.045,0.608,0.28,0.081,0.03
51,35292,2926623,0.023,0.159,29,5,13,0,employee,wealth_generation,medium,books,2,3,1,2,4,0.47,0.474,0.427,moderate,0.612,0.259,0.086,0.043,0.583,0.211,0.122,0.084
40,35300,2930273,0.419,0.221,21,14,13,2,employee,retirement,medium,none,1,3,5,4,2,0.58,0.44,0.552,moderate,0.612,0.259,0.086,0.043,0.571,0.266,0.099,0.063
41,35301,2930701,0.028,0.213,18,5,13,2,employee,retirement,low,books,2,1,5,3,1,0.47,0.444,0.439,moderate,0.612,0.259,0.086,0.043,0.58,0.213,0.121,0.087
29,35306,2931291,0.133,0.445,11,2,12,2,self-employed,wealth_generation,low,advisor,2,2,3,5,4,0.59,0.3,0.446,moderate,0.605,0.263,0.088,0.044,0.644,0.263,0.029,0.064
46,35308,2931326,0.061,0.261,24,10,18,1,retired,retirement,low,online,3,4,5,4,4,0.79,0.4,0.653,aggressive,0.792,0.125,0.042,0.042,0.837,0.096,0.05,0.018
46,35314,2931619,0.058,0.24,29,7,18,2,employee,wealth_generation,high,friends,2,2,2,3,1,0.4,0.442,0.401,moderate,0.625,0.25,0.083,0.042,0.657,0.236,0.061,0.046
41,35332,2932195,0.217,0.391,18,5,10,7,employee,retirement,low,advisor,4,3,4,2,4,0.69,0.337,0.531,moderate,0.591,0.273,0.091,0.045,0.598,0.237,0.13,0.035
50,35353,2932480,0.139,0.053,32,5,14,4,employee,income,low,online,4,3,4,2,3,0.66,0.538,0.645,moderate,0.619,0.254,0.085,0.042,0.649,0.264,0.028,0.058
39,35354,2933966,0.219,0.081,18,2,4,5,retired,retirement,medium,online,4,3,5,1,3,0.67,0.454,0.549,moderate,0.541,0.306,0.102,0.051,0.498,0.282,0.158,0.062
46,35373,2938902,0.107,0.027,29,5,4,5,employee,retirement,medium,none,1,3,3,3,4,0.53,0.519,0.493,moderate,0.541,0.306,0.102,0.051,0.515,0.282,0.154,0.049
33,35403,2939423,0.103,0.33,11,0,11,4,employee,wealth_generation,medium,friends,3,5,4,3,2,0.71,0.374,0.519,moderate,0.598,0.268,0.089,0.045,0.584,0.258,0.087,0.07
41,35409,2940264,0.102,0.268,22,7,21,4,employee,wealth_generation,low,advisor,2,3,2,4,3,0.54,0.433,0.496,moderate,0.625,0.25,0.083,0.042,0.64,0.252,0.1,0.007
40,35422,2940544,0.176,0.428,19,13,14,4,employee,retirement,low,online,3,3,3,3,5,0.66,0.325,0.508,moderate,0.619,0.254,0.085,0.042,0.624,0.255,0.069,0.052
43,35425,2941904,0.223,0.258,26,11,14,4,retired,education,medium,friends,4,3,4,3,2,0.66,0.391,0.608,moderate,0.619,0.254,0.085,0.042,0.591,0.225,0.117,0.066
39,35426,2944802,0.144,0.153,21,0,5,6,self-employed,education,medium,online,1,1,4,3,3,0.44,0.438,0.421,moderate,0.55,0.3,0.1,0.05,0.554,0.326,0.117,0.004
40,35435,2945622,0.129,0.384,22,13,10,2,employee,wealth_generation,low,advisor,5,3,1,4,4,0.68,0.341,0.564,moderate,0.591,0.273,0.091,0.045,0.608,0.256,0.074,0.062
48,35440,2949509,0.306,0.183,29,6,10,2,retired,retirement,low,none,4,4,1,3,2,0.59,0.42,0.496,moderate,0.591,0.273,0.091,0.045,0.582,0.269,0.081,0.068
38,35441,2954335,0.065,0.482,22,3,17,1,employee,income,low,none,4,5,3,4,2,0.75,0.3,0.594,moderate,0.625,0.25,0.083,0.042,0.665,0.276,0.056,0.003
29,35496,2954735,0.15,0.165,8,10,5,5,retired,education,low,none,3,2,5,2,3,0.6,0.415,0.57,moderate,0.55,0.3,0.1,0.05,0.565,0.283,0.147,0.006
55,35496,2954745,0.135,0.128,34,4,12,3,student,retirement,medium,advisor,4,1,3,3,2,0.52,0.446,0.475,moderate,0.605,0.263,0.088,0.044,0.635,0.23,0.108,0.027
53,35499,2955645,0.058,0.257,34,4,21,6,employee,education,medium,books,4,5,4,3,2,0.76,0.44,0.627,moderate,0.625,0.25,0.083,0.042,0.637,0.247,0.07,0.046
31,35500,2956492,0.106,0.054,8,2,21,3,employee,retirement,low,online,3,3,3,3,2,0.57,0.559,0.559,moderate,0.625,0.25,0.083,0.042,0.605,0.259,0.107,0.029
47,35500,2958572,0.024,0.042,27,6,19,3,retired,retirement,low,online,3,2,4,2,3,0.56,0.522,0.553,moderate,0.625,0.25,0.083,0.042,0.557,0.243,0.125,0.074
37,35500,2960784,0.244,0.258,18,1,9,3,employee,wealth_generation,low,advisor,3,4,4,4,2,0.69,0.409,0.607,moderate,0.583,0.278,0.093,0.046,0.598,0.305,0.054,0.042
44,35500,2962480,0.174,0.15,22,11,23,4,unemployed,education,high,advisor,3,5,3,4,3,0.73,0.458,0.602,moderate,0.625,0.25,0.083,0.042,0.599,0.244,0.086,0.072
44,35507,2967596,0.223,0.013,21,6,18,5,retired,income,medium,books,3,3,2,4,2,0.56,0.535,0.581,moderate,0.625,0.25,0.083,0.042,0.569,0.272,0.1,0.059
40,35513,2968330,0.157,0.184,23,6,19,2,student,income,low,online,4,4,3,2,3,0.67,0.437,0.583,moderate,0.625,0.25,0.083,0.042,0.611,0.27,0.068,0.05
35,35518,2973863,0.173,0.251,19,0,23,4,employee,wealth_generation,low,online,2,3,2,2,4,0.51,0.448,0.533,moderate,0.625,0.25,0.083,0.042,0.653,0.24,0.036,0.071
36,35526,2974669,0.194,0.221,15,11,23,2,employee,education,medium,online,4,4,3,4,2,0.7,0.466,0.617,moderate,0.625,0.25,0.083,0.042,0.639,0.255,0.101,0.005
34,35527,2975570,0.258,0.111,17,6,7,3,self-employed,wealth_generation,low,online,4,4,3,3,4,0.73,0.466,0.582,moderate,0.567,0.288,0.096,0.048,0.605,0.306,0.058,0.03
35,35541,2977324,0.056,0.288,12,6,4,3,self-employed,retirement,low,online,4,3,3,2,3,0.62,0.366,0.54,moderate,0.541,0.306,0.102,0.051,0.533,0.32,0.121,0.026
41,35542,2979708,0.119,0.339,21,10,15,6,employee,retirement,low,none,2,4,1,3,3,0.52,0.378,0.463,moderate,0.625,0.25,0.083,0.042,0.651,0.232,0.113,0.004
36,35558,2980871,0.196,0.325,19,1,12,6,retired,income,low,online,3,3,1,3,2,0.49,0.352,0.426,moderate,0.605,0.263,0.088,0.044,0.64,0.254,0.077,0.029
47,35570,2982732,0.29,0.221,27,5,8,3,retired,wealth_generation,medium,advisor,2,5,2,3,2,0.58,0.396,0.522,moderate,0.575,0.283,0.094,0.047,0.566,0.288,0.068,0.078
53,35572,2983312,0.317,0.112,36,8,15,0,employee,education,high,online,2,2,4,4,2,0.54,0.507,0.504,moderate,0.625,0.25,0.083,0.042,0.63,0.249,0.105,0.016
37,35591,2984846,0.181,0.259,16,6,3,5,self-employed,retirement,low,books,4,2,3,4,2,0.6,0.379,0.506,moderate,0.531,0.312,0.104,0.052,0.509,0.334,0.102,0.055
43,35592,2986533,0.088,0.439,20,3,2,0,employee,wealth_generation,medium,online,2,3,3,2,5,0.58,0.296,0.451,moderate,0.521,0.319,0.106,0.053,0.506,0.331,0.075,0.088
45,35621,2988862,0.066,0.248,28,4,9,3,employee,retirement,high,none,2,4,4,2,3,0.61,0.415,0.552,moderate,0.583,0.278,0.093,0.046,0.569,0.313,0.096,0.023
45,35624,2989783,0.28,0.141,24,4,6,0,employee,home_purchase,low,online,2,3,4,2,3,0.56,0.465,0.512,moderate,0.559,0.294,0.098,0.049,0.597,0.267,0.091,0.045
42,35631,2990252,0.14,0.086,21,20,16,2,student,retirement,high,none,2,3,3,3,1,0.49,0.48,0.49,moderate,0.625,0.25,0.083,0.042,0.586,0.309,0.105,0.0
47,35661,2991223,0.088,0.492,31,4,24,4,employee,education,low,advisor,4,5,3,2,3,0.72,0.306,0.559,moderate,0.625,0.25,0.083,0.042,0.663,0.226,0.097,0.015
45,35672,2994899,0.272,0.354,21,3,14,3,self-employed,retirement,low,advisor,4,4,4,3,4,0.77,0.354,0.619,moderate,0.619,0.254,0.085,0.042,0.613,0.263,0.091,0.032
32,35672,2995132,0.061,0.19,9,11,14,6,self-employed,home_purchase,low,books,3,2,3,3,3,0.55,0.444,0.493,moderate,0.619,0.254,0.085,0.042,0.589,0.242,0.113,0.056
48,35676,2995758,0.201,0.184,29,6,1,4,employee,wealth_generation,medium,advisor,1,4,1,3,4,0.5,0.428,0.507,moderate,0.511,0.326,0.109,0.054,0.486,0.296,0.127,0.09
49,35681,2995857,0.178,0.442,27,6,12,4,employee,wealth_generation,high,books,4,2,4,4,5,0.73,0.313,0.594,moderate,0.605,0.263,0.088,0.044,0.558,0.229,0.119,0.095
35,35681,2997606,0.054,0.133,16,7,18,3,student,retirement,low,advisor,3,4,3,2,4,0.65,0.461,0.631,moderate,0.625,0.25,0.083,0.042,0.666,0.235,0.068,0.03
42,35691,3000764,0.121,0.272,19,8,14,0,employee,wealth_generation,medium,books,4,2,2,3,3,0.56,0.414,0.475,moderate,0.619,0.254,0.085,0.042,0.58,0.258,0.074,0.088
47,35696,3001059,0.075,0.341,30,8,6,4,employee,retirement,low,advisor,3,4,4,3,2,0.66,0.357,0.544,moderate,0.559,0.294,0.098,0.049,0.595,0.292,0.074,0.038
40,35705,3001148,0.174,0.222,23,1,19,4,employee,home_purchase,low,none,2,2,3,2,3,0.47,0.455,0.417,moderate,0.625,0.25,0.083,0.042,0.643,0.251,0.073,0.033
50,35716,3003361,0.149,0.045,32,11,25,3,employee,education,low,online,3,2,3,5,3,0.61,0.578,0.564,moderate,0.625,0.25,0.083,0.042,0.582,0.248,0.138,0.031
60,35725,3003712,0.005,0.156,41,3,7,3,employee,wealth_generation,medium,books,2,3,2,3,2,0.48,0.46,0.494,moderate,0.567,0.288,0.096,0.048,0.561,0.266,0.143,0.03
35,35727,3005914,0.309,0.448,14,4,6,3,employee,income,low,advisor,2,2,2,2,4,0.46,0.299,0.392,moderate,0.559,0.294,0.098,0.049,0.623,0.281,0.048,0.048
30,35733,3007316,0.123,0.267,10,3,8,4,employee,home_purchase,low,advisor,3,4,2,3,3,0.61,0.402,0.498,moderate,0.575,0.283,0.094,0.047,0.548,0.292,0.108,0.052
44,35736,3007759,0.104,0.39,22,10,3,4,employee,retirement,low,books,5,2,2,3,2,0.58,0.324,0.501,moderate,0.531,0.312,0.104,0.052,0.531,0.322,0.113,0.034
47,35737,3008506,0.095,0.279,26,8,20,4,self-employed,home_purchase,medium,none,5,4,3,3,3,0.75,0.41,0.624,moderate,0.625,0.25,0.083,0.042,0.625,0.252,0.074,0.049
40,35744,3011952,0.078,0.491,21,10,22,6,employee,retirement,low,online,1,3,3,4,2,0.5,0.303,0.349,conservative,0.417,0.417,0.125,0.042,0.412,0.375,0.12,0.093
53,35756,3012720,0.401,0.454,29,9,14,4,self-employed,wealth_generation,low,online,4,4,3,4,1,0.67,0.299,0.555,moderate,0.619,0.254,0.085,0.042,0.588,0.252,0.126,0.034
31,35772,3013845,0.112,0.253,9,2,17,0,retired,retirement,low,online,3,3,3,2,2,0.54,0.402,0.487,moderate,0.625,0.25,0.083,0.042,0.663,0.231,0.075,0.032
47,35794,3013957,0.135,0.193,31,4,14,4,employee,income,low,online,4,4,5,5,1,0.78,0.459,0.635,moderate,0.619,0.254,0.085,0.042,0.582,0.291,0.056,0.07
37,35809,3015692,0.242,0.296,14,7,9,4,self-employed,retirement,low,friends,3,3,4,4,2,0.64,0.374,0.493,moderate,0.583,0.278,0.093,0.046,0.573,0.268,0.095,0.064
55,35815,3016008,0.181,0.325,36,4,14,1,employee,retirement,low,books,2,4,1,2,3,0.49,0.384,0.461,moderate,0.619,0.254,0.085,0.042,0.609,0.237,0.116,0.038
57,35831,3016083,0.127,0.258,35,3,19,3,employee,wealth_generation,high,advisor,5,1,3,4,4,0.66,0.434,0.555,moderate,0.625,0.25,0.083,0.042,0.676,0.236,0.087,0.0
35,35833,3017137,0.253,0.394,18,13,18,4,self-employed,wealth_generation,high,advisor,3,1,2,4,3,0.49,0.341,0.426,moderate,0.625,0.25,0.083,0.042,0.725,0.239,0.036,0.0
37,35836,3017379,0.206,0.135,19,10,3,4,retired,wealth_generation,low,none,2,3,3,1,1,0.43,0.425,0.43,moderate,0.531,0.312,0.104,0.052,0.567,0.295,0.104,0.034
48,35858,3020218,0.096,0.199,32,5,11,6,self-employed,education,low,books,3,5,3,1,1,0.58,0.431,0.536,moderate,0.598,0.268,0.089,0.045,0.646,0.227,0.093,0.034
38,35870,3021481,0.182,0.329,21,10,10,5,employee,retirement,low,books,4,4,3,3,4,0.73,0.372,0.596,moderate,0.591,0.273,0.091,0.045,0.606,0.288,0.026,0.08
41,35878,3023121,0.265,0.164,21,8,16,1,employee,wealth_generation,low,none,4,4,2,4,3,0.69,0.481,0.652,aggressive,0.792,0.125,0.042,0.042,0.808,0.136,0.0,0.056
42,35878,3025661,0.152,0.237,25,0,11,4,employee,wealth_generation,low,online,2,2,3,4,1,0.47,0.426,0.399,moderate,0.598,0.268,0.089,0.045,0.568,0.237,0.108,0.087
26,35881,3029745,0.202,0.523,5,5,9,4,self-employed,retirement,medium,online,2,3,4,2,3,0.56,0.254,0.42,moderate,0.583,0.278,0.093,0.046,0.589,0.258,0.089,0.064
41,35893,3033812,0.303,0.305,20,4,15,2,employee,wealth_generation,low,friends,4,3,5,3,5,0.79,0.397,0.665,aggressive,0.792,0.125,0.042,0.042,0.791,0.096,0.077,0.037
36,35900,3041735,0.192,0.499,15,3,11,2,employee,wealth_generation,high,none,5,3,3,4,4,0.76,0.28,0.63,moderate,0.598,0.268,0.089,0.045,0.587,0.273,0.08,0.06
38,35907,3042992,0.06,0.345,20,4,7,2,student,wealth_generation,low,friends,3,4,4,4,2,0.69,0.324,0.579,moderate,0.567,0.288,0.096,0.048,0.604,0.308,0.046,0.042
53,35916,3045232,0.1,0.345,35,15,20,2,employee,retirement,low,friends,3,4,2,3,4,0.64,0.386,0.553,moderate,0.625,0.25,0.083,0.042,0.598,0.283,0.082,0.037
31,35919,3049726,0.172,0.292,9,6,4,5,self-employed,wealth_generation,medium,friends,5,3,3,2,3,0.67,0.364,0.574,moderate,0.541,0.306,0.102,0.051,0.474,0.381,0.101,0.044
48,35922,3051702,0.107,0.115,29,12,2,1,student,retirement,high,books,5,3,2,3,2,0.63,0.423,0.573,moderate,0.521,0.319,0.106,0.053,0.495,0.337,0.109,0.059
39,35931,3052238,0.289,0.266,18,3,5,2,retired,education,medium,online,3,2,3,2,3,0.52,0.366,0.441,moderate,0.55,0.3,0.1,0.05,0.55,0.271,0.163,0.016
39,35935,3054359,0.135,0.166,16,3,5,2,employee,wealth_generation,low,online,2,4,3,3,3,0.6,0.449,0.558,moderate,0.55,0.3,0.1,0.05,0.542,0.28,0.125,0.053
48,35955,3055948,0.145,0.703,30,13,12,4,employee,retirement,low,online,1,3,5,2,5,0.61,0.167,0.404,moderate,0.605,0.263,0.088,0.044,0.641,0.282,0.068,0.01
44,35959,3055949,0.194,0.172,20,6,14,1,unemployed,wealth_generation,low,none,4,4,3,4,4,0.76,0.421,0.629,moderate,0.619,0.254,0.085,0.042,0.689,0.235,0.024,0.053
46,35977,3056125,0.158,0.157,22,13,10,0,employee,income,medium,advisor,3,3,2,4,3,0.59,0.468,0.527,moderate,0.591,0.273,0.091,0.045,0.549,0.284,0.109,0.057
49,35986,3056852,0.13,0.305,31,1,6,3,employee,home_purchase,low,online,2,2,3,2,3,0.47,0.377,0.447,moderate,0.559,0.294,0.098,0.049,0.581,0.274,0.114,0.031
39,35992,3061360,0.05,0.263,18,14,4,2,employee,home_purchase,low,books,1,2,2,3,2,0.38,0.394,0.37,moderate,0.541,0.306,0.102,0.051,0.532,0.37,0.028,0.07
37,35996,3061827,0.172,0.027,17,6,11,3,retired,income,low,advisor,2,5,4,4,4,0.75,0.505,0.654,aggressive,0.777,0.134,0.045,0.045,0.805,0.119,0.069,0.007
33,36005,3063673,0.241,0.108,14,2,12,4,employee,retirement,low,online,4,2,2,1,3,0.5,0.502,0.471,moderate,0.605,0.263,0.088,0.044,0.646,0.286,0.069,0.0
35,36007,3063734,0.191,0.387,12,9,8,0,employee,education,low,books,2,2,3,2,3,0.47,0.336,0.405,moderate,0.575,0.283,0.094,0.047,0.518,0.303,0.141,0.037
65,36031,3068657,0.13,0.253,41,11,6,0,employee,wealth_generation,medium,friends,3,3,1,3,5,0.58,0.405,0.545,moderate,0.559,0.294,0.098,0.049,0.596,0.289,0.092,0.023
51,36037,3075913,0.069,0.117,27,1,3,2,employee,retirement,medium,none,3,5,2,3,3,0.66,0.47,0.528,moderate,0.531,0.312,0.104,0.052,0.552,0.281,0.112,0.055
31,36046,3076702,0.224,0.247,11,19,2,6,self-employed,education,medium,friends,3,4,1,3,5,0.63,0.383,0.533,moderate,0.521,0.319,0.106,0.053,0.575,0.307,0.088,0.03
31,36050,3077831,0.277,0.166,11,9,4,1,self-employed,retirement,medium,books,3,4,4,3,3,0.69,0.429,0.628,moderate,0.541,0.306,0.102,0.051,0.504,0.325,0.139,0.032
45,36070,3080298,0.131,0.154,27,4,16,9,employee,income,medium,friends,3,1,3,2,2,0.44,0.487,0.486,moderate,0.625,0.25,0.083,0.042,0.683,0.23,0.087,0.001
46,36075,3082864,0.201,0.512,22,2,9,5,retired,home_purchase,low,friends,3,3,4,3,4,0.67,0.25,0.505,moderate,0.583,0.278,0.093,0.046,0.58,0.245,0.09,0.085
46,36076,3083546,0.136,0.209,30,5,2,3,self-employed,education,medium,none,3,3,3,2,3,0.57,0.402,0.525,moderate,0.521,0.319,0.106,0.053,0.506,0.313,0.138,0.043
39,36076,3083688,0.153,0.051,21,3,11,4,employee,wealth_generation,medium,books,3,3,3,5,1,0.6,0.531,0.55,moderate,0.598,0.268,0.089,0.045,0.579,0.263,0.093,0.065
40,36086,3084116,0.23,0.536,18,6,12,3,employee,wealth_generation,low,online,3,4,2,3,3,0.61,0.261,0.492,moderate,0.605,0.263,0.088,0.044,0.596,0.303,0.101,0.0
44,36099,3086013,0.052,0.379,22,11,10,3,self-employed,education,low,friends,1,2,5,1,3,0.47,0.333,0.452,moderate,0.591,0.273,0.091,0.045,0.622,0.294,0.069,0.015
42,36107,3088109,0.159,0.167,22,9,4,4,self-employed,home_purchase,medium,online,3,3,3,3,3,0.6,0.429,0.539,moderate,0.541,0.306,0.102,0.051,0.591,0.334,0.042,0.033
24,36109,3090013,0.093,0.226,3,6,16,4,retired,retirement,low,friends,4,4,3,3,1,0.64,0.415,0.58,moderate,0.625,0.25,0.083,0.042,0.607,0.212,0.11,0.071
40,36112,3090055,0.121,0.418,21,2,15,1,employee,retirement,medium,online,3,4,1,2,4,0.57,0.333,0.445,moderate,0.625,0.25,0.083,0.042,0.585,0.246,0.097,0.072
35,36122,3090809,0.182,0.207,12,16,9,4,employee,retirement,low,books,2,3,2,4,3,0.54,0.438,0.464,moderate,0.583,0.278,0.093,0.046,0.58,0.254,0.091,0.075
43,36132,3090902,0.023,0.283,24,4,9,4,employee,retirement,low,friends,4,3,5,2,3,0.7,0.396,0.602,moderate,0.583,0.278,0.093,0.046,0.593,0.26,0.131,0.015
65,36133,3091278,0.172,0.272,44,4,5,2,employee,income,low,online,4,4,3,1,3,0.64,0.392,0.615,moderate,0.55,0.3,0.1,0.05,0.491,0.304,0.12,0.085
44,36162,3097138,0.109,0.224,24,8,16,7,employee,wealth_generation,low,books,5,2,3,3,3,0.65,0.447,0.572,moderate,0.625,0.25,0.083,0.042,0.631,0.268,0.049,0.052
39,36166,3098237,0.187,0.311,18,10,13,1,retired,wealth_generation,high,online,4,3,5,4,3,0.76,0.363,0.628,moderate,0.612,0.259,0.086,0.043,0.609,0.232,0.084,0.075
49,36174,3100695,0.073,0.249,31,18,3,6,employee,wealth_generation,low,online,3,3,2,2,4,0.56,0.399,0.408,moderate,0.531,0.312,0.104,0.052,0.51,0.319,0.081,0.09
45,36213,3110692,0.202,0.026,27,17,9,4,employee,education,low,online,4,2,4,3,2,0.61,0.538,0.6,moderate,0.583,0.278,0.093,0.046,0.608,0.251,0.095,0.046
45,36234,3113553,0.182,0.389,23,14,21,4,self-employed,wealth_generation,low,online,3,4,4,3,3,0.69,0.35,0.539,moderate,0.625,0.25,0.083,0.042,0.558,0.244,0.146,0.053
46,36239,3114454,0.303,0.098,30,6,10,5,employee,education,low,books,2,4,3,5,3,0.66,0.501,0.657,aggressive,0.773,0.136,0.045,0.045,0.8,0.159,0.028,0.014
58,36259,3119015,0.259,0.246,42,2,8,5,employee,home_purchase,low,none,5,3,3,3,2,0.67,0.414,0.591,moderate,0.575,0.283,0.094,0.047,0.564,0.28,0.132,0.024
32,36268,3119193,0.109,0.288,16,8,14,2,employee,wealth_generation,low,online,4,3,4,5,3,0.75,0.406,0.615,moderate,0.619,0.254,0.085,0.042,0.614,0.252,0.075,0.058
45,36270,3119514,0.023,0.337,24,0,6,4,employee,wealth_generation,medium,online,3,3,2,1,1,0.44,0.36,0.391,moderate,0.559,0.294,0.098,0.049,0.564,0.334,0.102,0.0
34,36278,3120120,0.184,0.227,15,3,12,1,employee,education,low,online,4,3,4,3,1,0.63,0.435,0.591,moderate,0.605,0.263,0.088,0.044,0.678,0.292,0.016,0.014
46,36281,3120746,0.173,0.35,25,0,14,3,employee,wealth_generation,low,online,4,2,4,4,3,0.67,0.37,0.589,moderate,0.619,0.254,0.085,0.042,0.675,0.217,0.104,0.004
34,36283,3121256,0.024,0.109,18,3,19,6,employee,home_purchase,low,online,3,2,5,3,4,0.66,0.523,0.581,moderate,0.625,0.25,0.083,0.042,0.647,0.259,0.094,0.0
38,36330,3125258,0.067,0.316,19,6,15,2,employee,retirement,low,books,4,3,3,4,3,0.68,0.392,0.6,moderate,0.625,0.25,0.083,0.042,0.653,0.236,0.056,0.055
39,36337,3128024,0.17,0.396,20,5,9,1,student,retirement,low,online,3,3,2,3,1,0.5,0.304,0.452,moderate,0.583,0.278,0.093,0.046,0.634,0.279,0.087,0.0
49,36351,3128841,0.26,0.438,32,5,17,4,unemployed,income,medium,online,4,5,4,4,2,0.79,0.292,0.599,moderate,0.625,0.25,0.083,0.042,0.655,0.251,0.074,0.02
49,36351,3130425,0.257,0.288,33,12,21,2,employee,retirement,low,friends,3,3,3,3,2,0.57,0.423,0.536,moderate,0.625,0.25,0.083,0.042,0.638,0.261,0.091,0.01
32,36351,3130859,0.076,0.19,9,9,11,3,self-employed,wealth_generation,high,none,5,2,5,3,3,0.73,0.437,0.63,moderate,0.598,0.268,0.089,0.045,0.61,0.194,0.107,0.089
42,36355,3132581,0.13,0.126,21,15,1,4,employee,wealth_generation,low,friends,4,5,1,3,3,0.67,0.46,0.555,moderate,0.511,0.326,0.109,0.054,0.46,0.365,0.147,0.028
36,36359,3135227,0.033,0.203,17,6,20,4,employee,wealth_generation,low,books,3,4,2,2,2,0.55,0.47,0.529,moderate,0.625,0.25,0.083,0.042,0.684,0.216,0.067,0.033
31,36360,3136251,0.147,0.273,14,4,5,3,employee,home_purchase,medium,books,2,4,4,4,3,0.67,0.392,0.555,moderate,0.55,0.3,0.1,0.05,0.605,0.294,0.091,0.01
40,36376,3143413,0.207,0.142,20,2,4,3,employee,education,medium,online,3,5,4,4,1,0.71,0.46,0.577,moderate,0.541,0.306,0.102,0.051,0.514,0.327,0.091,0.068
39,36441,3145851,0.216,0.504,15,9,8,8,self-employed,home_purchase,high,books,5,3,3,3,3,0.7,0.263,0.502,moderate,0.575,0.283,0.094,0.047,0.562,0.327,0.096,0.015
61,36443,3146021,0.153,0.444,39,12,9,7,employee,income,medium,none,3,3,4,4,4,0.7,0.307,0.493,moderate,0.583,0.278,0.093,0.046,0.586,0.271,0.085,0.058
45,36446,3149643,0.057,0.038,26,3,17,4,retired,income,low,online,2,2,4,1,3,0.48,0.519,0.444,moderate,0.625,0.25,0.083,0.042,0.567,0.24,0.113,0.079
30,36462,3150197,0.13,0.281,10,13,9,1,employee,home_purchase,low,online,2,4,2,3,3,0.56,0.397,0.478,moderate,0.583,0.278,0.093,0.046,0.593,0.241,0.145,0.02
37,36466,3151301,0.271,0.376,14,7,2,3,employee,wealth_generation,low,books,3,4,4,3,2,0.66,0.33,0.561,moderate,0.521,0.319,0.106,0.053,0.54,0.312,0.11,0.038
50,36470,3151751,0.097,0.163,30,2,14,5,employee,retirement,low,advisor,5,3,3,3,3,0.7,0.477,0.572,moderate,0.619,0.254,0.085,0.042,0.667,0.285,0.047,0.0
58,36491,3155152,0.117,0.268,37,8,15,3,retired,education,low,books,2,3,5,1,3,0.57,0.391,0.462,moderate,0.625,0.25,0.083,0.042,0.607,0.237,0.104,0.053
29,36491,3155734,0.205,0.225,8,7,18,6,unemployed,income,low,books,2,4,4,3,3,0.64,0.406,0.604,moderate,0.625,0.25,0.083,0.042,0.677,0.231,0.051,0.041
26,36492,3158603,0.202,0.142,3,0,10,3,employee,income,medium,online,2,1,3,3,3,0.45,0.478,0.433,moderate,0.591,0.273,0.091,0.045,0.543,0.278,0.074,0.105
56,36526,3158793,0.26,0.301,36,5,3,5,employee,wealth_generation,medium,none,1,1,2,3,4,0.39,0.372,0.384,moderate,0.531,0.312,0.104,0.052,0.482,0.342,0.107,0.068
45,36553,3159293,0.131,0.627,29,11,12,0,employee,education,low,advisor,2,3,2,5,3,0.57,0.21,0.441,moderate,0.605,0.263,0.088,0.044,0.599,0.21,0.125,0.065
35,36553,3159718,0.156,0.21,16,7,4,3,self-employed,retirement,low,none,3,2,1,4,3,0.5,0.408,0.457,moderate,0.541,0.306,0.102,0.051,0.602,0.293,0.057,0.048
46,36559,3162716,0.147,0.278,28,4,2,4,self-employed,retirement,low,books,3,3,1,5,1,0.52,0.368,0.458,moderate,0.521,0.319,0.106,0.053,0.505,0.297,0.107,0.091
20,36560,3165713,0.268,0.196,3,14,17,5,employee,wealth_generation,medium,online,5,3,3,4,3,0.73,0.466,0.6,moderate,0.625,0.25,0.083,0.042,0.603,0.251,0.096,0.05
42,36566,3165782,0.211,0.428,20,3,10,4,employee,retirement,low,online,4,3,4,4,3,0.72,0.318,0.54,moderate,0.591,0.273,0.091,0.045,0.526,0.249,0.093,0.132
44,36576,3166291,0.228,0.42,22,4,12,2,employee,wealth_generation,medium,advisor,4,4,4,3,4,0.77,0.327,0.602,moderate,0.605,0.263,0.088,0.044,0.647,0.21,0.06,0.083
49,36585,3171845,0.07,0.133,26,5,14,5,retired,wealth_generation,low,advisor,2,1,2,3,3,0.41,0.46,0.394,moderate,0.619,0.254,0.085,0.042,0.604,0.235,0.093,0.067
33,36596,3175140,0.217,0.446,13,13,10,4,employee,income,low,online,3,4,2,5,4,0.7,0.308,0.586,moderate,0.591,0.273,0.091,0.045,0.531,0.276,0.129,0.064
42,36598,3177018,0.14,0.119,26,7,3,1,retired,income,high,online,4,4,1,4,4,0.68,0.434,0.528,moderate,0.531,0.312,0.104,0.052,0.539,0.36,0.084,0.017
34,36601,3177310,0.021,0.087,13,9,7,3,employee,retirement,low,online,4,4,3,3,4,0.73,0.499,0.644,moderate,0.567,0.288,0.096,0.048,0.569,0.3,0.068,0.062
44,36606,3180086,0.042,0.316,23,17,6,4,student,retirement,low,none,2,3,2,3,1,0.45,0.337,0.373,moderate,0.559,0.294,0.098,0.049,0.526,0.318,0.08,0.076
34,36616,3180935,0.189,0.218,11,11,26,3,employee,retirement,low,online,2,3,3,3,2,0.52,0.478,0.517,moderate,0.625,0.25,0.083,0.042,0.57,0.244,0.125,0.06
38,36630,3181768,0.128,0.27,21,3,16,5,retired,wealth_generation,low,books,3,4,3,4,4,0.71,0.392,0.554,moderate,0.625,0.25,0.083,0.042,0.702,0.252,0.046,0.0
34,36630,3181826,0.241,0.316,10,11,10,3,retired,education,low,none,2,4,2,2,3,0.53,0.354,0.477,moderate,0.591,0.273,0.091,0.045,0.592,0.286,0.094,0.028
47,36636,3182654,0.202,0.056,26,10,3,4,employee,wealth_generation,medium,online,4,5,3,3,3,0.75,0.503,0.676,aggressive,0.74,0.156,0.052,0.052,0.699,0.2,0.032,0.069
48,36639,3185994,0.019,0.183,32,3,4,2,employee,income,medium,books,5,4,3,4,3,0.78,0.439,0.67,aggressive,0.745,0.153,0.051,0.051,0.773,0.113,0.04,0.073
40,36644,3186366,0.191,0.245,16,4,18,3,employee,wealth_generation,medium,online,4,4,3,3,3,0.7,0.441,0.582,moderate,0.625,0.25,0.083,0.042,0.622,0.26,0.086,0.031
42,36677,3188138,0.087,0.172,19,9,23,2,retired,wealth_generation,low,advisor,3,2,3,2,2,0.49,0.464,0.525,moderate,0.625,0.25,0.083,0.042,0.656,0.274,0.07,0.0
30,36681,3188575,0.138,0.053,14,3,2,2,employee,education,high,none,3,3,4,4,4,0.7,0.502,0.622,moderate,0.521,0.319,0.106,0.053,0.542,0.339,0.085,0.034
39,36706,3193630,0.178,0.081,16,3,21,2,employee,income,medium,online,5,2,4,4,3,0.72,0.546,0.649,moderate,0.625,0.25,0.083,0.042,0.61,0.27,0.12,0.0
41,36708,3196766,0.243,0.382,19,9,9,1,unemployed,retirement,low,advisor,4,3,4,2,3,0.66,0.305,0.534,moderate,0.583,0.278,0.093,0.046,0.618,0.284,0.088,0.01
62,36709,3198586,0.145,0.456,42,13,6,1,self-employed,retirement,low,online,4,4,2,3,2,0.63,0.285,0.443,moderate,0.559,0.294,0.098,0.049,0.568,0.298,0.09,0.045
33,36717,3208757,0.222,0.12,12,1,4,3,retired,retirement,low,advisor,3,3,4,4,3,0.67,0.437,0.57,moderate,0.541,0.306,0.102,0.051,0.558,0.307,0.127,0.008
53,36719,3211020,0.214,0.165,34,6,17,1,self-employed,wealth_generation,low,books,2,3,5,2,2,0.57,0.468,0.54,moderate,0.625,0.25,0.083,0.042,0.615,0.235,0.101,0.049
49,36719,3219884,0.136,0.316,25,8,11,1,employee,wealth_generation,low,books,3,4,4,3,1,0.63,0.384,0.514,moderate,0.598,0.268,0.089,0.045,0.577,0.293,0.089,0.041
44,36725,3221327,0.153,0.507,20,9,18,7,retired,retirement,low,online,3,1,3,3,3,0.5,0.268,0.406,moderate,0.625,0.25,0.083,0.042,0.717,0.23,0.053,0.0
56,36739,3223091,0.194,0.185,40,21,6,3,employee,education,low,books,2,2,1,3,5,0.48,0.443,0.515,moderate,0.559,0.294,0.098,0.049,0.528,0.275,0.146,0.051
44,36741,3225773,0.026,0.413,20,9,15,3,self-employed,retirement,low,books,3,3,3,2,2,0.54,0.325,0.43,moderate,0.625,0.25,0.083,0.042,0.673,0.243,0.084,0.0
45,36755,3226625,0.25,0.261,27,8,4,2,employee,education,low,books,2,4,3,3,4,0.63,0.397,0.561,moderate,0.541,0.306,0.102,0.051,0.58,0.304,0.068,0.048
41,36764,3229578,0.211,0.51,24,19,4,3,unemployed,home_purchase,low,advisor,5,4,2,1,1,0.59,0.234,0.429,moderate,0.541,0.306,0.102,0.051,0.513,0.301,0.143,0.043
51,36764,3229988,0.102,0.111,32,1,5,4,retired,home_purchase,low,online,4,2,4,3,3,0.64,0.445,0.564,moderate,0.55,0.3,0.1,0.05,0.506,0.304,0.127,0.063
50,36779,3232905,0.317,0.544,31,1,18,3,employee,retirement,low,online,4,2,4,2,2,0.58,0.267,0.471,moderate,0.625,0.25,0.083,0.042,0.618,0.267,0.072,0.043
36,36779,3235906,0.084,0.238,12,7,14,3,employee,retirement,low,books,4,4,3,2,3,0.67,0.435,0.601,moderate,0.619,0.254,0.085,0.042,0.72,0.201,0.074,0.005
31,36781,3236455,0.261,0.505,12,5,5,4,self-employed,wealth_generation,low,books,4,5,5,3,2,0.8,0.258,0.594,moderate,0.55,0.3,0.1,0.05,0.543,0.276,0.11,0.071
40,36785,3238931,0.118,0.244,20,1,9,6,employee,home_purchase,low,advisor,5,4,3,3,2,0.72,0.419,0.622,moderate,0.583,0.278,0.093,0.046,0.563,0.251,0.107,0.078
35,36797,3240084,0.209,0.27,14,4,17,5,employee,wealth_generation,low,none,4,4,5,4,3,0.81,0.424,0.65,aggressive,0.792,0.125,0.042,0.042,0.759,0.146,0.034,0.061
41,36806,3240140,0.145,0.384,22,9,8,1,employee,wealth_generation,low,books,4,4,4,4,3,0.77,0.339,0.585,moderate,0.575,0.283,0.094,0.047,0.56,0.291,0.06,0.089
51,36826,3241902,0.203,0.345,35,13,22,4,employee,wealth_generation,medium,friends,2,5,3,4,5,0.74,0.392,0.632,moderate,0.625,0.25,0.083,0.042,0.604,0.228,0.119,0.05
38,36894,3242432,0.077,0.303,21,1,22,0,retired,retirement,low,friends,4,4,2,2,4,0.66,0.389,0.496,moderate,0.625,0.25,0.083,0.042,0.601,0.229,0.134,0.036
41,36903,3244773,0.106,0.229,23,7,12,4,retired,retirement,low,none,2,2,1,3,3,0.42,0.404,0.402,moderate,0.605,0.263,0.088,0.044,0.587,0.282,0.096,0.034
42,36908,3245404,0.059,0.378,23,4,14,3,unemployed,education,medium,online,4,2,4,2,2,0.58,0.318,0.468,moderate,0.619,0.254,0.085,0.042,0.661,0.211,0.084,0.044
48,36915,3246208,0.24,0.498,28,9,14,3,employee,education,low,books,3,3,4,2,3,0.61,0.287,0.486,moderate,0.619,0.254,0.085,0.042,0.619,0.281,0.06,0.039
24,36929,3246292,0.112,0.013,6,7,7,4,employee,home_purchase,low,books,1,1,5,4,3,0.51,0.54,0.549,moderate,0.567,0.288,0.096,0.048,0.572,0.276,0.112,0.04
37,36941,3251415,0.193,0.291,21,14,9,4,employee,wealth_generation,low,advisor,1,3,3,3,5,0.56,0.393,0.499,moderate,0.583,0.278,0.093,0.046,0.612,0.226,0.124,0.038
43,36948,3251475,0.225,0.421,20,1,5,4,student,education,low,advisor,4,2,1,4,4,0.58,0.284,0.455,moderate,0.55,0.3,0.1,0.05,0.538,0.282,0.099,0.081
51,36949,3251493,0.255,0.316,28,6,22,1,employee,wealth_generation,low,friends,4,5,3,3,4,0.78,0.409,0.657,aggressive,0.792,0.125,0.042,0.042,0.78,0.176,0.012,0.032
38,36952,3252781,0.061,0.382,19,3,16,4,employee,retirement,high,online,4,4,3,4,3,0.73,0.357,0.589,moderate,0.625,0.25,0.083,0.042,0.642,0.265,0.067,0.026
26,36955,3255087,0.251,0.442,4,7,2,5,employee,retirement,low,friends,3,3,3,3,2,0.57,0.296,0.464,moderate,0.521,0.319,0.106,0.053,0.528,0.352,0.072,0.048
46,36963,3257041,0.089,0.357,27,12,12,1,employee,retirement,low,online,4,3,4,3,2,0.66,0.363,0.589,moderate,0.605,0.263,0.088,0.044,0.647,0.26,0.073,0.02
36,36964,3267963,0.203,0.342,18,14,9,2,employee,wealth_generation,medium,books,4,3,3,3,3,0.65,0.365,0.565,moderate,0.583,0.278,0.093,0.046,0.588,0.257,0.13,0.025
32,36968,3271130,0.201,0.525,10,5,18,5,employee,home_purchase,low,books,5,4,3,5,1,0.75,0.278,0.641,moderate,0.625,0.25,0.083,0.042,0.636,0.24,0.082,0.042
37,36973,3273740,0.009,0.419,16,11,9,3,self-employed,retirement,medium,advisor,3,2,3,3,3,0.55,0.31,0.396,moderate,0.583,0.278,0.093,0.046,0.567,0.289,0.092,0.052
40,36976,3274197,0.095,0.39,24,4,14,4,self-employed,wealth_generation,low,books,3,4,3,4,1,0.62,0.336,0.545,moderate,0.619,0.254,0.085,0.042,0.612,0.229,0.115,0.044
37,36981,3275417,0.151,0.081,13,0,5,3,employee,retirement,low,online,1,4,3,5,4,0.64,0.497,0.627,moderate,0.55,0.3,0.1,0.05,0.476,0.31,0.144,0.069
24,36989,3275974,0.137,0.161,7,12,12,7,self-employed,education,low,advisor,4,3,4,3,3,0.69,0.457,0.576,moderate,0.605,0.263,0.088,0.044,0.583,0.239,0.133,0.045
49,36991,3276719,0.263,0.279,31,2,8,6,employee,retirement,low,books,3,3,3,4,3,0.63,0.397,0.533,moderate,0.575,0.283,0.094,0.047,0.603,0.32,0.077,0.0
52,36995,3284709,0.125,0.339,32,0,5,2,retired,retirement,medium,online,2,3,2,1,4,0.48,0.331,0.423,moderate,0.55,0.3,0.1,0.05,0.561,0.307,0.091,0.041
47,36999,3287294,0.274,0.187,29,5,13,3,employee,retirement,low,online,3,2,3,2,3,0.52,0.462,0.483,moderate,0.612,0.259,0.086,0.043,0.676,0.261,0.058,0.005
32,37001,3289015,0.145,0.086,14,5,14,3,employee,wealth_generation,low,books,2,4,3,3,3,0.6,0.522,0.559,moderate,0.619,0.254,0.085,0.042,0.643,0.278,0.018,0.06
40,37006,3292346,0.295,0.19,17,1,27,1,employee,wealth_generation,low,online,3,2,5,3,5,0.69,0.499,0.713,aggressive,0.792,0.125,0.042,0.042,0.744,0.102,0.082,0.073
41,37007,3292728,0.203,0.367,22,11,14,3,employee,retirement,medium,none,3,2,3,3,3,0.55,0.362,0.475,moderate,0.619,0.254,0.085,0.042,0.641,0.225,0.122,0.012
46,37008,3292756,0.228,0.429,29,5,12,5,employee,retirement,low,advisor,5,2,2,4,1,0.58,0.323,0.495,moderate,0.605,0.263,0.088,0.044,0.633,0.287,0.026,0.054
47,37017,3296410,0.061,0.458,27,6,21,5,employee,income,medium,none,3,3,3,3,5,0.66,0.323,0.536,moderate,0.625,0.25,0.083,0.042,0.627,0.247,0.05,0.077
36,37019,3305928,0.17,0.215,19,4,18,5,self-employed,home_purchase,low,online,2,2,4,3,3,0.54,0.443,0.504,moderate,0.625,0.25,0.083,0.042,0.576,0.234,0.124,0.066
42,37057,3306715,0.073,0.213,19,7,12,0,retired,wealth_generation,low,books,2,5,3,1,4,0.62,0.413,0.503,moderate,0.605,0.263,0.088,0.044,0.625,0.249,0.068,0.059
45,37073,3308612,0.112,0.225,27,10,12,5,self-employed,home_purchase,medium,none,2,4,2,4,2,0.56,0.422,0.534,moderate,0.605,0.263,0.088,0.044,0.638,0.229,0.071,0.062
53,37073,3309615,0.178,0.214,36,14,23,3,employee,home_purchase,low,online,2,3,2,2,1,0.42,0.473,0.44,moderate,0.625,0.25,0.083,0.042,0.614,0.285,0.065,0.036
47,37073,3314014,0.2,0.321,29,17,13,2,self-employed,wealth_generation,high,online,3,4,5,4,4,0.79,0.372,0.576,moderate,0.612,0.259,0.086,0.043,0.602,0.26,0.054,0.084
48,37076,3316210,0.031,0.208,30,6,15,3,unemployed,wealth_generation,low,online,1,3,2,1,2,0.37,0.408,0.39,moderate,0.625,0.25,0.083,0.042,0.616,0.198,0.108,0.079
42,37093,3318576,0.159,0.025,26,19,3,5,employee,wealth_generation,medium,advisor,4,2,2,2,3,0.53,0.521,0.536,moderate,0.531,0.312,0.104,0.052,0.51,0.324,0.1,0.066
53,37117,3322439,0.166,0.237,35,4,16,3,employee,education,low,advisor,2,2,2,4,1,0.43,0.441,0.469,moderate,0.625,0.25,0.083,0.042,0.625,0.217,0.107,0.051
45,37142,3322885,0.051,0.154,27,0,7,8,employee,home_purchase,medium,online,3,3,2,2,4,0.56,0.464,0.481,moderate,0.567,0.288,0.096,0.048,0.58,0.26,0.113,0.047
35,37149,3325856,0.153,0.034,16,10,4,4,employee,wealth_generation,medium,none,4,3,2,3,3,0.61,0.519,0.57,moderate,0.541,0.306,0.102,0.051,0.49,0.334,0.113,0.063
53,37162,3327617,0.197,0.249,30,3,19,3,employee,education,medium,books,3,3,3,1,3,0.54,0.442,0.481,moderate,0.625,0.25,0.083,0.042,0.647,0.219,0.053,0.081
47,37185,3328951,0.039,0.146,23,1,15,2,employee,retirement,medium,none,4,3,3,3,3,0.65,0.491,0.562,moderate,0.625,0.25,0.083,0.042,0.64,0.221,0.082,0.057
38,37185,3329987,0.208,0.242,22,14,10,0,retired,education,low,none,3,5,4,4,3,0.77,0.393,0.626,moderate,0.591,0.273,0.091,0.045,0.536,0.26,0.114,0.091
38,37201,3330879,0.168,0.177,22,11,10,4,self-employed,retirement,medium,advisor,2,4,4,3,3,0.64,0.443,0.548,moderate,0.591,0.273,0.091,0.045,0.538,0.301,0.106,0.055
44,37206,3330942,0.229,0.297,23,2,6,4,employee,wealth_generation,medium,books,4,3,4,2,1,0.6,0.383,0.528,moderate,0.559,0.294,0.098,0.049,0.541,0.312,0.084,0.063
45,37216,3330993,0.094,0.607,29,11,1,3,employee,education,high,online,2,3,3,3,2,0.52,0.207,0.368,moderate,0.511,0.326,0.109,0.054,0.513,0.356,0.13,0.0
43,37216,3333729,0.229,0.276,23,12,9,3,employee,income,low,books,3,2,3,2,2,0.49,0.402,0.45,moderate,0.583,0.278,0.093,0.046,0.589,0.32,0.049,0.043
44,37245,3334648,0.057,0.313,28,14,5,5,student,wealth_generation,high,friends,2,4,3,3,4,0.63,0.337,0.522,moderate,0.55,0.3,0.1,0.05,0.6,0.249,0.118,0.033
55,37246,3335536,0.134,0.464,32,7,10,2,self-employed,retirement,medium,advisor,5,3,2,4,5,0.75,0.289,0.578,moderate,0.591,0.273,0.091,0.045,0.594,0.278,0.083,0.045
50,37247,3335894,0.089,0.214,30,9,18,3,employee,retirement,low,advisor,3,4,3,1,2,0.56,0.46,0.526,moderate,0.625,0.25,0.083,0.042,0.619,0.257,0.069,0.055
43,37259,3341081,0.244,0.127,22,10,4,4,student,wealth_generation,low,online,2,3,2,2,4,0.51,0.426,0.475,moderate,0.541,0.306,0.102,0.051,0.588,0.298,0.085,0.03
49,37272,3346014,0.195,0.179,30,9,4,2,retired,education,medium,online,1,2,4,2,3,0.46,0.409,0.422,moderate,0.541,0.306,0.102,0.051,0.537,0.309,0.099,0.055
33,37283,3346368,0.022,0.224,10,8,21,6,employee,retirement,medium,online,3,3,2,1,3,0.5,0.462,0.533,moderate,0.625,0.25,0.083,0.042,0.671,0.249,0.046,0.034
45,37314,3350602,0.01,0.313,21,7,16,4,student,retirement,medium,online,1,3,2,2,4,0.46,0.363,0.428,moderate,0.625,0.25,0.083,0.042,0.539,0.283,0.128,0.05
56,37332,3351369,0.111,0.006,32,6,3,1,employee,retirement,medium,online,3,1,3,3,1,0.44,0.531,0.442,moderate,0.531,0.312,0.104,0.052,0.544,0.335,0.121,0.0
40,37376,3352152,0.073,0.412,24,21,3,5,employee,retirement,low,advisor,3,4,3,3,2,0.62,0.314,0.439,moderate,0.531,0.312,0.104,0.052,0.574,0.295,0.102,0.029
35,37378,3352443,0.179,0.074,13,5,15,6,employee,income,low,advisor,3,3,3,2,5,0.63,0.533,0.627,moderate,0.625,0.25,0.083,0.042,0.615,0.234,0.088,0.063
36,37379,3353266,0.186,0.447,17,1,9,5,employee,retirement,medium,none,3,4,3,1,3,0.59,0.307,0.438,moderate,0.583,0.278,0.093,0.046,0.545,0.303,0.071,0.08
33,37390,3354088,0.277,0.499,10,10,16,3,employee,wealth_generation,low,advisor,2,4,2,3,4,0.59,0.29,0.475,moderate,0.625,0.25,0.083,0.042,0.608,0.202,0.101,0.089
35,37408,3357555,0.284,0.602,13,3,10,8,retired,wealth_generation,low,online,3,3,3,3,2,0.57,0.206,0.389,moderate,0.591,0.273,0.091,0.045,0.566,0.288,0.067,0.078
39,37411,3357689,0.185,0.387,23,7,25,1,employee,retirement,low,advisor,3,4,2,3,3,0.61,0.374,0.52,moderate,0.625,0.25,0.083,0.042,0.643,0.256,0.048,0.053
30,37430,3358088,0.006,0.114,14,1,15,3,self-employed,retirement,medium,online,3,2,1,2,1,0.38,0.492,0.434,moderate,0.625,0.25,0.083,0.042,0.619,0.269,0.064,0.048
42,37434,3360750,0.125,0.338,26,8,2,1,employee,income,high,books,4,3,3,2,3,0.62,0.352,0.537,moderate,0.521,0.319,0.106,0.053,0.565,0.35,0.065,0.019
49,37461,3361059,0.156,0.145,32,15,8,3,retired,home_purchase,low,books,3,2,3,4,2,0.55,0.438,0.502,moderate,0.575,0.283,0.094,0.047,0.604,0.296,0.099,0.001
34,37466,3367217,0.153,0.444,17,10,12,6,employee,income,low,none,4,1,5,1,3,0.57,0.314,0.465,moderate,0.605,0.263,0.088,0.044,0.633,0.282,0.077,0.009
54,37489,3369933,0.173,0.192,30,3,5,5,employee,retirement,low,online,2,3,3,4,1,0.52,0.438,0.455,moderate,0.55,0.3,0.1,0.05,0.499,0.311,0.116,0.075
46,37497,3370228,0.292,0.196,26,17,1,5,unemployed,wealth_generation,high,online,3,3,2,3,2,0.53,0.377,0.461,moderate,0.511,0.326,0.109,0.054,0.563,0.318,0.062,0.056
50,37500,3371878,0.248,0.462,34,4,3,2,employee,retirement,low,online,4,3,3,4,4,0.71,0.288,0.542,moderate,0.531,0.312,0.104,0.052,0.54,0.33,0.071,0.06
36,37501,3374384,0.062,0.017,14,6,12,6,retired,wealth_generation,low,books,2,5,3,2,5,0.68,0.516,0.616,moderate,0.605,0.263,0.088,0.044,0.612,0.268,0.052,0.068
48,37505,3376818,0.105,0.14,31,7,14,3,employee,education,low,online,3,2,2,2,4,0.51,0.492,0.498,moderate,0.619,0.254,0.085,0.042,0.683,0.236,0.081,0.0
33,37527,3379143,0.229,0.231,15,20,4,0,self-employed,wealth_generation,low,online,3,3,3,4,3,0.63,0.399,0.505,moderate,0.541,0.306,0.102,0.051,0.548,0.298,0.115,0.04
49,37531,3381602,0.226,0.335,30,1,14,4,self-employed,retirement,low,books,3,2,3,4,4,0.61,0.367,0.474,moderate,0.619,0.254,0.085,0.042,0.621,0.239,0.108,0.032
43,37532,3381866,0.107,0.314,25,9,13,3,unemployed,retirement,low,online,5,3,3,3,3,0.7,0.349,0.605,moderate,0.612,0.259,0.086,0.043,0.624,0.236,0.1,0.04
46,37550,3385676,0.201,0.322,28,5,23,1,employee,retirement,low,books,2,3,3,3,4,0.58,0.409,0.529,moderate,0.625,0.25,0.083,0.042,0.555,0.28,0.128,0.037
32,37572,3395571,0.188,0.431,8,1,19,6,employee,retirement,low,online,3,5,4,2,3,0.71,0.336,0.631,moderate,0.625,0.25,0.083,0.042,0.594,0.267,0.079,0.06
34,37582,3400537,0.148,0.103,15,15,23,4,employee,education,low,online,2,2,4,3,2,0.51,0.541,0.534,moderate,0.625,0.25,0.083,0.042,0.649,0.262,0.065,0.024
46,37600,3403303,0.09,0.267,23,8,25,6,employee,wealth_generation,low,advisor,1,2,2,3,3,0.41,0.447,0.445,moderate,0.625,0.25,0.083,0.042,0.587,0.262,0.079,0.071
34,37603,3404510,0.249,0.346,18,10,10,4,self-employed,home_purchase,low,books,4,2,4,3,3,0.64,0.353,0.498,moderate,0.591,0.273,0.091,0.045,0.576,0.293,0.084,0.047
45,37607,3406194,0.189,0.309,24,3,11,1,unemployed,wealth_generation,low,online,2,4,2,2,2,0.5,0.347,0.483,moderate,0.598,0.268,0.089,0.045,0.68,0.301,0.012,0.007
31,37609,3410356,0.081,0.24,15,10,7,0,retired,wealth_generation,medium,online,4,3,2,3,3,0.61,0.387,0.465,moderate,0.567,0.288,0.096,0.048,0.603,0.321,0.075,0.0
48,37610,3412014,0.195,0.022,28,12,11,6,employee,wealth_generation,high,online,2,3,3,2,2,0.49,0.55,0.533,moderate,0.598,0.268,0.089,0.045,0.542,0.249,0.17,0.038
32,37625,3412459,0.204,0.062,10,6,5,0,student,retirement,low,online,4,3,1,3,3,0.57,0.462,0.53,moderate,0.55,0.3,0.1,0.05,0.573,0.275,0.071,0.081
46,37627,3412520,0.248,0.101,30,7,15,4,self-employed,wealth_generation,low,online,4,3,3,3,3,0.65,0.5,0.634,moderate,0.625,0.25,0.083,0.042,0.609,0.203,0.08,0.108
47,37637,3413410,0.095,0.202,23,17,2,2,employee,wealth_generation,high,books,4,3,2,3,3,0.61,0.425,0.532,moderate,0.521,0.319,0.106,0.053,0.575,0.325,0.077,0.023
36,37652,3415866,0.333,0.101,12,12,7,4,employee,retirement,low,advisor,1,4,3,2,3,0.52,0.494,0.511,moderate,0.567,0.288,0.096,0.048,0.52,0.298,0.154,0.028
46,37653,3416168,0.077,0.232,25,6,6,2,retired,income,low,books,3,4,4,4,3,0.72,0.388,0.529,moderate,0.559,0.294,0.098,0.049,0.572,0.303,0.102,0.023
44,37655,3417748,0.173,0.133,27,9,23,0,employee,retirement,high,books,2,2,2,3,3,0.46,0.523,0.428,moderate,0.625,0.25,0.083,0.042,0.603,0.252,0.095,0.05
37,37700,3421325,0.185,0.371,20,11,5,4,self-employed,education,high,none,4,3,1,2,2,0.51,0.329,0.449,moderate,0.55,0.3,0.1,0.05,0.518,0.294,0.108,0.08
33,37706,3426977,0.137,0.424,9,0,20,2,employee,wealth_generation,medium,books,2,1,5,1,2,0.44,0.341,0.435,moderate,0.625,0.25,0.083,0.042,0.642,0.219,0.086,0.054
26,37707,3427462,0.148,0.219,7,8,4,3,retired,education,low,books,4,4,2,4,4,0.72,0.39,0.597,moderate,0.541,0.306,0.102,0.051,0.554,0.324,0.118,0.004
44,37718,3430947,0.25,0.263,23,18,14,5,employee,retirement,low,advisor,3,3,2,3,3,0.56,0.422,0.501,moderate,0.619,0.254,0.085,0.042,0.597,0.294,0.056,0.052
29,37727,3431202,0.182,0.505,12,15,8,4,self-employed,wealth_generation,high,advisor,3,4,3,5,2,0.68,0.263,0.523,moderate,0.575,0.283,0.094,0.047,0.548,0.308,0.125,0.019
42,37734,3431287,0.152,0.272,23,12,8,2,employee,education,medium,books,4,2,4,1,2,0.55,0.402,0.497,moderate,0.575,0.283,0.094,0.047,0.564,0.292,0.106,0.038
39,37785,3434008,0.069,0.64,22,2,34,4,employee,home_purchase,medium,online,3,3,1,3,4,0.55,0.231,0.442,moderate,0.625,0.25,0.083,0.042,0.599,0.297,0.068,0.036
47,37787,3434127,0.008,0.114,29,21,6,6,employee,education,low,books,4,4,5,1,3,0.72,0.483,0.596,moderate,0.559,0.294,0.098,0.049,0.62,0.285,0.07,0.025
39,37788,3434774,0.068,0.418,22,8,6,4,employee,education,medium,books,3,2,3,4,3,0.58,0.318,0.483,moderate,0.559,0.294,0.098,0.049,0.562,0.276,0.103,0.059
39,37810,3436388,0.288,0.258,16,3,13,4,self-employed,wealth_generation,medium,books,1,4,3,1,2,0.46,0.408,0.409,moderate,0.612,0.259,0.086,0.043,0.652,0.287,0.004,0.057
47,37821,3440116,0.209,0.028,27,9,16,5,employee,education,medium,online,1,3,2,1,3,0.4,0.564,0.499,moderate,0.625,0.25,0.083,0.042,0.59,0.266,0.089,0.055
44,37834,3440602,0.298,0.54,24,12,27,5,self-employed,retirement,medium,books,2,4,3,3,4,0.63,0.274,0.455,moderate,0.625,0.25,0.083,0.042,0.683,0.223,0.094,0.0
44,37856,3442086,0.029,0.525,21,2,15,2,employee,retirement,low,online,3,3,3,3,3,0.6,0.274,0.463,moderate,0.625,0.25,0.083,0.042,0.637,0.269,0.081,0.012
45,37858,3442457,0.19,0.217,22,14,12,8,employee,wealth_generation,medium,books,5,1,5,2,3,0.65,0.443,0.585,moderate,0.605,0.263,0.088,0.044,0.587,0.227,0.105,0.081
29,37878,3445185,0.034,0.506,7,14,10,0,self-employed,wealth_generation,low,friends,1,4,2,4,3,0.54,0.266,0.391,moderate,0.591,0.273,0.091,0.045,0.561,0.261,0.128,0.05
48,37898,3448595,0.214,0.114,28,0,13,7,employee,wealth_generation,low,books,3,2,4,3,4,0.62,0.505,0.55,moderate,0.612,0.259,0.086,0.043,0.632,0.261,0.06,0.048
46,37907,3452293,0.13,0.327,24,13,13,2,employee,education,medium,advisor,1,2,3,1,3,0.39,0.384,0.455,moderate,0.612,0.259,0.086,0.043,0.583,0.268,0.077,0.071
33,37909,3458795,0.057,0.139,17,15,6,3,employee,wealth_generation,medium,online,2,2,4,3,2,0.51,0.47,0.522,moderate,0.559,0.294,0.098,0.049,0.58,0.254,0.106,0.059
40,37916,3459432,0.166,0.164,22,1,15,5,self-employed,retirement,medium,friends,4,4,1,3,3,0.62,0.465,0.568,moderate,0.625,0.25,0.083,0.042,0.598,0.249,0.105,0.048
41,37927,3461354,0.109,0.371,23,4,6,2,employee,home_purchase,low,books,3,1,3,4,3,0.53,0.344,0.475,moderate,0.559,0.294,0.098,0.049,0.57,0.297,0.121,0.012
40,37929,3461606,0.185,0.215,23,5,11,2,employee,wealth_generation,low,online,3,4,1,4,3,0.6,0.442,0.486,moderate,0.598,0.268,0.089,0.045,0.593,0.262,0.088,0.057
44,37940,3463869,0.185,0.01,23,5,7,4,employee,home_purchase,low,books,1,4,5,3,4,0.66,0.544,0.633,moderate,0.567,0.288,0.096,0.048,0.584,0.31,0.069,0.037
53,37940,3463978,0.195,0.228,35,10,8,4,employee,wealth_generation,low,online,2,2,2,3,2,0.43,0.427,0.487,moderate,0.575,0.283,0.094,0.047,0.586,0.247,0.116,0.05
50,37941,3465074,0.345,0.156,31,5,13,0,employee,retirement,low,online,2,4,5,3,1,0.62,0.481,0.55,moderate,0.612,0.259,0.086,0.043,0.547,0.271,0.089,0.093
31,37947,3467134,0.131,0.328,13,16,3,3,employee,education,medium,none,3,3,4,3,4,0.67,0.36,0.601,moderate,0.531,0.312,0.104,0.052,0.576,0.269,0.098,0.058
46,37971,3473195,0.146,0.141,24,21,1,3,retired,wealth_generation,low,online,4,3,4,4,2,0.69,0.42,0.568,moderate,0.511,0.326,0.109,0.054,0.533,0.306,0.114,0.047
52,37975,3473580,0.22,0.405,33,4,4,2,self-employed,retirement,low,advisor,4,3,3,3,4,0.68,0.309,0.535,moderate,0.541,0.306,0.102,0.051,0.515,0.291,0.088,0.106
45,37976,3478257,0.168,0.172,25,7,5,3,student,wealth_generation,medium,advisor,4,3,3,3,5,0.71,0.408,0.549,moderate,0.55,0.3,0.1,0.05,0.565,0.298,0.048,0.089
50,37987,3478553,0.03,0.22,28,7,6,1,employee,income,low,books,2,3,3,2,4,0.55,0.426,0.513,moderate,0.559,0.294,0.098,0.049,0.602,0.309,0.063,0.025
58,37990,3481665,0.232,0.185,39,8,17,2,employee,retirement,medium,friends,2,2,3,2,4,0.5,0.476,0.495,moderate,0.625,0.25,0.083,0.042,0.624,0.253,0.084,0.039
50,38000,3483999,0.038,0.312,29,5,10,4,employee,retirement,medium,friends,2,2,2,4,4,0.52,0.385,0.459,moderate,0.591,0.273,0.091,0.045,0.527,0.279,0.126,0.068
43,38006,3486653,0.082,0.091,19,2,11,5,retired,wealth_generation,medium,online,4,2,2,5,3,0.62,0.476,0.536,moderate,0.598,0.268,0.089,0.045,0.613,0.296,0.091,0.0
50,38009,3491306,0.06,0.251,29,1,14,4,self-employed,home_purchase,low,advisor,2,5,2,3,2,0.58,0.414,0.521,moderate,0.619,0.254,0.085,0.042,0.617,0.211,0.081,0.092
43,38011,3493040,0.05,0.199,23,2,16,1,employee,wealth_generation,low,friends,2,4,3,3,2,0.57,0.465,0.509,moderate,0.625,0.25,0.083,0.042,0.607,0.291,0.086,0.016
42,38029,3495679,0.022,0.434,26,13,1,4,employee,wealth_generation,low,online,3,2,2,3,3,0.51,0.3,0.459,moderate,0.511,0.326,0.109,0.054,0.504,0.307,0.14,0.049
39,38034,3495941,0.04,0.072,16,4,19,6,student,retirement,low,books,4,4,3,3,3,0.7,0.502,0.628,moderate,0.625,0.25,0.083,0.042,0.676,0.274,0.029,0.02
54,38042,3496257,0.142,0.398,34,1,29,3,retired,retirement,medium,books,2,2,3,2,4,0.5,0.352,0.426,moderate,0.625,0.25,0.083,0.042,0.619,0.236,0.087,0.058
35,38043,3501068,0.102,0.128,15,8,4,3,employee,home_purchase,low,online,5,3,3,3,5,0.76,0.471,0.674,aggressive,0.745,0.153,0.051,0.051,0.731,0.153,0.051,0.065
54,38043,3501173,0.068,0.083,36,1,14,8,employee,income,low,online,5,3,3,3,2,0.67,0.526,0.6,moderate,0.619,0.254,0.085,0.042,0.598,0.26,0.097,0.045
45,38050,3502991,0.185,0.144,28,1,1,4,employee,home_purchase,low,books,1,2,3,2,4,0.45,0.453,0.48,moderate,0.511,0.326,0.109,0.054,0.529,0.359,0.082,0.03
30,38064,3506498,0.096,0.092,14,8,2,5,self-employed,wealth_generation,medium,friends,2,2,1,2,3,0.39,0.466,0.424,moderate,0.521,0.319,0.106,0.053,0.508,0.347,0.063,0.082
44,38066,3507104,0.017,0.267,20,8,8,4,employee,wealth_generation,low,online,3,3,2,2,3,0.53,0.406,0.423,moderate,0.575,0.283,0.094,0.047,0.637,0.298,0.065,0.0
25,38095,3508869,0.137,0.592,5,1,19,2,self-employed,income,low,books,2,4,2,2,5,0.59,0.233,0.465,moderate,0.625,0.25,0.083,0.042,0.709,0.22,0.07,0.0
47,38103,3509071,0.115,0.04,28,6,14,2,employee,income,low,online,5,2,4,5,4,0.78,0.551,0.687,aggressive,0.788,0.127,0.042,0.042,0.751,0.153,0.026,0.07
49,38105,3510384,0.117,0.245,27,6,10,4,retired,wealth_generation,low,friends,3,1,3,3,3,0.5,0.393,0.474,moderate,0.591,0.273,0.091,0.045,0.555,0.296,0.078,0.071
37,38115,3514021,0.142,0.218,18,7,10,3,employee,wealth_generation,low,books,3,2,3,1,4,0.52,0.438,0.494,moderate,0.591,0.273,0.091,0.045,0.624,0.277,0.069,0.03
42,38145,3517304,0.187,0.201,25,10,11,3,employee,wealth_generation,medium,books,2,3,3,2,2,0.49,0.45,0.481,moderate,0.598,0.268,0.089,0.045,0.578,0.25,0.063,0.108
57,38164,3521274,0.176,0.198,33,4,8,0,employee,retirement,medium,online,3,1,4,4,2,0.54,0.444,0.503,moderate,0.575,0.283,0.094,0.047,0.576,0.273,0.118,0.034
37,38181,3521431,0.274,0.442,14,6,20,5,retired,education,low,books,3,2,3,3,3,0.55,0.309,0.54,moderate,0.625,0.25,0.083,0.042,0.606,0.258,0.097,0.039
33,38181,3527170,0.156,0.024,14,11,13,5,employee,retirement,low,books,4,1,2,4,5,0.6,0.557,0.598,moderate,0.612,0.259,0.086,0.043,0.592,0.259,0.098,0.051
53,38182,3532142,0.148,0.369,30,14,11,3,self-employed,retirement,low,books,2,4,2,3,3,0.56,0.343,0.42,moderate,0.598,0.268,0.089,0.045,0.63,0.25,0.111,0.009
57,38185,3534313,0.093,0.166,33,13,11,4,employee,wealth_generation,medium,friends,2,3,2,4,2,0.51,0.47,0.449,moderate,0.598,0.268,0.089,0.045,0.638,0.29,0.048,0.024
42,38201,3534500,0.207,0.217,25,6,23,2,retired,home_purchase,low,online,2,2,2,3,3,0.46,0.442,0.466,moderate,0.625,0.25,0.083,0.042,0.666,0.226,0.101,0.006
50,38208,3540433,0.073,0.23,31,7,16,3,unemployed,wealth_generation,low,online,5,3,3,4,3,0.73,0.401,0.581,moderate,0.625,0.25,0.083,0.042,0.575,0.269,0.115,0.041
52,38213,3541202,0.151,0.187,31,7,5,3,employee,wealth_generation,low,books,3,3,3,4,4,0.66,0.442,0.605,moderate,0.55,0.3,0.1,0.05,0.536,0.325,0.09,0.05
36,38220,3542222,0.138,0.086,14,13,10,4,employee,wealth_generation,low,advisor,4,3,3,5,3,0.71,0.512,0.641,moderate,0.591,0.273,0.091,0.045,0.65,0.278,0.051,0.021
38,38224,3543714,0.185,0.099,18,12,8,3,self-employed,wealth_generation,medium,advisor,4,4,4,2,5,0.77,0.481,0.666,aggressive,0.764,0.142,0.047,0.047,0.744,0.177,0.014,0.065
51,38232,3546628,0.262,0.185,29,4,28,3,unemployed,wealth_generation,medium,friends,5,4,2,4,1,0.68,0.458,0.563,moderate,0.625,0.25,0.083,0.042,0.607,0.291,0.081,0.021
55,38253,3554541,0.28,0.393,36,2,10,2,employee,education,low,books,3,3,3,5,3,0.66,0.34,0.549,moderate,0.591,0.273,0.091,0.045,0.624,0.239,0.1,0.038
46,38255,3554773,0.081,0.11,23,5,3,1,employee,retirement,low,books,2,4,3,1,4,0.57,0.477,0.538,moderate,0.531,0.312,0.104,0.052,0.546,0.307,0.084,0.064
34,38273,3556150,0.104,0.354,16,4,10,6,employee,retirement,low,friends,3,4,3,3,3,0.65,0.362,0.507,moderate,0.591,0.273,0.091,0.045,0.591,0.265,0.102,0.042
57,38300,3557037,0.222,0.181,39,16,8,0,employee,education,low,books,3,3,4,3,3,0.64,0.453,0.537,moderate,0.575,0.283,0.094,0.047,0.53,0.245,0.118,0.107
37,38308,3558218,0.157,0.433,17,4,13,2,student,wealth_generation,low,online,3,2,4,4,2,0.59,0.295,0.522,moderate,0.612,0.259,0.086,0.043,0.587,0.273,0.088,0.052
39,38314,3561964,0.144,0.233,18,3,6,3,employee,wealth_generation,medium,books,3,2,5,4,2,0.63,0.419,0.563,moderate,0.559,0.294,0.098,0.049,0.588,0.271,0.08,0.062
44,38322,3566128,0.196,0.13,26,13,2,2,retired,wealth_generation,low,online,3,4,3,4,2,0.65,0.429,0.55,moderate,0.521,0.319,0.106,0.053,0.545,0.3,0.103,0.052
54,38346,3570462,0.173,0.582,37,1,4,3,retired,wealth_generation,low,advisor,4,3,3,3,3,0.65,0.209,0.457,moderate,0.541,0.306,0.102,0.051,0.562,0.296,0.11,0.032
48,38354,3580158,0.302,0.132,28,4,7,3,employee,home_purchase,high,none,3,2,5,2,3,0.6,0.478,0.551,moderate,0.567,0.288,0.096,0.048,0.59,0.289,0.09,0.031
45,38365,3581910,0.17,0.283,24,6,9,2,employee,wealth_generation,low,books,3,4,1,1,2,0.48,0.399,0.456,moderate,0.583,0.278,0.093,0.046,0.624,0.289,0.067,0.02
45,38385,3584954,0.146,0.284,27,8,19,1,employee,wealth_generation,low,books,4,3,3,3,2,0.62,0.423,0.501,moderate,0.625,0.25,0.083,0.042,0.612,0.245,0.099,0.044
42,38403,3585441,0.161,0.213,20,4,7,1,employee,wealth_generation,low,online,3,3,4,5,3,0.7,0.433,0.59,moderate,0.567,0.288,0.096,0.048,0.54,0.309,0.071,0.08
46,38405,3586020,0.222,0.502,28,6,2,3,self-employed,wealth_generation,high,none,3,2,2,3,3,0.51,0.256,0.347,conservative,0.255,0.532,0.16,0.053,0.299,0.541,0.142,0.018
21,38406,3586406,0.175,0.406,4,3,17,5,self-employed,retirement,low,books,4,4,3,5,3,0.76,0.335,0.589,moderate,0.625,0.25,0.083,0.042,0.602,0.307,0.061,0.031
39,38422,3588531,0.183,0.398,20,7,20,1,employee,home_purchase,low,friends,3,3,2,4,3,0.59,0.358,0.541,moderate,0.625,0.25,0.083,0.042,0.603,0.245,0.098,0.053
43,38424,3588967,0.303,0.545,25,5,11,4,self-employed,retirement,low,advisor,3,4,3,3,3,0.65,0.248,0.45,moderate,0.598,0.268,0.089,0.045,0.672,0.211,0.091,0.026
32,38429,3589972,0.177,0.244,10,12,8,5,employee,retirement,low,books,5,2,2,2,2,0.55,0.419,0.493,moderate,0.575,0.283,0.094,0.047,0.613,0.277,0.104,0.006
45,38430,3592494,0.13,0.088,22,6,17,2,unemployed,retirement,low,online,1,5,4,2,4,0.64,0.478,0.569,moderate,0.625,0.25,0.083,0.042,0.59,0.226,0.126,0.058
40,38433,3592775,0.192,0.364,22,6,1,4,employee,wealth_generation,low,online,3,3,2,3,2,0.53,0.337,0.419,moderate,0.511,0.326,0.109,0.054,0.511,0.28,0.14,0.069
56,38434,3594446,0.185,0.216,35,8,22,4,employee,wealth_generation,medium,friends,2,4,2,4,2,0.56,0.472,0.511,moderate,0.625,0.25,0.083,0.042,0.651,0.216,0.099,0.034
54,38440,3598807,0.013,0.139,38,2,20,4,unemployed,retirement,medium,books,1,4,3,1,3,0.49,0.461,0.439,moderate,0.625,0.25,0.083,0.042,0.622,0.265,0.074,0.039
38,38443,3598841,0.147,0.253,18,2,12,6,employee,education,medium,online,2,1,4,4,3,0.52,0.424,0.453,moderate,0.605,0.263,0.088,0.044,0.615,0.234,0.142,0.008
40,38480,3602610,0.204,0.471,23,11,7,3,retired,retirement,low,online,4,4,4,3,2,0.71,0.27,0.539,moderate,0.567,0.288,0.096,0.048,0.559,0.284,0.127,0.03
41,38499,3603922,0.153,0.13,25,4,2,2,employee,retirement,low,none,3,4,2,3,3,0.61,0.465,0.563,moderate,0.521,0.319,0.106,0.053,0.544,0.307,0.148,0.0
38,38506,3604757,0.213,0.409,16,9,39,3,employee,wealth_generation,low,advisor,3,2,2,3,3,0.51,0.389,0.452,moderate,0.625,0.25,0.083,0.042,0.614,0.299,0.073,0.014
43,38518,3607714,0.143,0.23,24,2,17,1,employee,wealth_generation,high,books,3,4,2,3,1,0.55,0.45,0.55,moderate,0.625,0.25,0.083,0.042,0.556,0.259,0.11,0.075
35,38520,3609274,0.321,0.112,15,11,8,2,unemployed,retirement,medium,advisor,3,1,2,3,2,0.43,0.439,0.456,moderate,0.575,0.283,0.094,0.047,0.588,0.29,0.043,0.079
32,38521,3612065,0.111,0.409,15,19,2,5,employee,wealth_generation,low,online,2,4,1,3,4,0.55,0.315,0.515,moderate,0.521,0.319,0.106,0.053,0.499,0.309,0.129,0.064
46,38521,3612522,0.056,0.535,23,5,14,3,self-employed,wealth_generation,high,advisor,3,3,2,2,3,0.53,0.258,0.418,moderate,0.619,0.254,0.085,0.042,0.637,0.285,0.003,0.074
47,38531,3613029,0.139,0.182,29,7,28,3,employee,wealth_generation,low,online,1,4,3,1,4,0.52,0.509,0.484,moderate,0.625,0.25,0.083,0.042,0.57,0.289,0.068,0.073
35,38532,3616322,0.161,0.187,13,6,15,2,retired,education,low,advisor,4,3,5,3,5,0.79,0.437,0.643,moderate,0.625,0.25,0.083,0.042,0.599,0.251,0.098,0.052
49,38537,3616663,0.123,0.22,33,13,3,2,employee,wealth_generation,low,books,3,3,2,1,1,0.44,0.419,0.492,moderate,0.531,0.312,0.104,0.052,0.543,0.33,0.095,0.032
36,38538,3618943,0.1,0.389,20,0,10,2,employee,income,low,online,3,3,2,3,3,0.56,0.343,0.443,moderate,0.591,0.273,0.091,0.045,0.573,0.262,0.097,0.068
44,38560,3620781,0.188,0.014,22,9,4,5,self-employed,home_purchase,low,online,4,2,3,5,4,0.69,0.514,0.645,moderate,0.541,0.306,0.102,0.051,0.495,0.305,0.093,0.106
48,38571,3626346,0.129,0.154,32,9,21,7,employee,retirement,low,friends,2,3,3,4,3,0.58,0.506,0.52,moderate,0.625,0.25,0.083,0.042,0.618,0.245,0.062,0.075
41,38599,3626668,0.179,0.337,17,5,8,3,employee,retirement,low,online,3,4,2,2,4,0.61,0.367,0.502,moderate,0.575,0.283,0.094,0.047,0.542,0.295,0.119,0.043
45,38604,3631480,0.213,0.225,21,3,16,1,employee,wealth_generation,medium,advisor,3,4,4,1,2,0.6,0.451,0.525,moderate,0.625,0.25,0.083,0.042,0.59,0.256,0.115,0.039
37,38652,3633218,0.209,0.197,14,3,3,4,retired,wealth_generation,low,online,3,2,3,2,3,0.52,0.399,0.444,moderate,0.531,0.312,0.104,0.052,0.515,0.302,0.142,0.041
40,38653,3634381,0.129,0.425,17,11,4,5,employee,retirement,low,books,2,3,4,3,5,0.65,0.311,0.538,moderate,0.541,0.306,0.102,0.051,0.537,0.319,0.114,0.03
40,38664,3635136,0.166,0.462,21,1,15,6,employee,wealth_generation,high,online,4,4,3,3,4,0.73,0.311,0.606,moderate,0.625,0.25,0.083,0.042,0.692,0.227,0.081,0.0
36,38667,3635438,0.143,0.497,17,7,19,4,employee,wealth_generation,low,online,3,3,3,4,4,0.66,0.297,0.542,moderate,0.625,0.25,0.083,0.042,0.689,0.222,0.054,0.035
40,38671,3641330,0.242,0.174,20,4,6,3,employee,wealth_generation,low,advisor,4,3,3,3,4,0.68,0.452,0.59,moderate,0.559,0.294,0.098,0.049,0.507,0.329,0.125,0.039
29,38675,3644313,0.245,0.457,5,4,10,4,retired,home_purchase,low,online,1,3,2,2,2,0.4,0.283,0.309,conservative,0.364,0.455,0.136,0.045,0.398,0.453,0.131,0.017
38,38683,3645907,0.122,0.351,20,7,13,0,student,wealth_generation,low,advisor,4,1,3,1,2,0.46,0.338,0.415,moderate,0.612,0.259,0.086,0.043,0.563,0.307,0.095,0.034
39,38685,3649817,0.056,0.121,20,13,17,4,employee,education,low,online,3,3,4,4,5,0.73,0.514,0.663,aggressive,0.792,0.125,0.042,0.042,0.824,0.134,0.042,0.0
39,38699,3650984,0.081,0.299,19,8,14,4,student,wealth_generation,low,online,3,4,4,3,4,0.72,0.368,0.576,moderate,0.619,0.254,0.085,0.042,0.585,0.279,0.085,0.051
40,38718,3651264,0.127,0.032,18,11,4,4,self-employed,income,low,advisor,1,3,5,3,3,0.58,0.505,0.59,moderate,0.541,0.306,0.102,0.051,0.526,0.301,0.116,0.057
41,38720,3655941,0.166,0.338,21,8,12,3,employee,retirement,medium,none,3,4,1,3,4,0.6,0.376,0.504,moderate,0.605,0.263,0.088,0.044,0.572,0.281,0.089,0.058
45,38725,3656308,0.185,0.349,21,9,20,4,employee,home_purchase,medium,online,3,4,4,3,4,0.72,0.387,0.569,moderate,0.625,0.25,0.083,0.042,0.622,0.282,0.053,0.043
48,38731,3658473,0.12,0.376,27,6,20,4,self-employed,wealth_generation,low,none,2,1,2,3,2,0.38,0.359,0.401,moderate,0.625,0.25,0.083,0.042,0.623,0.233,0.083,0.061
36,38741,3661053,0.187,0.13,18,14,13,1,retired,wealth_generation,low,books,3,3,1,2,4,0.52,0.462,0.523,moderate,0.612,0.259,0.086,0.043,0.62,0.253,0.073,0.055
32,38744,3665640,0.274,0.306,11,7,31,6,employee,wealth_generation,high,books,3,2,4,5,3,0.65,0.439,0.611,moderate,0.625,0.25,0.083,0.042,0.605,0.235,0.118,0.042
33,38806,3666568,0.184,0.133,12,7,4,4,employee,retirement,low,online,4,4,3,2,5,0.73,0.469,0.641,moderate,0.541,0.306,0.102,0.051,0.569,0.247,0.1,0.083
38,38824,3666753,0.078,0.496,22,7,11,4,retired,wealth_generation,medium,online,4,3,4,4,4,0.75,0.265,0.532,moderate,0.598,0.268,0.089,0.045,0.572,0.25,0.086,0.092
39,38832,3672850,0.169,0.325,17,4,17,2,employee,wealth_generation,low,online,1,3,5,5,3,0.64,0.395,0.464,moderate,0.625,0.25,0.083,0.042,0.56,0.26,0.122,0.058
35,38841,3673196,0.161,0.087,17,3,5,6,employee,home_purchase,medium,none,3,4,3,4,1,0.62,0.497,0.519,moderate,0.55,0.3,0.1,0.05,0.496,0.302,0.11,0.091
31,38866,3674989,0.242,0.137,15,1,26,3,self-employed,retirement,low,books,3,4,1,1,1,0.45,0.514,0.458,moderate,0.625,0.25,0.083,0.042,0.692,0.207,0.061,0.04
38,38867,3681796,0.123,0.32,22,10,9,4,self-employed,wealth_generation,medium,online,4,2,2,3,2,0.53,0.366,0.504,moderate,0.583,0.278,0.093,0.046,0.581,0.3,0.089,0.03
43,38873,3684667,0.138,0.251,23,4,9,6,retired,wealth_generation,low,advisor,3,5,3,1,3,0.64,0.388,0.576,moderate,0.583,0.278,0.093,0.046,0.568,0.278,0.1,0.055
46,38876,3685514,0.173,0.351,29,5,6,6,employee,wealth_generation,low,advisor,3,3,4,2,3,0.61,0.356,0.496,moderate,0.559,0.294,0.098,0.049,0.614,0.321,0.056,0.01
37,38882,3685611,0.158,0.178,20,14,8,4,employee,home_purchase,low,none,1,4,2,3,2,0.48,0.456,0.495,moderate,0.575,0.283,0.094,0.047,0.567,0.274,0.138,0.021
38,38884,3686133,0.198,0.318,19,7,13,1,employee,wealth_generation,low,friends,3,4,3,2,3,0.62,0.39,0.487,moderate,0.612,0.259,0.086,0.043,0.564,0.275,0.096,0.065
34,38894,3687514,0.032,0.132,12,1,10,6,employee,retirement,medium,books,2,2,5,1,4,0.55,0.487,0.562,moderate,0.591,0.273,0.091,0.045,0.585,0.264,0.107,0.044
41,38911,3693026,0.165,0.275,18,11,6,7,retired,wealth_generation,low,online,3,2,3,3,4,0.58,0.369,0.487,moderate,0.559,0.294,0.098,0.049,0.602,0.299,0.075,0.024
35,38918,3693307,0.067,0.512,13,4,18,1,retired,retirement,low,online,2,2,4,3,4,0.57,0.268,0.469,moderate,0.625,0.25,0.083,0.042,0.594,0.198,0.124,0.084
46,38919,3695826,0.116,0.306,22,7,3,3,employee,retirement,low,advisor,4,4,2,3,4,0.69,0.373,0.579,moderate,0.531,0.312,0.104,0.052,0.569,0.32,0.074,0.036
27,38928,3696963,0.186,0.054,5,7,19,3,employee,wealth_generation,medium,advisor,3,3,3,2,3,0.57,0.561,0.58,moderate,0.625,0.25,0.083,0.042,0.664,0.247,0.086,0.003
39,38931,3698299,0.078,0.595,20,3,7,1,employee,wealth_generation,high,online,3,3,3,3,3,0.6,0.223,0.413,moderate,0.567,0.288,0.096,0.048,0.541,0.273,0.13,0.055
44,38939,3700058,0.115,0.122,20,2,11,2,self-employed,home_purchase,low,online,4,1,4,3,3,0.59,0.479,0.528,moderate,0.598,0.268,0.089,0.045,0.559,0.25,0.127,0.064
43,38962,3702558,0.195,0.343,19,3,9,3,employee,home_purchase,low,online,3,4,4,1,5,0.69,0.367,0.593,moderate,0.583,0.278,0.093,0.046,0.552,0.282,0.097,0.069
63,38989,3707332,0.183,0.271,45,2,13,7,employee,retirement,low,online,3,3,2,2,4,0.56,0.417,0.518,moderate,0.612,0.259,0.086,0.043,0.574,0.243,0.116,0.066
44,38993,3709832,0.055,0.183,21,4,17,0,student,retirement,high,none,3,3,3,5,3,0.66,0.438,0.539,moderate,0.625,0.25,0.083,0.042,0.611,0.266,0.07,0.053
33,39007,3715827,0.168,0.132,17,22,29,6,retired,income,low,advisor,4,3,3,3,4,0.68,0.509,0.623,moderate,0.625,0.25,0.083,0.042,0.652,0.23,0.073,0.045
41,39031,3716724,0.075,0.133,24,5,8,6,self-employed,wealth_generation,low,advisor,4,3,4,2,2,0.63,0.464,0.532,moderate,0.575,0.283,0.094,0.047,0.555,0.262,0.104,0.079
27,39060,3716997,0.102,0.416,4,12,12,5,employee,retirement,low,friends,3,3,2,3,2,0.53,0.332,0.413,moderate,0.605,0.263,0.088,0.044,0.631,0.258,0.067,0.044
41,39062,3717781,0.145,0.425,18,7,11,3,student,wealth_generation,low,books,3,4,2,2,3,0.58,0.296,0.448,moderate,0.598,0.268,0.089,0.045,0.606,0.243,0.122,0.029
35,39092,3719653,0.062,0.247,14,9,35,3,unemployed,retirement,medium,friends,2,5,3,4,2,0.65,0.442,0.564,moderate,0.625,0.25,0.083,0.042,0.565,0.291,0.076,0.068
49,39096,3726449,0.35,0.092,26,2,18,3,self-employed,wealth_generation,low,advisor,3,2,3,2,4,0.55,0.517,0.501,moderate,0.625,0.25,0.083,0.042,0.619,0.257,0.073,0.052
37,39118,3728067,0.08,0.434,14,4,10,6,employee,home_purchase,low,advisor,3,3,4,3,4,0.67,0.318,0.556,moderate,0.591,0.273,0.091,0.045,0.605,0.24,0.083,0.072
41,39118,3729776,0.214,0.254,24,7,11,3,employee,retirement,medium,advisor,5,3,3,4,4,0.76,0.422,0.603,moderate,0.598,0.268,0.089,0.045,0.572,0.272,0.081,0.075
36,39123,3732793,0.228,0.237,18,13,7,1,employee,wealth_generation,medium,books,3,2,4,4,4,0.65,0.421,0.558,moderate,0.567,0.288,0.096,0.048,0.511,0.35,0.091,0.048
55,39126,3734871,0.354,0.226,33,1,16,2,employee,wealth_generation,low,online,4,3,3,4,2,0.65,0.451,0.584,moderate,0.625,0.25,0.083,0.042,0.597,0.239,0.106,0.058
39,39132,3739871,0.139,0.21,21,7,19,3,retired,income,high,friends,4,3,2,3,4,0.64,0.437,0.614,moderate,0.625,0.25,0.083,0.042,0.611,0.272,0.035,0.082
56,39133,3740665,0.243,0.268,39,1,25,6,self-employed,education,low,online,3,2,2,5,1,0.51,0.434,0.497,moderate,0.625,0.25,0.083,0.042,0.682,0.226,0.092,0.0
48,39134,3741288,0.289,0.297,27,6,12,3,employee,retirement,low,books,3,2,4,2,5,0.62,0.4,0.523,moderate,0.605,0.263,0.088,0.044,0.588,0.269,0.09,0.053
45,39148,3742406,0.082,0.247,28,8,15,4,self-employed,retirement,medium,advisor,3,3,3,2,3,0.57,0.421,0.481,moderate,0.625,0.25,0.083,0.042,0.635,0.263,0.065,0.037
44,39152,3742642,0.149,0.444,27,10,10,1,employee,retirement,low,books,4,1,2,4,3,0.54,0.313,0.412,moderate,0.591,0.273,0.091,0.045,0.548,0.248,0.159,0.045
45,39165,3744178,0.042,0.192,28,2,13,5,employee,retirement,low,friends,2,2,2,4,2,0.46,0.462,0.432,moderate,0.612,0.259,0.086,0.043,0.614,0.243,0.101,0.042
26,39171,3745913,0.177,0.287,7,2,9,3,self-employed,retirement,low,online,4,2,3,3,2,0.57,0.384,0.491,moderate,0.583,0.278,0.093,0.046,0.662,0.264,0.059,0.015
39,39180,3746613,0.169,0.185,17,6,16,6,employee,retirement,low,none,3,1,3,3,2,0.47,0.475,0.508,moderate,0.625,0.25,0.083,0.042,0.623,0.219,0.109,0.049
48,39197,3747086,0.09,0.358,27,23,2,3,employee,retirement,low,online,3,3,3,2,3,0.57,0.343,0.475,moderate,0.521,0.319,0.106,0.053,0.521,0.342,0.108,0.028
41,39201,3747341,0.218,0.091,21,5,2,4,employee,wealth_generation,low,online,1,2,3,3,2,0.42,0.486,0.43,moderate,0.521,0.319,0.106,0.053,0.568,0.29,0.093,0.048
30,39207,3749291,0.03,0.138,11,6,15,3,self-employed,retirement,low,advisor,3,4,2,1,4,0.58,0.482,0.544,moderate,0.625,0.25,0.083,0.042,0.647,0.293,0.058,0.001
41,39211,3753596,0.221,0.382,24,6,22,1,student,income,low,advisor,2,2,3,3,4,0.53,0.342,0.504,moderate,0.625,0.25,0.083,0.042,0.597,0.249,0.154,0.0
55,39214,3753621,0.023,0.135,32,1,14,2,employee,education,low,advisor,3,3,1,4,2,0.52,0.498,0.489,moderate,0.619,0.254,0.085,0.042,0.644,0.217,0.139,0.0
51,39214,3758110,0.185,0.305,34,10,16,1,employee,retirement,medium,none,5,3,3,4,3,0.73,0.405,0.614,moderate,0.625,0.25,0.083,0.042,0.606,0.263,0.089,0.041
41,39221,3761098,0.05,0.536,18,4,18,3,employee,retirement,low,books,3,5,2,1,2,0.57,0.274,0.441,moderate,0.625,0.25,0.083,0.042,0.611,0.269,0.092,0.028
49,39256,3764913,0.102,0.267,30,9,9,4,employee,income,medium,books,4,3,5,4,2,0.73,0.41,0.608,moderate,0.583,0.278,0.093,0.046,0.55,0.282,0.104,0.063
39,39265,3772821,0.199,0.137,19,6,4,2,employee,retirement,low,online,2,3,1,3,4,0.5,0.468,0.506,moderate,0.541,0.306,0.102,0.051,0.564,0.27,0.128,0.038
28,39266,3777524,0.109,0.193,12,8,23,3,employee,retirement,low,online,2,1,2,4,4,0.47,0.489,0.519,moderate,0.625,0.25,0.083,0.042,0.652,0.261,0.045,0.042
34,39273,3777935,0.155,0.394,17,1,23,3,employee,retirement,low,books,3,5,1,3,4,0.65,0.367,0.535,moderate,0.625,0.25,0.083,0.042,0.678,0.293,0.029,0.0
54,39286,3780094,0.261,0.205,31,13,10,3,employee,education,low,advisor,4,4,4,4,4,0.8,0.447,0.693,aggressive,0.773,0.136,0.045,0.045,0.832,0.14,0.0,0.029
39,39293,3781181,0.037,0.345,23,3,6,2,self-employed,wealth_generation,medium,advisor,2,3,1,4,4,0.53,0.347,0.469,moderate,0.559,0.294,0.098,0.049,0.571,0.285,0.109,0.035
40,39296,3782588,0.222,0.37,22,9,21,3,employee,retirement,low,online,2,3,1,3,2,0.44,0.378,0.376,moderate,0.625,0.25,0.083,0.042,0.586,0.272,0.06,0.082
39,39296,3788493,0.045,0.259,22,11,15,3,student,wealth_generation,low,online,2,3,5,4,3,0.66,0.392,0.547,moderate,0.625,0.25,0.083,0.042,0.597,0.282,0.086,0.034
57,39314,3789164,0.068,0.373,37,7,1,2,self-employed,retirement,low,online,3,5,4,3,4,0.77,0.321,0.66,aggressive,0.728,0.163,0.054,0.054,0.697,0.156,0.057,0.09
55,39315,3790490,0.066,0.192,36,5,4,4,employee,retirement,low,books,2,3,4,4,2,0.59,0.438,0.526,moderate,0.541,0.306,0.102,0.051,0.523,0.334,0.09,0.052
59,39315,3792533,0.352,0.265,40,18,27,1,employee,retirement,medium,advisor,4,3,3,5,3,0.71,0.456,0.599,moderate,0.625,0.25,0.083,0.042,0.641,0.205,0.061,0.092
40,39339,3796695,0.084,0.329,21,4,2,6,self-employed,retirement,low,advisor,2,2,4,2,4,0.54,0.346,0.453,moderate,0.521,0.319,0.106,0.053,0.538,0.373,0.045,0.045
44,39362,3797757,0.252,0.128,25,15,7,6,employee,education,low,online,2,3,5,2,1,0.54,0.482,0.503,moderate,0.567,0.288,0.096,0.048,0.596,0.294,0.11,0.0
29,39375,3798258,0.34,0.175,10,2,12,4,employee,education,medium,advisor,4,2,2,4,4,0.62,0.47,0.519,moderate,0.605,0.263,0.088,0.044,0.627,0.267,0.062,0.044
53,39380,3798981,0.13,0.315,32,5,6,2,student,education,low,advisor,1,3,4,5,2,0.57,0.342,0.41,moderate,0.559,0.294,0.098,0.049,0.513,0.289,0.159,0.039
32,39389,3799451,0.179,0.317,15,2,7,4,employee,wealth_generation,low,friends,4,2,4,2,3,0.61,0.378,0.494,moderate,0.567,0.288,0.096,0.048,0.565,0.348,0.085,0.002
43,39391,3801995,0.213,0.257,24,0,9,4,employee,retirement,low,none,3,4,4,3,2,0.66,0.416,0.552,moderate,0.583,0.278,0.093,0.046,0.588,0.266,0.098,0.048
33,39407,3803022,0.132,0.379,11,4,7,3,employee,wealth_generation,low,online,5,3,3,4,4,0.76,0.343,0.61,moderate,0.567,0.288,0.096,0.048,0.546,0.275,0.154,0.026
37,39412,3803275,0.079,0.253,15,1,18,2,employee,wealth_generation,low,online,2,3,1,2,2,0.41,0.441,0.411,moderate,0.625,0.25,0.083,0.042,0.633,0.24,0.127,0.0
35,39412,3803739,0.14,0.432,19,19,11,1,unemployed,wealth_generation,low,online,3,3,3,1,3,0.54,0.288,0.443,moderate,0.598,0.268,0.089,0.045,0.56,0.296,0.116,0.028
37,39424,3807192,0.211,0.35,13,10,7,2,unemployed,home_purchase,medium,advisor,2,5,3,3,4,0.68,0.32,0.501,moderate,0.567,0.288,0.096,0.048,0.587,0.315,0.083,0.015
37,39426,3809213,0.214,0.191,15,0,8,4,retired,home_purchase,medium,none,4,2,4,4,3,0.67,0.417,0.518,moderate,0.575,0.283,0.094,0.047,0.537,0.29,0.126,0.047
37,39429,3809725,0.097,0.221,16,3,2,5,employee,retirement,low,online,3,2,3,3,3,0.55,0.417,0.507,moderate,0.521,0.319,0.106,0.053,0.489,0.3,0.156,0.056
48,39441,3809939,0.083,0.322,31,9,2,3,employee,wealth_generation,low,friends,4,2,4,4,3,0.67,0.363,0.567,moderate,0.521,0.319,0.106,0.053,0.527,0.344,0.096,0.033
33,39448,3812694,0.264,0.442,12,5,16,1,employee,retirement,high,online,1,4,2,2,3,0.48,0.326,0.448,moderate,0.625,0.25,0.083,0.042,0.681,0.245,0.074,0.0
43,39451,3814066,0.034,0.133,23,12,4,0,employee,wealth_generation,medium,advisor,4,1,3,5,2,0.58,0.47,0.572,moderate,0.541,0.306,0.102,0.051,0.565,0.276,0.137,0.022
51,39469,3814551,0.202,0.264,27,7,11,3,employee,wealth_generation,low,books,3,2,4,2,1,0.5,0.417,0.506,moderate,0.598,0.268,0.089,0.045,0.628,0.243,0.025,0.103
37,39469,3817127,0.035,0.101,21,9,19,2,employee,home_purchase,low,advisor,4,3,2,3,2,0.58,0.533,0.582,moderate,0.625,0.25,0.083,0.042,0.622,0.245,0.12,0.014
36,39469,3819904,0.23,0.177,16,8,9,2,employee,wealth_generation,low,advisor,4,3,2,2,3,0.58,0.46,0.515,moderate,0.583,0.278,0.093,0.046,0.556,0.284,0.076,0.084
40,39474,3820886,0.256,0.329,22,8,9,2,employee,education,low,online,2,4,4,3,3,0.64,0.375,0.543,moderate,0.583,0.278,0.093,0.046,0.594,0.273,0.09,0.042
51,39493,3823180,0.112,0.075,27,3,20,4,retired,retirement,medium,online,2,3,3,4,2,0.55,0.515,0.526,moderate,0.625,0.25,0.083,0.042,0.649,0.243,0.097,0.011
43,39526,3826613,0.048,0.32,27,5,19,4,employee,wealth_generation,medium,none,1,2,4,3,4,0.52,0.404,0.467,moderate,0.625,0.25,0.083,0.042,0.592,0.257,0.116,0.035
37,39550,3826748,0.149,0.447,16,1,20,6,employee,retirement,high,online,3,5,1,1,4,0.59,0.33,0.498,moderate,0.625,0.25,0.083,0.042,0.621,0.213,0.093,0.073
45,39554,3827372,0.113,0.534,27,8,13,4,employee,retirement,low,friends,2,3,3,3,3,0.55,0.267,0.475,moderate,0.612,0.259,0.086,0.043,0.633,0.262,0.075,0.03
33,39558,3830612,0.137,0.151,17,6,24,1,employee,wealth_generation,low,books,2,2,4,4,3,0.57,0.519,0.572,moderate,0.625,0.25,0.083,0.042,0.669,0.235,0.083,0.014
47,39586,3834718,0.186,0.356,29,10,18,4,retired,home_purchase,low,online,2,4,2,5,3,0.62,0.354,0.513,moderate,0.625,0.25,0.083,0.042,0.645,0.29,0.051,0.014
45,39593,3834999,0.092,0.471,28,3,10,2,employee,home_purchase,low,online,3,4,4,3,1,0.63,0.298,0.5,moderate,0.591,0.273,0.091,0.045,0.611,0.247,0.112,0.03
39,39598,3839090,0.125,0.084,16,6,14,3,employee,wealth_generation,medium,books,3,4,2,4,4,0.67,0.528,0.624,moderate,0.619,0.254,0.085,0.042,0.563,0.304,0.074,0.059
35,39604,3841504,0.214,0.228,17,3,4,1,self-employed,retirement,low,books,3,3,4,3,5,0.7,0.404,0.617,moderate,0.541,0.306,0.102,0.051,0.528,0.295,0.137,0.039
34,39614,3846057,0.182,0.464,12,8,12,1,employee,wealth_generation,medium,online,4,4,4,4,1,0.71,0.305,0.604,moderate,0.605,0.263,0.088,0.044,0.607,0.268,0.094,0.031
46,39614,3851550,0.118,0.144,25,12,7,3,employee,retirement,medium,online,3,2,3,2,4,0.55,0.473,0.523,moderate,0.567,0.288,0.096,0.048,0.62,0.284,0.091,0.005
51,39628,3852762,0.186,0.479,29,10,7,1,employee,wealth_generation,low,none,3,5,5,2,3,0.75,0.288,0.559,moderate,0.567,0.288,0.096,0.048,0.524,0.304,0.125,0.048
36,39661,3856112,0.21,0.269,14,15,4,2,student,retirement,medium,books,3,3,4,2,2,0.58,0.36,0.497,moderate,0.541,0.306,0.102,0.051,0.501,0.295,0.138,0.065
45,39668,3862793,0.171,0.09,29,17,9,2,employee,home_purchase,low,advisor,2,2,2,4,3,0.49,0.51,0.529,moderate,0.583,0.278,0.093,0.046,0.571,0.315,0.085,0.029
25,39670,3863422,0.099,0.241,6,10,11,5,retired,wealth_generation,low,books,2,3,1,5,3,0.53,0.4,0.494,moderate,0.598,0.268,0.089,0.045,0.563,0.245,0.131,0.061
37,39684,3864837,0.0,0.196,18,4,13,2,employee,retirement,high,online,4,4,3,1,2,0.61,0.461,0.535,moderate,0.612,0.259,0.086,0.043,0.588,0.268,0.057,0.087
41,39693,3870851,0.22,0.178,21,3,8,3,employee,home_purchase,low,books,3,3,4,3,5,0.7,0.457,0.603,moderate,0.575,0.283,0.094,0.047,0.581,0.347,0.072,0.0
34,39717,3875037,0.226,0.274,14,6,17,5,employee,wealth_generation,low,friends,2,4,2,4,2,0.56,0.426,0.507,moderate,0.625,0.25,0.083,0.042,0.621,0.186,0.153,0.04
34,39728,3883083,0.194,0.253,11,21,12,2,employee,education,low,none,1,2,3,5,4,0.54,0.426,0.475,moderate,0.605,0.263,0.088,0.044,0.654,0.283,0.045,0.018
36,39729,3890670,0.05,0.253,17,5,14,5,employee,education,medium,books,3,3,2,2,2,0.5,0.431,0.453,moderate,0.619,0.254,0.085,0.042,0.612,0.247,0.094,0.048
44,39770,3891915,0.17,0.082,28,3,7,5,self-employed,income,high,books,2,2,2,3,2,0.43,0.49,0.418,moderate,0.567,0.288,0.096,0.048,0.548,0.236,0.101,0.114
40,39774,3895131,0.225,0.383,20,15,18,8,employee,retirement,medium,advisor,4,4,4,3,1,0.68,0.365,0.549,moderate,0.625,0.25,0.083,0.042,0.647,0.259,0.075,0.019
24,39784,3895908,0.131,0.252,8,5,14,3,employee,home_purchase,low,friends,5,3,4,4,2,0.74,0.432,0.651,aggressive,0.788,0.127,0.042,0.042,0.795,0.135,0.039,0.032
25,39797,3897415,0.089,0.393,7,9,19,3,self-employed,retirement,medium,books,2,3,1,3,1,0.41,0.349,0.416,moderate,0.625,0.25,0.083,0.042,0.572,0.284,0.087,0.057
37,39797,3900199,0.17,0.395,14,11,5,4,employee,income,low,advisor,3,4,3,2,2,0.59,0.331,0.486,moderate,0.55,0.3,0.1,0.05,0.519,0.319,0.1,0.062
45,39801,3906340,0.227,0.192,25,12,9,1,retired,wealth_generation,low,online,4,3,3,3,2,0.62,0.42,0.594,moderate,0.583,0.278,0.093,0.046,0.589,0.282,0.111,0.019
20,39801,3907203,0.036,0.006,0,11,4,0,retired,wealth_generation,low,online,3,3,4,3,3,0.64,0.5,0.582,moderate,0.541,0.306,0.102,0.051,0.547,0.271,0.114,0.068
38,39821,3911908,0.172,0.456,22,12,6,2,retired,income,low,advisor,3,5,2,3,2,0.63,0.277,0.479,moderate,0.559,0.294,0.098,0.049,0.558,0.269,0.101,0.072
37,39836,3919306,0.182,0.362,16,9,9,4,employee,retirement,high,none,4,4,3,4,3,0.73,0.358,0.522,moderate,0.583,0.278,0.093,0.046,0.563,0.279,0.133,0.024
53,39845,3920448,0.173,0.094,30,5,21,1,retired,wealth_generation,high,advisor,4,2,3,5,4,0.69,0.508,0.623,moderate,0.625,0.25,0.083,0.042,0.601,0.268,0.077,0.054
38,39869,3921264,0.183,0.336,17,9,12,4,self-employed,income,low,online,4,4,5,4,2,0.78,0.366,0.587,moderate,0.605,0.263,0.088,0.044,0.544,0.265,0.105,0.086
45,39874,3922663,0.179,0.025,26,12,8,2,employee,income,low,online,4,3,3,3,2,0.62,0.543,0.633,moderate,0.575,0.283,0.094,0.047,0.59,0.281,0.092,0.037
43,39907,3923362,0.069,0.033,20,5,16,4,student,retirement,high,friends,3,4,4,3,3,0.69,0.516,0.583,moderate,0.625,0.25,0.083,0.042,0.638,0.209,0.072,0.081
24,39961,3923687,0.098,0.268,1,4,2,3,employee,retirement,medium,advisor,1,3,4,1,3,0.48,0.393,0.484,moderate,0.521,0.319,0.106,0.053,0.474,0.344,0.1,0.082
48,39997,3924213,0.177,0.087,27,5,9,1,employee,wealth_generation,low,advisor,3,2,4,4,5,0.68,0.512,0.619,moderate,0.583,0.278,0.093,0.046,0.548,0.23,0.13,0.092
43,39997,3924538,0.016,0.524,20,7,13,2,unemployed,education,low,advisor,3,4,2,3,4,0.64,0.245,0.447,moderate,0.612,0.259,0.086,0.043,0.714,0.217,0.069,0.0
46,40009,3927956,0.18,0.441,25,1,13,2,employee,education,medium,books,2,3,4,3,2,0.56,0.321,0.414,moderate,0.612,0.259,0.086,0.043,0.638,0.251,0.104,0.006
73,40017,3929279,0.186,0.315,50,11,13,1,employee,wealth_generation,low,online,2,3,4,3,1,0.53,0.394,0.487,moderate,0.612,0.259,0.086,0.043,0.572,0.304,0.124,0.0
25,40023,3929696,0.099,0.065,4,2,6,3,employee,wealth_generation,high,online,4,4,2,2,4,0.66,0.515,0.574,moderate,0.559,0.294,0.098,0.049,0.547,0.284,0.081,0.088
55,40062,3931634,0.172,0.195,31,2,8,6,employee,retirement,low,friends,3,4,2,4,2,0.61,0.449,0.486,moderate,0.575,0.283,0.094,0.047,0.594,0.235,0.119,0.052
39,40086,3933335,0.16,0.213,16,3,22,4,retired,wealth_generation,high,online,3,3,1,3,2,0.49,0.445,0.531,moderate,0.625,0.25,0.083,0.042,0.651,0.28,0.026,0.043
44,40092,3936109,0.104,0.252,22,8,26,5,self-employed,wealth_generation,low,online,4,3,3,5,1,0.65,0.447,0.595,moderate,0.625,0.25,0.083,0.042,0.66,0.24,0.072,0.029
41,40096,3939517,0.146,0.128,21,4,8,7,retired,wealth_generation,high,online,5,5,3,4,3,0.83,0.451,0.644,moderate,0.575,0.283,0.094,0.047,0.619,0.257,0.091,0.033
38,40101,3944941,0.258,0.287,16,5,14,3,employee,retirement,low,online,1,3,2,2,3,0.43,0.412,0.368,moderate,0.619,0.254,0.085,0.042,0.659,0.257,0.084,0.0
37,40101,3945323,0.139,0.236,21,15,7,2,student,wealth_generation,high,books,3,4,2,3,4,0.64,0.385,0.573,moderate,0.567,0.288,0.096,0.048,0.53,0.312,0.091,0.067
44,40113,3946663,0.179,0.496,21,12,9,6,student,income,low,advisor,3,2,4,4,3,0.62,0.257,0.434,moderate,0.583,0.278,0.093,0.046,0.563,0.291,0.054,0.092
29,40122,3947867,0.029,0.482,9,12,17,4,employee,education,low,books,4,2,2,5,1,0.56,0.304,0.461,moderate,0.625,0.25,0.083,0.042,0.643,0.267,0.029,0.061
48,40138,3951806,0.05,0.283,26,8,11,7,employee,wealth_generation,high,online,2,2,3,4,4,0.56,0.407,0.512,moderate,0.598,0.268,0.089,0.045,0.548,0.26,0.139,0.054
38,40141,3952818,0.052,0.312,16,12,19,4,retired,retirement,medium,books,3,2,2,3,5,0.57,0.381,0.479,moderate,0.625,0.25,0.083,0.042,0.661,0.275,0.064,0.0
32,40142,3957443,0.213,0.112,9,11,14,5,employee,education,medium,books,2,3,3,3,4,0.58,0.513,0.524,moderate,0.619,0.254,0.085,0.042,0.616,0.249,0.12,0.015
38,40160,3958959,0.123,0.154,16,16,14,6,retired,wealth_generation,low,online,4,4,4,2,2,0.68,0.455,0.533,moderate,0.619,0.254,0.085,0.042,0.63,0.299,0.071,0.0
52,40161,3961156,0.096,0.447,31,1,2,5,self-employed,wealth_generation,low,online,2,3,3,4,3,0.58,0.286,0.476,moderate,0.521,0.319,0.106,0.053,0.549,0.314,0.066,0.072
37,40189,3961568,0.205,0.335,16,0,16,3,self-employed,home_purchase,low,advisor,2,4,2,4,2,0.56,0.376,0.558,moderate,0.625,0.25,0.083,0.042,0.608,0.228,0.131,0.032
44,40201,3963112,0.081,0.138,24,3,27,3,employee,wealth_generation,high,books,2,2,2,2,3,0.43,0.536,0.438,moderate,0.625,0.25,0.083,0.042,0.664,0.21,0.05,0.076
36,40202,3963143,0.101,0.284,16,15,11,5,employee,wealth_generation,low,none,2,3,3,4,2,0.55,0.406,0.463,moderate,0.598,0.268,0.089,0.045,0.6,0.247,0.102,0.051
48,40204,3964944,0.14,0.481,29,8,5,5,employee,retirement,medium,books,4,2,1,3,2,0.49,0.284,0.431,moderate,0.55,0.3,0.1,0.05,0.488,0.232,0.153,0.127
47,40204,3965778,0.12,0.203,25,6,26,3,employee,wealth_generation,medium,online,4,3,3,3,3,0.65,0.493,0.514,moderate,0.625,0.25,0.083,0.042,0.589,0.239,0.104,0.068
56,40223,3967186,0.17,0.137,38,7,8,3,self-employed,retirement,low,advisor,5,2,3,2,3,0.62,0.464,0.534,moderate,0.575,0.283,0.094,0.047,0.579,0.315,0.092,0.013
40,40249,3970292,0.121,0.489,20,12,10,4,employee,retirement,medium,books,2,3,3,4,3,0.58,0.288,0.47,moderate,0.591,0.273,0.091,0.045,0.589,0.285,0.105,0.021
47,40251,3972338,0.132,0.245,29,15,3,0,employee,retirement,medium,online,3,5,3,3,3,0.7,0.408,0.558,moderate,0.531,0.312,0.104,0.052,0.506,0.326,0.118,0.05
42,40259,3974846,0.239,0.229,19,10,4,2,employee,wealth_generation,medium,books,3,3,3,4,3,0.63,0.419,0.561,moderate,0.541,0.306,0.102,0.051,0.51,0.324,0.13,0.036
52,40267,3975679,0.247,0.172,32,10,6,2,unemployed,wealth_generation,medium,advisor,4,1,5,4,3,0.66,0.406,0.571,moderate,0.559,0.294,0.098,0.049,0.579,0.3,0.066,0.056
36,40270,3976810,0.227,0.44,15,4,12,5,retired,wealth_generation,low,online,3,4,2,3,3,0.61,0.298,0.489,moderate,0.605,0.263,0.088,0.044,0.626,0.286,0.061,0.027
47,40273,3977497,0.24,0.407,31,6,12,2,employee,education,low,advisor,1,3,2,4,4,0.52,0.339,0.425,moderate,0.605,0.263,0.088,0.044,0.571,0.246,0.069,0.114
40,40282,3979572,0.167,0.224,21,13,13,3,retired,education,medium,online,5,3,3,1,4,0.67,0.415,0.556,moderate,0.612,0.259,0.086,0.043,0.645,0.234,0.089,0.031
41,40285,3983009,0.182,0.036,17,11,13,5,student,education,medium,books,1,2,3,2,2,0.39,0.506,0.439,moderate,0.612,0.259,0.086,0.043,0.673,0.259,0.068,0.0
42,40320,3984598,0.164,0.24,22,9,11,2,employee,wealth_generation,low,online,3,4,4,3,4,0.72,0.432,0.611,moderate,0.598,0.268,0.089,0.045,0.589,0.268,0.072,0.071
44,40340,3984910,0.215,0.134,28,1,18,1,retired,wealth_generation,high,online,3,2,2,4,2,0.51,0.478,0.54,moderate,0.625,0.25,0.083,0.042,0.62,0.25,0.09,0.04
41,40348,3985505,0.163,0.115,22,1,23,6,self-employed,income,medium,online,3,3,2,2,4,0.56,0.521,0.566,moderate,0.625,0.25,0.083,0.042,0.658,0.219,0.123,0.001
43,40357,3985609,0.063,0.221,22,2,7,4,self-employed,education,medium,advisor,2,3,3,4,5,0.64,0.417,0.539,moderate,0.567,0.288,0.096,0.048,0.576,0.289,0.077,0.058
54,40360,3987675,0.222,0.089,32,8,4,2,self-employed,education,low,none,4,3,3,2,3,0.62,0.477,0.58,moderate,0.541,0.306,0.102,0.051,0.533,0.336,0.081,0.051
49,40374,3990814,0.209,0.512,27,7,10,5,employee,retirement,low,online,1,3,3,3,3,0.5,0.276,0.429,moderate,0.591,0.273,0.091,0.045,0.576,0.247,0.089,0.088
48,40379,3992290,0.225,0.052,25,15,2,5,employee,wealth_generation,low,books,4,2,4,3,4,0.67,0.51,0.586,moderate,0.521,0.319,0.106,0.053,0.559,0.328,0.107,0.006
38,40382,3994805,0.087,0.224,18,9,20,5,employee,wealth_generation,low,none,4,2,4,2,4,0.64,0.465,0.587,moderate,0.625,0.25,0.083,0.042,0.608,0.23,0.089,0.072
34,40390,3998825,0.107,0.125,13,4,7,2,student,wealth_generation,medium,online,2,3,3,4,3,0.58,0.441,0.517,moderate,0.567,0.288,0.096,0.048,0.559,0.293,0.097,0.052
49,40391,3999869,0.112,0.33,32,2,12,3,employee,wealth_generation,low,online,4,3,3,1,4,0.62,0.383,0.534,moderate,0.605,0.263,0.088,0.044,0.595,0.27,0.065,0.069
49,40392,4001644,0.155,0.076,32,12,4,4,employee,wealth_generation,medium,advisor,3,3,5,1,3,0.62,0.503,0.604,moderate,0.541,0.306,0.102,0.051,0.55,0.28,0.117,0.053
53,40412,4002823,0.071,0.276,35,6,12,3,employee,wealth_generation,medium,advisor,1,3,2,1,4,0.43,0.414,0.454,moderate,0.605,0.263,0.088,0.044,0.612,0.258,0.11,0.019
37,40425,4003595,0.131,0.368,18,9,2,1,student,home_purchase,low,online,2,4,2,3,1,0.5,0.308,0.397,moderate,0.521,0.319,0.106,0.053,0.498,0.34,0.132,0.03
40,40428,4004378,0.085,0.5,19,7,17,1,employee,wealth_generation,low,friends,3,2,3,3,1,0.49,0.294,0.378,moderate,0.625,0.25,0.083,0.042,0.647,0.236,0.071,0.046
28,40435,4006705,0.105,0.334,7,2,24,4,self-employed,home_purchase,low,none,4,2,5,3,3,0.68,0.394,0.619,moderate,0.625,0.25,0.083,0.042,0.588,0.257,0.145,0.01
38,40486,4006836,0.196,0.09,20,1,8,3,employee,wealth_generation,medium,none,2,1,4,4,2,0.49,0.508,0.551,moderate,0.575,0.283,0.094,0.047,0.571,0.276,0.154,0.0
49,40498,4010382,0.236,0.083,33,5,7,0,employee,wealth_generation,low,online,3,4,3,3,3,0.65,0.509,0.616,moderate,0.567,0.288,0.096,0.048,0.544,0.294,0.125,0.037
38,40502,4010505,0.02,0.349,20,5,10,5,employee,wealth_generation,high,books,2,3,5,2,4,0.63,0.368,0.516,moderate,0.591,0.273,0.091,0.045,0.659,0.26,0.081,0.0
47,40529,4011803,0.166,0.15,28,9,14,3,student,education,low,online,3,2,4,4,4,0.65,0.449,0.561,moderate,0.619,0.254,0.085,0.042,0.621,0.219,0.076,0.083
40,40553,4015976,0.029,0.24,16,8,6,2,employee,wealth_generation,low,books,5,5,3,3,2,0.77,0.419,0.6,moderate,0.559,0.294,0.098,0.049,0.512,0.318,0.125,0.044
44,40557,4017258,0.053,0.551,21,17,18,4,employee,home_purchase,low,online,5,3,2,2,2,0.6,0.266,0.473,moderate,0.625,0.25,0.083,0.042,0.651,0.242,0.084,0.023
32,40575,4019180,0.195,0.392,13,12,6,3,retired,income,low,advisor,5,4,2,2,3,0.68,0.311,0.529,moderate,0.559,0.294,0.098,0.049,0.572,0.281,0.121,0.026
42,40576,4021044,0.202,0.408,20,6,1,4,employee,retirement,low,online,2,3,5,4,1,0.6,0.316,0.484,moderate,0.511,0.326,0.109,0.054,0.502,0.321,0.112,0.066
18,40582,4021377,0.223,0.417,0,7,12,0,employee,retirement,low,online,2,3,4,2,3,0.56,0.333,0.435,moderate,0.605,0.263,0.088,0.044,0.57,0.268,0.104,0.058
40,40589,4023601,0.148,0.303,23,9,4,0,employee,wealth_generation,low,none,3,5,4,3,2,0.71,0.38,0.607,moderate,0.541,0.306,0.102,0.051,0.574,0.32,0.058,0.048
28,40591,4023786,0.238,0.354,10,2,15,3,retired,retirement,low,online,2,1,3,4,4,0.51,0.35,0.459,moderate,0.625,0.25,0.083,0.042,0.603,0.211,0.095,0.091
51,40613,4023872,0.08,0.208,35,28,5,7,self-employed,home_purchase,low,books,2,4,5,2,4,0.68,0.418,0.589,moderate,0.55,0.3,0.1,0.05,0.525,0.296,0.108,0.07
48,40626,4030805,0.102,0.696,25,7,18,2,unemployed,home_purchase,low,books,3,2,4,2,2,0.53,0.162,0.329,conservative,0.417,0.417,0.125,0.042,0.387,0.412,0.154,0.047
45,40645,4033494,0.071,0.177,28,14,11,4,self-employed,education,low,friends,3,3,1,3,2,0.49,0.451,0.429,moderate,0.598,0.268,0.089,0.045,0.694,0.251,0.025,0.03
54,40651,4035059,0.218,0.292,32,17,13,2,employee,income,low,online,2,4,3,4,3,0.63,0.407,0.508,moderate,0.612,0.259,0.086,0.043,0.615,0.266,0.093,0.026
34,40660,4037503,0.097,0.178,12,8,6,2,employee,home_purchase,low,books,3,4,3,3,4,0.68,0.453,0.612,moderate,0.559,0.294,0.098,0.049,0.56,0.288,0.1,0.053
55,40660,4038425,0.077,0.097,37,2,5,1,student,income,high,online,4,2,5,3,3,0.68,0.45,0.573,moderate,0.55,0.3,0.1,0.05,0.507,0.274,0.15,0.069
49,40697,4040412,0.178,0.283,32,7,14,5,retired,education,low,online,1,3,3,2,2,0.44,0.386,0.387,moderate,0.619,0.254,0.085,0.042,0.617,0.26,0.076,0.048
40,40705,4047036,0.05,0.206,22,8,7,2,retired,wealth_generation,medium,online,2,3,3,3,3,0.55,0.409,0.513,moderate,0.567,0.288,0.096,0.048,0.571,0.269,0.107,0.054
51,40706,4049806,0.034,0.289,28,11,9,2,student,retirement,low,friends,4,4,3,3,3,0.7,0.364,0.556,moderate,0.583,0.278,0.093,0.046,0.59,0.315,0.077,0.018
33,40713,4051375,0.061,0.28,9,1,11,4,student,retirement,low,online,3,2,3,4,4,0.61,0.373,0.527,moderate,0.598,0.268,0.089,0.045,0.584,0.225,0.099,0.092
35,40724,4056947,0.0,0.274,12,6,6,2,self-employed,education,medium,online,4,3,3,3,2,0.62,0.386,0.496,moderate,0.559,0.294,0.098,0.049,0.576,0.272,0.077,0.075
37,40727,4067927,0.193,0.104,20,14,17,2,self-employed,retirement,low,online,4,1,5,5,3,0.69,0.51,0.617,moderate,0.625,0.25,0.083,0.042,0.651,0.207,0.106,0.036
37,40736,4069333,0.165,0.238,13,20,23,1,employee,retirement,low,books,3,4,2,4,4,0.67,0.465,0.628,moderate,0.625,0.25,0.083,0.042,0.581,0.236,0.086,0.097
33,40747,4069642,0.092,0.388,12,3,10,7,employee,wealth_generation,low,online,1,2,4,3,3,0.49,0.346,0.47,moderate,0.591,0.273,0.091,0.045,0.656,0.235,0.109,0.0
51,40761,4071568,0.098,0.191,34,13,22,2,employee,retirement,low,online,3,2,3,2,4,0.55,0.49,0.502,moderate,0.625,0.25,0.083,0.042,0.634,0.271,0.059,0.036
39,40768,4071602,0.222,0.239,15,2,20,8,self-employed,income,medium,none,3,3,4,5,2,0.67,0.441,0.57,moderate,0.625,0.25,0.083,0.042,0.648,0.243,0.066,0.043
44,40770,4073372,0.153,0.257,24,12,5,2,employee,home_purchase,medium,online,1,3,1,3,4,0.45,0.408,0.457,moderate,0.55,0.3,0.1,0.05,0.621,0.267,0.078,0.034
37,40772,4075836,0.194,0.418,16,4,5,0,employee,wealth_generation,medium,advisor,5,1,2,3,4,0.59,0.319,0.484,moderate,0.55,0.3,0.1,0.05,0.568,0.319,0.069,0.044
27,40788,4077766,0.144,0.317,11,16,11,6,employee,income,low,none,4,4,4,3,4,0.77,0.389,0.628,moderate,0.598,0.268,0.089,0.045,0.591,0.277,0.088,0.043
44,40803,4082560,0.099,0.09,27,9,12,4,employee,wealth_generation,medium,books,3,3,3,3,1,0.54,0.521,0.574,moderate,0.605,0.263,0.088,0.044,0.656,0.256,0.04,0.048
26,40825,4085687,0.302,0.42,10,5,9,2,employee,home_purchase,medium,online,4,2,2,1,2,0.47,0.326,0.419,moderate,0.583,0.278,0.093,0.046,0.605,0.28,0.056,0.059
41,40847,4086942,0.166,0.399,22,4,8,3,unemployed,home_purchase,medium,books,2,3,2,3,2,0.48,0.3,0.39,moderate,0.575,0.283,0.094,0.047,0.554,0.287,0.081,0.078
31,40855,4091666,0.07,0.359,14,3,10,2,retired,retirement,low,online,1,3,3,3,4,0.53,0.337,0.491,moderate,0.591,0.273,0.091,0.045,0.591,0.258,0.101,0.05
57,40873,4092584,0.135,0.247,41,9,15,4,employee,education,medium,online,3,3,4,3,2,0.61,0.439,0.517,moderate,0.625,0.25,0.083,0.042,0.597,0.251,0.086,0.066
49,40912,4094759,0.119,0.36,31,13,3,4,employee,education,medium,online,4,2,4,3,5,0.7,0.347,0.558,moderate,0.531,0.312,0.104,0.052,0.5,0.34,0.067,0.094
42,40923,4095064,0.093,0.251,23,10,15,1,self-employed,retirement,low,books,3,4,1,4,4,0.63,0.421,0.529,moderate,0.625,0.25,0.083,0.042,0.731,0.228,0.013,0.029
52,40935,4098061,0.271,0.351,33,12,22,6,self-employed,wealth_generation,medium,online,2,4,2,3,2,0.53,0.381,0.434,moderate,0.625,0.25,0.083,0.042,0.644,0.277,0.056,0.023
35,40937,4098363,0.246,0.431,17,11,17,3,employee,retirement,medium,online,4,4,3,2,2,0.64,0.336,0.515,moderate,0.625,0.25,0.083,0.042,0.671,0.206,0.061,0.062
46,40949,4102594,0.089,0.439,29,18,6,2,retired,wealth_generation,low,books,3,3,3,2,5,0.63,0.287,0.495,moderate,0.559,0.294,0.098,0.049,0.558,0.317,0.093,0.033
43,40950,4102836,0.124,0.243,20,10,3,2,self-employed,wealth_generation,low,books,2,2,4,3,4,0.57,0.395,0.493,moderate,0.531,0.312,0.104,0.052,0.5,0.295,0.172,0.033
44,40956,4105113,0.209,0.416,27,3,11,5,employee,income,medium,none,2,4,4,2,2,0.58,0.332,0.511,moderate,0.598,0.268,0.089,0.045,0.527,0.245,0.148,0.079
52,40957,4105788,0.092,0.091,32,11,24,3,self-employed,education,low,online,2,2,5,3,5,0.64,0.539,0.577,moderate,0.625,0.25,0.083,0.042,0.559,0.26,0.104,0.077
47,40963,4114012,0.171,0.091,25,4,18,3,employee,wealth_generation,low,books,4,4,4,4,5,0.83,0.539,0.724,aggressive,0.792,0.125,0.042,0.042,0.782,0.129,0.032,0.057
44,40965,4115697,0.194,0.276,20,21,12,6,employee,retirement,medium,none,4,4,4,3,4,0.77,0.414,0.591,moderate,0.605,0.263,0.088,0.044,0.619,0.264,0.047,0.069
28,40990,4120711,0.184,0.315,10,5,5,4,student,education,low,online,4,2,2,2,4,0.56,0.342,0.545,moderate,0.55,0.3,0.1,0.05,0.565,0.302,0.094,0.039
34,40999,4121357,0.196,0.12,18,4,15,4,employee,wealth_generation,low,online,3,2,2,2,2,0.45,0.513,0.455,moderate,0.625,0.25,0.083,0.042,0.694,0.282,0.024,0.0
41,41000,4126039,0.196,0.249,17,3,18,2,employee,income,medium,online,2,4,3,4,1,0.57,0.445,0.472,moderate,0.625,0.25,0.083,0.042,0.615,0.191,0.127,0.068
42,41060,4127873,0.296,0.086,26,9,23,4,self-employed,retirement,low,online,4,3,4,5,3,0.75,0.539,0.659,aggressive,0.792,0.125,0.042,0.042,0.776,0.106,0.065,0.053
32,41075,4128486,0.123,0.296,9,2,13,3,employee,retirement,low,online,5,1,3,1,3,0.54,0.405,0.493,moderate,0.612,0.259,0.086,0.043,0.568,0.3,0.074,0.058
61,41105,4128775,0.245,0.413,44,16,12,6,employee,wealth_generation,medium,books,3,2,5,3,1,0.57,0.336,0.503,moderate,0.605,0.263,0.088,0.044,0.592,0.218,0.098,0.092
54,41105,4129157,0.02,0.351,32,4,13,1,employee,income,low,none,4,4,3,4,2,0.7,0.374,0.602,moderate,0.612,0.259,0.086,0.043,0.597,0.275,0.128,0.0
46,41143,4130595,0.11,0.215,28,4,23,2,self-employed,retirement,low,online,3,3,4,3,3,0.64,0.463,0.588,moderate,0.625,0.25,0.083,0.042,0.635,0.267,0.074,0.024
42,41145,4131767,0.036,0.628,21,1,14,1,employee,retirement,low,books,3,1,3,1,2,0.41,0.216,0.358,moderate,0.619,0.254,0.085,0.042,0.646,0.285,0.064,0.005
40,41153,4132960,0.183,0.32,19,3,7,3,self-employed,income,low,books,2,4,2,4,1,0.53,0.365,0.497,moderate,0.567,0.288,0.096,0.048,0.536,0.329,0.072,0.063
34,41192,4134852,0.059,0.39,15,6,14,1,employee,retirement,low,online,3,3,3,5,1,0.6,0.354,0.509,moderate,0.619,0.254,0.085,0.042,0.674,0.229,0.069,0.028
42,41210,4137073,0.233,0.322,19,5,20,5,retired,wealth_generation,medium,online,2,5,2,3,2,0.58,0.379,0.477,moderate,0.625,0.25,0.083,0.042,0.621,0.252,0.046,0.082
44,41226,4137723,0.182,0.599,24,4,13,6,employee,retirement,low,books,2,2,5,2,3,0.55,0.231,0.425,moderate,0.612,0.259,0.086,0.043,0.637,0.253,0.093,0.017
32,41228,4138811,0.024,0.393,10,1,11,4,employee,retirement,low,none,3,4,4,3,1,0.63,0.346,0.495,moderate,0.598,0.268,0.089,0.045,0.559,0.269,0.078,0.094
44,41249,4140622,0.197,0.266,24,4,16,1,student,retirement,low,online,2,2,4,2,5,0.57,0.394,0.531,moderate,0.625,0.25,0.083,0.042,0.648,0.209,0.081,0.062
40,41251,4143396,0.239,0.211,21,11,14,2,employee,education,medium,none,3,4,5,2,1,0.64,0.457,0.603,moderate,0.619,0.254,0.085,0.042,0.572,0.241,0.112,0.076
26,41260,4143619,0.186,0.328,5,6,3,7,unemployed,education,low,advisor,3,4,2,3,4,0.64,0.324,0.552,moderate,0.531,0.312,0.104,0.052,0.501,0.351,0.12,0.028
35,41262,4143813,0.026,0.292,17,4,16,1,self-employed,retirement,low,books,4,2,3,2,2,0.54,0.401,0.45,moderate,0.625,0.25,0.083,0.042,0.631,0.22,0.085,0.064
38,41281,4146255,0.237,0.307,17,4,10,3,retired,retirement,low,none,4,1,3,3,4,0.58,0.365,0.526,moderate,0.591,0.273,0.091,0.045,0.586,0.304,0.1,0.011
57,41300,4149855,0.202,0.202,36,7,23,2,employee,income,low,friends,2,4,3,4,3,0.63,0.487,0.556,moderate,0.625,0.25,0.083,0.042,0.66,0.228,0.085,0.027
46,41309,4150608,0.129,0.233,25,4,26,9,student,wealth_generation,low,books,2,4,3,3,2,0.57,0.437,0.528,moderate,0.625,0.25,0.083,0.042,0.655,0.237,0.062,0.046
31,41329,4157551,0.119,0.28,13,8,10,2,employee,education,low,online,4,2,2,4,3,0.59,0.408,0.542,moderate,0.591,0.273,0.091,0.045,0.606,0.261,0.094,0.039
45,41336,4159651,0.149,0.404,22,19,25,1,employee,retirement,high,books,1,2,3,3,3,0.45,0.368,0.374,moderate,0.625,0.25,0.083,0.042,0.631,0.243,0.103,0.024
29,41349,4160984,0.241,0.363,10,1,8,4,self-employed,retirement,low,advisor,3,3,3,1,3,0.54,0.344,0.487,moderate,0.575,0.283,0.094,0.047,0.572,0.301,0.099,0.028
50,41352,4164015,0.102,0.101,33,2,15,2,retired,wealth_generation,low,friends,2,3,4,2,3,0.56,0.488,0.485,moderate,0.625,0.25,0.083,0.042,0.654,0.255,0.072,0.018
38,41353,4167177,0.059,0.163,16,3,3,4,employee,wealth_generation,low,online,3,3,2,2,3,0.53,0.454,0.494,moderate,0.531,0.312,0.104,0.052,0.523,0.294,0.101,0.082
41,41386,4168490,0.24,0.032,18,6,5,1,employee,wealth_generation,low,friends,2,1,2,2,4,0.41,0.532,0.488,moderate,0.55,0.3,0.1,0.05,0.541,0.291,0.114,0.054
52,41388,4180662,0.023,0.011,33,1,19,3,self-employed,education,low,online,2,4,5,2,2,0.62,0.571,0.64,moderate,0.625,0.25,0.083,0.042,0.648,0.25,0.062,0.04
31,41390,4183282,0.259,0.154,10,6,21,3,employee,wealth_generation,low,online,4,4,3,3,3,0.7,0.511,0.649,moderate,0.625,0.25,0.083,0.042,0.632,0.27,0.054,0.044
30,41398,4184184,0.114,0.381,7,14,12,3,self-employed,wealth_generation,low,online,2,4,3,2,3,0.57,0.342,0.462,moderate,0.605,0.263,0.088,0.044,0.556,0.276,0.099,0.069
37,41431,4190145,0.155,0.45,17,0,9,5,employee,retirement,low,online,3,5,3,4,3,0.73,0.309,0.544,moderate,0.583,0.278,0.093,0.046,0.542,0.253,0.102,0.103
50,41436,4194327,0.07,0.22,26,5,10,7,self-employed,wealth_generation,low,online,3,3,3,5,3,0.66,0.426,0.562,moderate,0.591,0.273,0.091,0.045,0.607,0.232,0.093,0.069
29,41437,4197097,0.255,0.282,8,10,20,4,employee,retirement,medium,books,1,5,2,3,2,0.53,0.431,0.492,moderate,0.625,0.25,0.083,0.042,0.642,0.234,0.077,0.048
19,41459,4197692,0.206,0.337,0,2,6,5,employee,wealth_generation,low,online,2,2,1,2,4,0.42,0.366,0.425,moderate,0.559,0.294,0.098,0.049,0.54,0.3,0.121,0.04
38,41481,4198554,0.266,0.505,21,1,8,3,retired,retirement,low,friends,1,4,5,3,2,0.6,0.258,0.461,moderate,0.575,0.283,0.094,0.047,0.622,0.295,0.052,0.03
46,41487,4198741,0.19,0.458,24,8,17,1,student,wealth_generation,low,books,3,4,4,3,4,0.72,0.293,0.535,moderate,0.625,0.25,0.083,0.042,0.623,0.269,0.06,0.047
51,41511,4200210,0.085,0.06,27,0,23,4,student,wealth_generation,medium,advisor,4,4,3,2,4,0.7,0.527,0.62,moderate,0.625,0.25,0.083,0.042,0.569,0.241,0.116,0.074
38,41519,4201855,0.115,0.164,18,11,4,1,self-employed,wealth_generation,medium,none,2,5,2,4,2,0.61,0.44,0.576,moderate,0.541,0.306,0.102,0.051,0.582,0.299,0.092,0.028
38,41528,4203235,0.15,0.053,18,1,18,2,employee,education,medium,advisor,3,2,2,2,3,0.48,0.562,0.515,moderate,0.625,0.25,0.083,0.042,0.642,0.278,0.047,0.032
51,41533,4204180,0.174,0.302,31,7,14,4,employee,income,low,friends,3,4,2,4,2,0.61,0.405,0.574,moderate,0.619,0.254,0.085,0.042,0.652,0.286,0.061,0.001
27,41553,4204959,0.267,0.339,11,10,7,4,student,wealth_generation,medium,online,4,4,4,3,4,0.77,0.335,0.624,moderate,0.567,0.288,0.096,0.048,0.598,0.257,0.11,0.035
38,41554,4207957,0.13,0.189,18,3,16,2,employee,retirement,medium,friends,1,3,3,4,3,0.53,0.476,0.493,moderate,0.625,0.25,0.083,0.042,0.66,0.204,0.13,0.007
43,41556,4213018,0.195,0.413,20,2,16,5,self-employed,wealth_generation,medium,books,2,2,3,3,4,0.53,0.333,0.438,moderate,0.625,0.25,0.083,0.042,0.612,0.214,0.11,0.063
45,41597,4214285,0.292,0.242,27,3,5,6,retired,retirement,medium,online,4,3,3,4,3,0.68,0.386,0.559,moderate,0.55,0.3,0.1,0.05,0.542,0.324,0.091,0.043
37,41605,4214664,0.076,0.694,13,12,11,3,student,retirement,low,books,3,2,4,3,4,0.62,0.159,0.432,moderate,0.598,0.268,0.089,0.045,0.639,0.228,0.074,0.06
42,41610,4217324,0.239,0.001,18,9,16,4,employee,wealth_generation,low,advisor,2,3,4,3,2,0.56,0.587,0.605,moderate,0.625,0.25,0.083,0.042,0.635,0.249,0.061,0.054
22,41630,4218540,0.138,0.096,1,3,6,2,employee,wealth_generation,medium,advisor,4,2,4,2,4,0.64,0.5,0.568,moderate,0.559,0.294,0.098,0.049,0.542,0.356,0.102,0.0
36,41643,4219182,0.202,0.186,17,10,11,7,self-employed,wealth_generation,low,online,3,3,3,3,3,0.6,0.448,0.542,moderate,0.598,0.268,0.089,0.045,0.662,0.273,0.054,0.01
45,41655,4219542,0.111,0.031,26,9,4,2,self-employed,wealth_generation,medium,online,4,3,4,2,4,0.69,0.51,0.628,moderate,0.541,0.306,0.102,0.051,0.543,0.285,0.112,0.06
34,41655,4219732,0.12,0.372,18,22,8,6,self-employed,wealth_generation,high,advisor,4,4,3,3,3,0.7,0.339,0.577,moderate,0.575,0.283,0.094,0.047,0.521,0.258,0.136,0.085
42,41659,4220019,0.023,0.056,22,5,6,6,student,retirement,low,friends,2,3,5,5,2,0.66,0.475,0.6,moderate,0.559,0.294,0.098,0.049,0.543,0.289,0.109,0.059
45,41682,4220663,0.303,0.356,25,12,11,4,employee,wealth_generation,medium,online,1,3,4,3,5,0.6,0.367,0.519,moderate,0.598,0.268,0.089,0.045,0.617,0.223,0.092,0.068
39,41690,4223304,0.223,0.056,19,6,5,5,employee,education,high,online,2,3,3,4,4,0.61,0.519,0.559,moderate,0.55,0.3,0.1,0.05,0.563,0.284,0.1,0.054
43,41718,4223997,0.057,0.166,27,13,9,3,employee,education,low,online,4,3,4,3,4,0.72,0.47,0.609,moderate,0.583,0.278,0.093,0.046,0.555,0.268,0.117,0.06
34,41754,4225694,0.414,0.405,18,1,7,6,employee,retirement,low,books,4,3,2,3,4,0.64,0.331,0.524,moderate,0.567,0.288,0.096,0.048,0.541,0.315,0.095,0.049
40,41763,4226332,0.174,0.502,23,3,16,4,employee,income,low,online,1,3,4,1,2,0.45,0.293,0.381,moderate,0.625,0.25,0.083,0.042,0.655,0.248,0.097,0.0
46,41777,4228017,0.236,0.228,30,12,15,2,employee,retirement,low,friends,2,3,3,3,2,0.52,0.451,0.464,moderate,0.625,0.25,0.083,0.042,0.612,0.229,0.077,0.082
43,41805,4231213,0.045,0.535,20,11,4,0,employee,wealth_generation,medium,books,5,2,1,4,2,0.57,0.254,0.43,moderate,0.541,0.306,0.102,0.051,0.55,0.317,0.087,0.045
37,41810,4232596,0.131,0.306,18,4,24,3,employee,retirement,medium,books,2,4,2,3,2,0.53,0.427,0.494,moderate,0.625,0.25,0.083,0.042,0.618,0.244,0.124,0.014
43,41823,4235821,0.187,0.229,22,8,16,5,employee,income,high,online,3,2,2,5,2,0.54,0.453,0.541,moderate,0.625,0.25,0.083,0.042,0.589,0.247,0.114,0.05
47,41824,4237769,0.061,0.383,24,5,13,5,employee,wealth_generation,low,books,2,4,3,3,3,0.6,0.356,0.474,moderate,0.612,0.259,0.086,0.043,0.577,0.245,0.105,0.073
25,41829,4239019,0.151,0.184,5,0,11,5,employee,retirement,medium,advisor,3,3,4,3,4,0.67,0.466,0.555,moderate,0.598,0.268,0.089,0.045,0.567,0.302,0.108,0.023
51,41835,4239203,0.142,0.172,30,0,5,2,retired,wealth_generation,medium,friends,3,3,2,5,3,0.62,0.423,0.564,moderate,0.55,0.3,0.1,0.05,0.574,0.269,0.085,0.072
39,41837,4242791,0.093,0.317,20,1,25,3,employee,retirement,low,books,3,5,3,4,3,0.73,0.422,0.595,moderate,0.625,0.25,0.083,0.042,0.569,0.273,0.108,0.05
45,41843,4245360,0.113,0.22,24,8,1,4,self-employed,retirement,low,books,2,4,2,2,2,0.5,0.403,0.436,moderate,0.511,0.326,0.109,0.054,0.559,0.325,0.102,0.014
51,41869,4246406,0.298,0.111,30,4,15,4,employee,wealth_generation,medium,books,3,3,1,5,4,0.61,0.519,0.573,moderate,0.625,0.25,0.083,0.042,0.625,0.31,0.065,0.0
31,41872,4249560,0.11,0.067,13,2,11,2,employee,wealth_generation,low,online,3,3,3,3,3,0.6,0.532,0.546,moderate,0.598,0.268,0.089,0.045,0.597,0.268,0.102,0.033
36,41873,4251083,0.093,0.375,17,15,21,4,employee,retirement,medium,advisor,3,4,3,3,3,0.65,0.378,0.607,moderate,0.625,0.25,0.083,0.042,0.644,0.249,0.029,0.078
39,41915,4252656,0.16,0.325,18,2,9,4,employee,education,low,friends,3,2,2,3,3,0.51,0.381,0.435,moderate,0.583,0.278,0.093,0.046,0.621,0.278,0.062,0.039
35,41955,4254877,0.188,0.227,12,9,12,3,employee,wealth_generation,low,online,4,3,3,3,3,0.65,0.444,0.573,moderate,0.605,0.263,0.088,0.044,0.551,0.245,0.154,0.049
55,41984,4255346,0.2,0.443,33,13,16,4,employee,retirement,medium,online,5,3,4,3,3,0.74,0.327,0.59,moderate,0.625,0.25,0.083,0.042,0.712,0.2,0.079,0.009
35,41996,4261636,0.207,0.227,16,2,2,4,employee,wealth_generation,low,advisor,2,4,1,2,2,0.46,0.418,0.472,moderate,0.521,0.319,0.106,0.053,0.539,0.341,0.099,0.021
37,41997,4263221,0.03,0.339,19,3,3,1,employee,wealth_generation,low,online,3,3,4,4,3,0.67,0.359,0.513,moderate,0.531,0.312,0.104,0.052,0.52,0.286,0.114,0.08
43,42001,4266013,0.132,0.454,20,7,6,5,employee,wealth_generation,low,advisor,3,3,2,1,2,0.47,0.302,0.417,moderate,0.559,0.294,0.098,0.049,0.598,0.301,0.097,0.003
32,42017,4269727,0.212,0.404,11,7,5,2,self-employed,home_purchase,low,online,4,2,2,4,1,0.53,0.316,0.395,moderate,0.55,0.3,0.1,0.05,0.571,0.32,0.094,0.016
38,42070,4270027,0.256,0.263,15,7,1,4,employee,retirement,high,online,2,2,3,4,4,0.56,0.396,0.504,moderate,0.511,0.326,0.109,0.054,0.509,0.287,0.129,0.075
44,42084,4271484,0.173,0.327,20,7,14,2,employee,wealth_generation,low,online,5,4,3,5,1,0.75,0.391,0.605,moderate,0.619,0.254,0.085,0.042,0.608,0.306,0.086,0.0
39,42092,4272033,0.038,0.228,15,16,17,4,employee,retirement,low,books,5,5,3,2,2,0.74,0.456,0.649,moderate,0.625,0.25,0.083,0.042,0.612,0.282,0.084,0.022
41,42096,4274690,0.133,0.314,17,1,24,6,unemployed,retirement,medium,advisor,3,4,1,5,3,0.63,0.381,0.538,moderate,0.625,0.25,0.083,0.042,0.678,0.265,0.051,0.005
37,42100,4277318,0.049,0.168,21,10,10,0,employee,income,low,friends,4,2,4,3,4,0.67,0.472,0.587,moderate,0.591,0.273,0.091,0.045,0.585,0.286,0.077,0.052
29,42101,4279360,0.206,0.236,11,3,7,7,employee,home_purchase,low,friends,2,3,2,4,4,0.57,0.426,0.511,moderate,0.567,0.288,0.096,0.048,0.553,0.35,0.097,0.0
44,42102,4279454,0.044,0.148,20,5,19,0,employee,wealth_generation,low,friends,3,1,4,3,1,0.48,0.51,0.448,moderate,0.625,0.25,0.083,0.042,0.588,0.238,0.113,0.061
56,42107,4283827,0.086,0.043,37,1,19,0,unemployed,retirement,low,books,1,2,3,2,2,0.39,0.515,0.415,moderate,0.625,0.25,0.083,0.042,0.668,0.224,0.084,0.023
42,42110,4285726,0.137,0.291,25,6,14,5,retired,retirement,low,books,4,4,4,1,4,0.71,0.384,0.625,moderate,0.619,0.254,0.085,0.042,0.615,0.253,0.093,0.038
43,42113,4287641,0.146,0.42,27,11,7,4,employee,wealth_generation,high,friends,3,5,3,4,4,0.76,0.324,0.592,moderate,0.567,0.288,0.096,0.048,0.536,0.316,0.116,0.033
47,42168,4288408,0.135,0.031,27,2,21,1,employee,wealth_generation,low,online,3,3,4,4,3,0.67,0.586,0.657,aggressive,0.792,0.125,0.042,0.042,0.797,0.15,0.035,0.018
31,42181,4293936,0.146,0.141,12,4,5,6,employee,wealth_generation,low,online,3,2,4,3,3,0.59,0.473,0.525,moderate,0.55,0.3,0.1,0.05,0.547,0.328,0.084,0.042
55,42185,4295665,0.197,0.245,35,5,2,4,employee,education,medium,online,3,4,2,4,4,0.67,0.408,0.591,moderate,0.521,0.319,0.106,0.053,0.512,0.282,0.104,0.102
43,42190,4297469,0.127,0.321,23,2,17,1,retired,retirement,low,none,3,2,3,4,5,0.64,0.374,0.525,moderate,0.625,0.25,0.083,0.042,0.615,0.262,0.116,0.007
55,42199,4299589,0.162,0.129,32,10,12,5,self-employed,retirement,low,books,4,2,4,4,3,0.67,0.483,0.552,moderate,0.605,0.263,0.088,0.044,0.591,0.28,0.041,0.087
36,42201,4308744,0.114,0.059,15,11,7,3,retired,retirement,low,books,2,4,3,5,3,0.66,0.487,0.588,moderate,0.567,0.288,0.096,0.048,0.614,0.3,0.055,0.031
56,42220,4309331,0.124,0.266,38,12,15,2,employee,retirement,medium,online,5,4,3,4,2,0.75,0.429,0.661,aggressive,0.792,0.125,0.042,0.042,0.828,0.069,0.052,0.05
48,42245,4311344,0.176,0.392,24,8,17,5,employee,retirement,low,online,3,2,3,1,5,0.55,0.36,0.412,moderate,0.625,0.25,0.083,0.042,0.624,0.278,0.048,0.05
46,42303,4313142,0.151,0.041,23,7,19,4,employee,retirement,low,online,3,4,3,3,2,0.62,0.574,0.624,moderate,0.625,0.25,0.083,0.042,0.66,0.192,0.085,0.062
43,42304,4315019,0.199,0.204,19,4,7,4,employee,wealth_generation,low,advisor,2,3,3,2,2,0.49,0.444,0.476,moderate,0.567,0.288,0.096,0.048,0.551,0.287,0.124,0.038
40,42314,4316696,0.165,0.32,21,9,2,6,employee,home_purchase,low,online,3,4,2,2,3,0.58,0.368,0.573,moderate,0.521,0.319,0.106,0.053,0.503,0.329,0.134,0.034
51,42333,4316739,0.22,0.108,28,6,11,5,unemployed,education,low,online,3,3,4,3,1,0.58,0.456,0.599,moderate,0.598,0.268,0.089,0.045,0.579,0.292,0.087,0.042
43,42362,4318618,0.142,0.159,25,17,19,2,self-employed,education,low,books,2,1,3,2,1,0.36,0.486,0.358,moderate,0.625,0.25,0.083,0.042,0.69,0.248,0.062,0.0
26,42367,4319897,0.151,0.272,6,17,6,5,employee,wealth_generation,high,online,1,5,2,3,3,0.56,0.404,0.539,moderate,0.559,0.294,0.098,0.049,0.512,0.278,0.122,0.088
33,42389,4320315,0.187,0.505,11,14,10,3,self-employed,education,medium,online,3,4,3,3,3,0.65,0.271,0.487,moderate,0.591,0.273,0.091,0.045,0.603,0.264,0.076,0.057
40,42389,4320484,0.095,0.18,24,5,7,3,employee,retirement,medium,friends,3,3,4,2,3,0.61,0.457,0.543,moderate,0.567,0.288,0.096,0.048,0.506,0.293,0.122,0.079
44,42390,4322644,0.131,0.255,28,5,1,7,employee,wealth_generation,low,online,2,3,2,4,2,0.51,0.401,0.449,moderate,0.511,0.326,0.109,0.054,0.515,0.371,0.113,0.002
41,42393,4325012,0.178,0.223,23,12,21,5,student,wealth_generation,medium,online,3,2,4,2,3,0.56,0.432,0.488,moderate,0.625,0.25,0.083,0.042,0.61,0.234,0.068,0.088
51,42409,4327278,0.025,0.444,32,10,5,2,employee,wealth_generation,low,friends,3,4,2,2,3,0.58,0.306,0.51,moderate,0.55,0.3,0.1,0.05,0.556,0.328,0.116,0.0
26,42409,4331240,0.141,0.071,10,9,17,4,employee,education,high,online,2,2,3,4,1,0.47,0.55,0.431,moderate,0.625,0.25,0.083,0.042,0.632,0.259,0.109,0.0
43,42432,4332918,0.173,0.283,20,4,9,3,employee,income,low,advisor,3,3,2,3,4,0.59,0.405,0.496,moderate,0.583,0.278,0.093,0.046,0.579,0.262,0.103,0.056
27,42450,4334747,0.299,0.408,10,12,7,1,retired,education,low,online,2,3,4,3,4,0.62,0.307,0.515,moderate,0.567,0.288,0.096,0.048,0.568,0.288,0.093,0.051
48,42451,4336161,0.244,0.592,28,8,23,6,employee,income,high,online,1,3,4,2,3,0.51,0.25,0.345,conservative,0.417,0.417,0.125,0.042,0.327,0.46,0.131,0.083
41,42452,4340880,0.109,0.334,20,6,14,5,employee,wealth_generation,low,friends,4,2,3,4,3,0.63,0.387,0.526,moderate,0.619,0.254,0.085,0.042,0.608,0.266,0.036,0.091
45,42472,4340915,0.154,0.216,24,12,15,5,employee,retirement,medium,advisor,3,2,4,2,3,0.56,0.459,0.483,moderate,0.625,0.25,0.083,0.042,0.673,0.224,0.066,0.037
35,42510,4343502,0.04,0.227,14,5,16,3,employee,wealth_generation,low,online,2,3,3,3,5,0.61,0.455,0.555,moderate,0.625,0.25,0.083,0.042,0.616,0.236,0.101,0.047
52,42531,4343549,0.099,0.205,36,9,9,2,employee,income,medium,online,3,2,2,4,3,0.54,0.449,0.505,moderate,0.583,0.278,0.093,0.046,0.55,0.259,0.125,0.067
50,42538,4344111,0.212,0.297,32,6,12,5,student,education,low,books,3,3,4,3,2,0.61,0.369,0.542,moderate,0.605,0.263,0.088,0.044,0.61,0.298,0.063,0.028
46,42549,4344187,0.067,0.352,28,8,7,2,self-employed,income,low,books,2,2,3,4,2,0.5,0.349,0.37,moderate,0.567,0.288,0.096,0.048,0.557,0.287,0.098,0.058
40,42576,4344918,0.103,0.392,17,1,19,0,employee,retirement,low,online,3,4,3,5,3,0.71,0.364,0.585,moderate,0.625,0.25,0.083,0.042,0.619,0.228,0.077,0.076
46,42593,4344927,0.278,0.229,25,6,13,7,retired,retirement,medium,advisor,3,3,5,4,2,0.68,0.415,0.552,moderate,0.612,0.259,0.086,0.043,0.607,0.256,0.111,0.025
36,42617,4347232,0.226,0.342,19,7,7,5,retired,retirement,high,books,5,3,3,4,2,0.7,0.341,0.6,moderate,0.567,0.288,0.096,0.048,0.614,0.273,0.112,0.0
48,42623,4350946,0.214,0.461,32,6,21,4,employee,wealth_generation,medium,books,3,3,3,4,3,0.63,0.326,0.495,moderate,0.625,0.25,0.083,0.042,0.587,0.26,0.11,0.043
55,42627,4351519,0.24,0.466,36,12,13,0,employee,retirement,medium,friends,3,3,4,4,3,0.67,0.309,0.501,moderate,0.612,0.259,0.086,0.043,0.607,0.251,0.065,0.077
50,42645,4352251,0.206,0.337,34,4,11,2,employee,income,low,books,3,5,1,4,3,0.65,0.379,0.525,moderate,0.598,0.268,0.089,0.045,0.579,0.266,0.124,0.032
36,42646,4353513,0.066,0.31,16,13,2,3,self-employed,education,low,advisor,4,3,4,3,2,0.66,0.36,0.557,moderate,0.521,0.319,0.106,0.053,0.556,0.313,0.109,0.022
44,42661,4356278,0.156,0.27,21,5,21,4,employee,retirement,medium,online,2,3,4,4,2,0.59,0.442,0.552,moderate,0.625,0.25,0.083,0.042,0.609,0.262,0.078,0.05
31,42672,4359952,0.142,0.135,14,9,24,4,student,retirement,medium,books,1,3,3,3,2,0.47,0.489,0.477,moderate,0.625,0.25,0.083,0.042,0.595,0.281,0.047,0.077
46,42673,4361377,0.115,0.104,23,1,12,5,employee,wealth_generation,low,books,4,2,3,3,4,0.63,0.515,0.555,moderate,0.605,0.263,0.088,0.044,0.617,0.23,0.07,0.083
45,42678,4365002,0.229,0.254,22,3,10,3,employee,income,high,online,2,2,4,4,3,0.57,0.424,0.476,moderate,0.591,0.273,0.091,0.045,0.636,0.288,0.076,0.0
27,42687,4372227,0.146,0.124,6,10,9,4,employee,retirement,low,online,4,3,3,4,3,0.68,0.495,0.626,moderate,0.583,0.278,0.093,0.046,0.577,0.248,0.107,0.068
32,42691,4375174,0.042,0.287,9,0,7,5,student,wealth_generation,medium,friends,3,2,2,4,3,0.54,0.363,0.485,moderate,0.567,0.288,0.096,0.048,0.543,0.286,0.131,0.04
39,42706,4377688,0.107,0.313,22,17,13,4,retired,retirement,low,friends,1,2,2,4,3,0.44,0.37,0.424,moderate,0.612,0.259,0.086,0.043,0.6,0.273,0.08,0.047
39,42715,4380999,0.097,0.268,17,3,4,6,employee,retirement,low,online,3,3,2,4,4,0.62,0.401,0.58,moderate,0.541,0.306,0.102,0.051,0.575,0.273,0.12,0.033
32,42717,4381002,0.249,0.042,9,13,22,5,employee,education,medium,advisor,2,4,4,2,3,0.61,0.584,0.576,moderate,0.625,0.25,0.083,0.042,0.65,0.266,0.084,0.0
45,42717,4385079,0.183,0.06,26,7,5,1,employee,home_purchase,low,online,3,3,2,2,4,0.56,0.519,0.603,moderate,0.55,0.3,0.1,0.05,0.538,0.304,0.087,0.071
44,42718,4388650,0.165,0.098,20,7,16,6,employee,income,high,online,1,3,2,4,3,0.49,0.531,0.517,moderate,0.625,0.25,0.083,0.042,0.663,0.238,0.092,0.007
40,42724,4398468,0.154,0.121,19,1,8,2,retired,wealth_generation,low,advisor,2,2,3,1,2,0.41,0.459,0.414,moderate,0.575,0.283,0.094,0.047,0.658,0.29,0.051,0.0
35,42728,4404955,0.183,0.601,17,5,6,8,employee,retirement,medium,online,2,4,2,4,3,0.59,0.221,0.441,moderate,0.559,0.294,0.098,0.049,0.557,0.305,0.139,0.0
50,42734,4405780,0.207,0.203,31,2,12,4,self-employed,wealth_generation,low,books,4,1,2,3,3,0.51,0.443,0.447,moderate,0.605,0.263,0.088,0.044,0.627,0.245,0.085,0.043
55,42749,4406618,0.164,0.182,36,7,17,4,employee,wealth_generation,low,advisor,3,3,4,3,3,0.64,0.484,0.547,moderate,0.625,0.25,0.083,0.042,0.634,0.192,0.106,0.068
38,42763,4408170,0.274,0.056,22,7,16,2,retired,retirement,medium,none,2,1,2,1,3,0.35,0.519,0.414,moderate,0.625,0.25,0.083,0.042,0.657,0.266,0.077,0.0
37,42764,4409827,0.31,0.309,21,9,7,1,employee,wealth_generation,low,online,4,2,4,3,2,0.61,0.386,0.544,moderate,0.567,0.288,0.096,0.048,0.565,0.282,0.093,0.06
45,42770,4412502,0.359,0.315,29,13,8,1,employee,retirement,low,books,3,4,1,4,4,0.63,0.385,0.511,moderate,0.575,0.283,0.094,0.047,0.604,0.284,0.062,0.049
39,42780,4413550,0.187,0.132,20,6,20,5,employee,home_purchase,medium,online,2,3,5,2,3,0.6,0.523,0.634,moderate,0.625,0.25,0.083,0.042,0.63,0.204,0.107,0.059
40,42793,4413925,0.271,0.464,24,3,16,3,employee,retirement,low,books,4,3,3,5,2,0.68,0.316,0.533,moderate,0.625,0.25,0.083,0.042,0.594,0.278,0.087,0.041
47,42801,4416007,0.134,0.382,26,5,15,3,employee,wealth_generation,low,books,2,1,2,2,3,0.38,0.362,0.355,moderate,0.625,0.25,0.083,0.042,0.634,0.258,0.051,0.056
26,42808,4419904,0.238,0.157,9,12,7,6,self-employed,retirement,high,friends,4,2,3,4,3,0.63,0.454,0.521,moderate,0.567,0.288,0.096,0.048,0.547,0.266,0.102,0.084
52,42863,4425831,0.258,0.254,36,2,17,2,employee,wealth_generation,high,advisor,4,4,2,2,5,0.69,0.442,0.575,moderate,0.625,0.25,0.083,0.042,0.613,0.248,0.125,0.014
42,42874,4432051,0.256,0.244,20,8,9,5,employee,wealth_generation,low,online,4,2,2,3,4,0.59,0.428,0.568,moderate,0.583,0.278,0.093,0.046,0.562,0.258,0.126,0.054
38,42876,4432678,0.228,0.204,17,0,10,3,self-employed,wealth_generation,medium,friends,4,4,3,3,2,0.67,0.437,0.628,moderate,0.591,0.273,0.091,0.045,0.567,0.241,0.15,0.042
41,42885,4434736,0.135,0.391,25,3,8,2,employee,retirement,medium,online,3,2,2,2,3,0.48,0.342,0.443,moderate,0.575,0.283,0.094,0.047,0.576,0.302,0.117,0.005
41,42936,4435946,0.078,0.096,17,8,4,5,student,home_purchase,low,books,3,5,3,4,3,0.73,0.451,0.62,moderate,0.541,0.306,0.102,0.051,0.544,0.279,0.087,0.091
28,42951,4436739,0.12,0.229,7,6,10,4,retired,wealth_generation,medium,advisor,4,2,2,4,4,0.62,0.408,0.492,moderate,0.591,0.273,0.091,0.045,0.616,0.286,0.048,0.05
53,42963,4440994,0.21,0.233,36,6,2,1,employee,income,medium,advisor,4,4,1,2,4,0.62,0.416,0.461,moderate,0.521,0.319,0.106,0.053,0.519,0.359,0.092,0.029
42,42975,4442790,0.098,0.248,20,9,11,3,self-employed,retirement,low,online,4,4,5,2,3,0.75,0.416,0.622,moderate,0.598,0.268,0.089,0.045,0.545,0.272,0.108,0.075
45,42980,4443825,0.149,0.418,27,3,16,5,employee,retirement,medium,advisor,3,4,3,2,3,0.62,0.343,0.497,moderate,0.625,0.25,0.083,0.042,0.615,0.277,0.082,0.026
49,42981,4445829,0.166,0.151,27,4,25,1,employee,home_purchase,low,advisor,3,3,4,5,1,0.64,0.526,0.578,moderate,0.625,0.25,0.083,0.042,0.613,0.292,0.08,0.015
33,42982,4449760,0.174,0.092,9,9,3,3,self-employed,wealth_generation,medium,online,4,4,2,3,4,0.69,0.477,0.617,moderate,0.531,0.312,0.104,0.052,0.578,0.284,0.076,0.062
45,42996,4449773,0.273,0.302,25,7,7,5,employee,wealth_generation,medium,books,3,3,2,2,2,0.5,0.39,0.416,moderate,0.567,0.288,0.096,0.048,0.575,0.27,0.086,0.069
39,43015,4452659,0.186,0.131,23,0,11,5,employee,wealth_generation,medium,books,2,3,3,2,4,0.55,0.498,0.573,moderate,0.598,0.268,0.089,0.045,0.625,0.206,0.134,0.035
48,43019,4453183,0.215,0.073,28,9,5,5,unemployed,wealth_generation,high,friends,2,4,2,5,4,0.65,0.456,0.628,moderate,0.55,0.3,0.1,0.05,0.528,0.286,0.059,0.127
24,43026,4457483,0.169,0.233,1,8,4,2,employee,retirement,high,friends,4,3,4,2,2,0.63,0.421,0.567,moderate,0.541,0.306,0.102,0.051,0.579,0.301,0.109,0.011
41,43043,4458142,0.229,0.152,18,1,10,3,employee,education,medium,none,3,5,4,1,2,0.65,0.483,0.574,moderate,0.591,0.273,0.091,0.045,0.557,0.301,0.09,0.052
37,43059,4462044,0.105,0.209,19,10,13,4,retired,wealth_generation,medium,books,3,4,3,1,2,0.56,0.427,0.489,moderate,0.612,0.259,0.086,0.043,0.614,0.231,0.079,0.076
45,43063,4465779,0.092,0.169,26,7,18,1,employee,wealth_generation,low,advisor,4,3,3,4,3,0.68,0.495,0.597,moderate,0.625,0.25,0.083,0.042,0.637,0.24,0.105,0.018
45,43077,4466151,0.267,0.085,22,3,33,4,self-employed,education,low,books,4,5,3,2,3,0.72,0.574,0.671,aggressive,0.792,0.125,0.042,0.042,0.814,0.081,0.079,0.026
36,43101,4467264,0.193,0.281,13,7,17,4,employee,wealth_generation,low,online,2,1,2,4,3,0.44,0.427,0.465,moderate,0.625,0.25,0.083,0.042,0.583,0.264,0.123,0.03
36,43115,4471221,0.188,0.032,14,8,6,5,employee,education,medium,online,4,3,4,1,3,0.63,0.538,0.607,moderate,0.559,0.294,0.098,0.049,0.526,0.296,0.109,0.07
41,43133,4471244,0.147,0.528,20,14,16,1,employee,income,low,online,3,2,5,1,3,0.57,0.278,0.491,moderate,0.625,0.25,0.083,0.042,0.624,0.243,0.073,0.06
34,43134,4472208,0.129,0.201,15,10,12,2,employee,income,low,online,4,4,3,2,4,0.7,0.46,0.621,moderate,0.605,0.263,0.088,0.044,0.631,0.261,0.074,0.034
48,43154,4478590,0.164,0.333,24,4,10,3,employee,wealth_generation,low,friends,2,2,4,3,3,0.54,0.38,0.507,moderate,0.591,0.273,0.091,0.045,0.607,0.333,0.06,0.0
39,43164,4484377,0.066,0.387,22,2,23,4,employee,retirement,low,books,3,3,3,3,1,0.54,0.376,0.474,moderate,0.625,0.25,0.083,0.042,0.619,0.251,0.077,0.053
18,43169,4485477,0.144,0.177,1,12,15,4,retired,retirement,high,online,3,2,2,2,3,0.48,0.45,0.433,moderate,0.625,0.25,0.083,0.042,0.589,0.267,0.056,0.088
39,43171,4485814,0.144,0.356,23,12,15,2,employee,education,low,friends,3,3,2,4,4,0.62,0.377,0.562,moderate,0.625,0.25,0.083,0.042,0.659,0.234,0.061,0.046
33,43184,4487284,0.161,0.399,15,3,1,0,employee,retirement,low,online,4,4,2,3,3,0.66,0.324,0.591,moderate,0.511,0.326,0.109,0.054,0.474,0.318,0.148,0.059
28,43210,4487323,0.18,0.161,10,1,20,4,employee,wealth_generation,low,online,3,2,2,5,2,0.54,0.506,0.535,moderate,0.625,0.25,0.083,0.042,0.663,0.219,0.093,0.025
32,43231,4491543,0.289,0.617,13,9,17,6,unemployed,wealth_generation,low,online,2,2,4,3,4,0.57,0.204,0.407,moderate,0.625,0.25,0.083,0.042,0.644,0.276,0.064,0.016
42,43275,4495843,0.184,0.026,24,10,8,5,employee,income,high,friends,5,4,4,5,3,0.85,0.548,0.744,aggressive,0.764,0.142,0.047,0.047,0.763,0.128,0.017,0.092
52,43303,4496793,0.247,0.151,31,3,8,4,retired,retirement,low,advisor,3,3,4,2,1,0.55,0.444,0.497,moderate,0.575,0.283,0.094,0.047,0.53,0.288,0.11,0.073
44,43308,4502719,0.164,0.371,20,9,3,7,self-employed,retirement,low,friends,2,4,4,3,4,0.67,0.331,0.535,moderate,0.531,0.312,0.104,0.052,0.516,0.317,0.131,0.035
37,43309,4504896,0.178,0.14,14,4,3,3,self-employed,retirement,low,advisor,4,3,3,4,4,0.71,0.452,0.609,moderate,0.531,0.312,0.104,0.052,0.565,0.271,0.126,0.038
45,43326,4505022,0.047,0.334,24,4,14,3,self-employed,retirement,medium,books,3,4,2,3,3,0.61,0.375,0.493,moderate,0.619,0.254,0.085,0.042,0.626,0.253,0.057,0.064
38,43327,4506674,0.07,0.414,15,4,6,0,employee,income,low,books,3,3,4,2,3,0.61,0.326,0.475,moderate,0.559,0.294,0.098,0.049,0.541,0.303,0.09,0.066
36,43334,4508736,0.169,0.515,13,7,22,6,employee,retirement,low,books,5,2,4,3,4,0.72,0.296,0.548,moderate,0.625,0.25,0.083,0.042,0.596,0.281,0.103,0.02
32,43341,4509063,0.133,0.25,11,11,19,4,student,education,high,online,2,3,5,3,4,0.66,0.413,0.555,moderate,0.625,0.25,0.083,0.042,0.629,0.257,0.114,0.0
27,43363,4518766,0.219,0.538,10,7,9,3,retired,retirement,low,online,4,1,3,2,4,0.55,0.243,0.444,moderate,0.583,0.278,0.093,0.046,0.567,0.285,0.109,0.039
38,43381,4518884,0.161,0.227,18,4,9,1,employee,retirement,high,online,3,2,2,3,5,0.57,0.438,0.525,moderate,0.583,0.278,0.093,0.046,0.587,0.269,0.123,0.021
43,43400,4520027,0.246,0.151,24,13,8,3,student,retirement,low,online,5,3,4,4,2,0.74,0.435,0.636,moderate,0.575,0.283,0.094,0.047,0.54,0.289,0.111,0.061
41,43415,4520298,0.304,0.264,20,1,4,0,retired,retirement,low,books,2,4,2,4,2,0.56,0.375,0.482,moderate,0.541,0.306,0.102,0.051,0.561,0.312,0.108,0.019
38,43417,4524584,0.075,0.315,21,11,2,2,employee,retirement,medium,friends,2,4,3,3,4,0.63,0.372,0.503,moderate,0.521,0.319,0.106,0.053,0.497,0.363,0.102,0.038
34,43418,4527532,0.132,0.244,15,11,10,6,self-employed,retirement,low,books,4,4,3,4,3,0.73,0.416,0.573,moderate,0.591,0.273,0.091,0.045,0.527,0.258,0.142,0.073
46,43429,4530499,0.186,0.283,23,4,23,1,employee,education,low,friends,4,5,4,2,4,0.79,0.44,0.68,aggressive,0.792,0.125,0.042,0.042,0.788,0.171,0.017,0.023
31,43437,4530789,0.114,0.229,15,3,22,3,employee,retirement,medium,online,3,3,3,2,3,0.57,0.471,0.516,moderate,0.625,0.25,0.083,0.042,0.629,0.221,0.125,0.025
48,43470,4531460,0.106,0.268,30,13,18,2,self-employed,retirement,low,advisor,1,3,4,3,3,0.54,0.422,0.474,moderate,0.625,0.25,0.083,0.042,0.642,0.256,0.102,0.0
33,43472,4531761,0.223,0.504,14,7,14,5,employee,retirement,high,advisor,3,2,2,4,4,0.57,0.289,0.496,moderate,0.619,0.254,0.085,0.042,0.609,0.221,0.115,0.054
35,43475,4532038,0.316,0.259,18,1,19,3,employee,education,low,friends,4,3,4,2,3,0.66,0.445,0.562,moderate,0.625,0.25,0.083,0.042,0.697,0.226,0.05,0.027
30,43490,4533235,0.212,0.166,13,13,12,2,employee,retirement,medium,none,4,4,2,5,3,0.72,0.481,0.559,moderate,0.605,0.263,0.088,0.044,0.577,0.298,0.093,0.031
37,43510,4536944,0.158,0.361,16,5,6,5,employee,wealth_generation,low,books,3,4,5,3,4,0.76,0.356,0.605,moderate,0.559,0.294,0.098,0.049,0.548,0.265,0.101,0.087
49,43545,4540478,0.142,0.2,28,5,15,5,retired,retirement,low,online,3,5,3,3,3,0.7,0.438,0.579,moderate,0.625,0.25,0.083,0.042,0.616,0.251,0.096,0.038
46,43561,4541947,0.161,0.39,28,8,22,6,employee,wealth_generation,high,books,3,2,3,3,2,0.52,0.372,0.439,moderate,0.625,0.25,0.083,0.042,0.673,0.217,0.067,0.043
49,43563,4546979,0.146,0.059,26,9,2,0,employee,wealth_generation,low,books,2,1,2,3,4,0.44,0.511,0.464,moderate,0.521,0.319,0.106,0.053,0.488,0.279,0.162,0.07
46,43567,4547818,0.154,0.198,28,5,7,3,employee,education,medium,online,3,3,4,4,4,0.7,0.449,0.538,moderate,0.567,0.288,0.096,0.048,0.588,0.251,0.097,0.065
33,43578,4548372,0.09,0.086,16,2,7,10,employee,retirement,low,books,3,3,3,4,5,0.69,0.512,0.563,moderate,0.567,0.288,0.096,0.048,0.584,0.294,0.095,0.028
39,43582,4548592,0.256,0.08,19,7,4,5,student,wealth_generation,low,none,5,5,3,2,4,0.8,0.46,0.65,aggressive,0.745,0.153,0.051,0.051,0.719,0.222,0.021,0.038
35,43588,4552354,0.207,0.318,13,8,6,5,retired,wealth_generation,low,advisor,4,1,2,3,2,0.48,0.352,0.446,moderate,0.559,0.294,0.098,0.049,0.551,0.226,0.141,0.082
52,43592,4553494,0.19,0.218,36,12,9,4,employee,retirement,medium,advisor,1,3,4,3,1,0.48,0.443,0.457,moderate,0.583,0.278,0.093,0.046,0.553,0.275,0.125,0.047
32,43599,4554183,0.283,0.424,15,6,23,4,retired,retirement,low,advisor,3,2,2,4,4,0.57,0.33,0.465,moderate,0.625,0.25,0.083,0.042,0.615,0.278,0.055,0.052
49,43599,4554840,0.109,0.265,32,8,19,5,retired,wealth_generation,low,advisor,3,4,2,4,3,0.64,0.412,0.549,moderate,0.625,0.25,0.083,0.042,0.616,0.247,0.089,0.048
49,43607,4560186,0.051,0.184,26,1,23,1,employee,income,low,books,2,2,3,2,3,0.47,0.501,0.509,moderate,0.625,0.25,0.083,0.042,0.65,0.291,0.043,0.017
56,43608,4562739,0.227,0.344,35,13,4,4,self-employed,income,low,online,4,3,1,3,4,0.6,0.348,0.5,moderate,0.541,0.306,0.102,0.051,0.538,0.265,0.103,0.094
38,43620,4564812,0.387,0.305,19,4,2,5,student,wealth_generation,low,advisor,2,4,4,3,4,0.67,0.343,0.538,moderate,0.521,0.319,0.106,0.053,0.531,0.366,0.067,0.036
47,43623,4565745,0.168,0.381,28,8,4,0,employee,wealth_generation,low,advisor,3,3,3,4,4,0.66,0.34,0.515,moderate,0.541,0.306,0.102,0.051,0.567,0.285,0.091,0.057
60,43637,4571663,0.041,0.312,40,14,22,2,retired,wealth_generation,low,advisor,2,2,3,2,4,0.5,0.393,0.445,moderate,0.625,0.25,0.083,0.042,0.684,0.261,0.031,0.024
37,43646,4572796,0.214,0.127,19,11,5,2,self-employed,home_purchase,low,advisor,2,4,4,2,4,0.64,0.465,0.576,moderate,0.55,0.3,0.1,0.05,0.534,0.313,0.104,0.049
29,43649,4576890,0.048,0.323,10,8,13,5,employee,retirement,low,friends,4,3,4,2,2,0.63,0.393,0.575,moderate,0.612,0.259,0.086,0.043,0.605,0.216,0.134,0.045
26,43664,4577705,0.161,0.22,7,9,6,5,self-employed,education,medium,online,3,4,3,3,2,0.62,0.419,0.547,moderate,0.559,0.294,0.098,0.049,0.557,0.296,0.059,0.089
47,43670,4578381,0.108,0.246,25,14,2,4,employee,wealth_generation,low,online,4,4,2,1,3,0.6,0.41,0.499,moderate,0.521,0.319,0.106,0.053,0.494,0.312,0.12,0.074
26,43683,4579977,0.261,0.466,4,11,3,5,self-employed,retirement,low,online,3,3,3,3,2,0.57,0.281,0.445,moderate,0.531,0.312,0.104,0.052,0.524,0.278,0.121,0.077
39,43685,4587345,0.144,0.208,23,8,15,3,employee,home_purchase,low,advisor,2,4,2,2,4,0.56,0.465,0.555,moderate,0.625,0.25,0.083,0.042,0.59,0.238,0.131,0.041
45,43693,4589349,0.253,0.3,27,9,6,5,employee,retirement,low,online,2,2,5,5,4,0.67,0.39,0.56,moderate,0.559,0.294,0.098,0.049,0.499,0.292,0.129,0.08
43,43698,4592229,0.113,0.21,19,2,6,2,retired,income,low,books,4,4,5,4,3,0.81,0.408,0.608,moderate,0.559,0.294,0.098,0.049,0.528,0.301,0.123,0.048
45,43700,4593040,0.131,0.087,24,6,9,4,employee,wealth_generation,low,online,4,3,3,3,3,0.65,0.518,0.61,moderate,0.583,0.278,0.093,0.046,0.568,0.252,0.106,0.074
43,43722,4597757,0.281,0.242,22,4,14,2,employee,home_purchase,low,books,3,4,2,3,2,0.58,0.442,0.506,moderate,0.619,0.254,0.085,0.042,0.635,0.243,0.073,0.049
52,43729,4597811,0.09,0.294,33,6,11,0,employee,retirement,low,online,1,4,4,3,3,0.59,0.405,0.481,moderate,0.598,0.268,0.089,0.045,0.577,0.259,0.083,0.08
34,43733,4600188,0.168,0.226,10,9,23,2,employee,wealth_generation,low,online,3,3,3,3,3,0.6,0.476,0.553,moderate,0.625,0.25,0.083,0.042,0.637,0.226,0.119,0.019
36,43743,4601199,0.131,0.22,18,2,10,3,employee,retirement,medium,books,3,5,3,3,2,0.67,0.445,0.555,moderate,0.591,0.273,0.091,0.045,0.627,0.249,0.08,0.044
35,43753,4603155,0.212,0.393,12,0,6,5,unemployed,retirement,low,online,3,1,5,2,1,0.49,0.302,0.439,moderate,0.559,0.294,0.098,0.049,0.556,0.266,0.08,0.098
48,43758,4603420,0.069,0.035,27,5,12,3,retired,home_purchase,low,online,3,3,4,3,4,0.67,0.518,0.612,moderate,0.605,0.263,0.088,0.044,0.609,0.296,0.039,0.056
49,43758,4610721,0.141,0.184,32,4,10,2,employee,wealth_generation,low,books,4,4,2,4,2,0.66,0.466,0.623,moderate,0.591,0.273,0.091,0.045,0.603,0.243,0.146,0.008
45,43767,4612440,0.194,0.388,27,6,17,8,self-employed,wealth_generation,low,none,5,4,2,3,2,0.68,0.352,0.559,moderate,0.625,0.25,0.083,0.042,0.606,0.318,0.054,0.023
51,43812,4616382,0.135,0.465,35,15,23,2,employee,home_purchase,medium,books,1,4,2,3,3,0.51,0.329,0.423,moderate,0.625,0.25,0.083,0.042,0.671,0.224,0.105,0.0
32,43822,4617103,0.041,0.228,14,9,19,7,employee,wealth_generation,low,advisor,3,2,3,3,4,0.58,0.464,0.518,moderate,0.625,0.25,0.083,0.042,0.589,0.276,0.097,0.038
55,43825,4623793,0.195,0.437,36,4,9,6,self-employed,wealth_generation,low,online,5,1,2,3,4,0.59,0.308,0.466,moderate,0.583,0.278,0.093,0.046,0.579,0.278,0.085,0.059
54,43826,4623977,0.154,0.143,33,3,6,3,employee,education,low,books,3,4,2,3,4,0.64,0.478,0.59,moderate,0.559,0.294,0.098,0.049,0.545,0.282,0.112,0.061
47,43833,4627343,0.011,0.153,25,8,22,1,self-employed,retirement,low,none,2,1,2,3,3,0.41,0.501,0.403,moderate,0.625,0.25,0.083,0.042,0.665,0.203,0.1,0.032
56,43836,4628730,0.175,0.408,38,9,9,4,retired,retirement,medium,online,2,2,2,2,2,0.4,0.312,0.373,moderate,0.583,0.278,0.093,0.046,0.557,0.31,0.08,0.053
28,43853,4629304,0.264,0.449,6,6,17,5,retired,wealth_generation,medium,online,3,1,4,3,2,0.51,0.305,0.401,moderate,0.625,0.25,0.083,0.042,0.602,0.266,0.06,0.072
37,43859,4629659,0.063,0.153,18,3,29,3,student,income,medium,books,2,2,3,3,3,0.5,0.495,0.565,moderate,0.625,0.25,0.083,0.042,0.692,0.27,0.038,0.001
36,43913,4631987,0.171,0.061,20,0,13,2,retired,wealth_generation,low,friends,2,3,1,2,2,0.41,0.508,0.466,moderate,0.612,0.259,0.086,0.043,0.598,0.279,0.089,0.034
47,43930,4635462,0.201,0.084,31,4,11,5,self-employed,education,medium,online,2,3,2,5,2,0.54,0.508,0.547,moderate,0.598,0.268,0.089,0.045,0.641,0.282,0.073,0.004
33,43935,4642937,0.047,0.17,10,6,15,3,self-employed,wealth_generation,low,online,5,1,5,4,4,0.74,0.471,0.635,moderate,0.625,0.25,0.083,0.042,0.648,0.254,0.095,0.002
48,43940,4643946,0.02,0.362,26,11,6,2,employee,wealth_generation,low,books,2,3,3,3,4,0.58,0.355,0.442,moderate,0.559,0.294,0.098,0.049,0.614,0.3,0.053,0.033
52,43961,4647529,0.146,0.263,33,12,11,6,employee,retirement,medium,online,4,3,4,4,2,0.69,0.423,0.584,moderate,0.598,0.268,0.089,0.045,0.576,0.237,0.127,0.06
47,44022,4648710,0.217,0.243,31,5,8,6,student,home_purchase,low,online,2,5,3,2,3,0.62,0.389,0.539,moderate,0.575,0.283,0.094,0.047,0.57,0.353,0.072,0.004
44,44052,4650152,0.079,0.29,23,11,5,3,unemployed,wealth_generation,low,online,4,4,3,4,3,0.73,0.351,0.561,moderate,0.55,0.3,0.1,0.05,0.529,0.303,0.112,0.056
34,44064,4653660,0.23,0.438,12,20,13,1,self-employed,income,medium,friends,3,3,3,3,3,0.6,0.315,0.484,moderate,0.612,0.259,0.086,0.043,0.592,0.268,0.119,0.02
35,44115,4653830,0.185,0.084,14,10,13,4,employee,retirement,low,none,3,2,2,3,5,0.57,0.532,0.574,moderate,0.612,0.259,0.086,0.043,0.571,0.311,0.051,0.067
51,44153,4659383,0.12,0.333,30,10,17,2,employee,retirement,low,books,3,3,5,1,1,0.56,0.397,0.498,moderate,0.625,0.25,0.083,0.042,0.594,0.283,0.072,0.051
48,44210,4661202,0.156,0.472,25,14,20,1,retired,retirement,medium,books,2,3,3,2,2,0.49,0.298,0.422,moderate,0.625,0.25,0.083,0.042,0.631,0.248,0.098,0.023
41,44226,4667176,0.297,0.149,20,5,6,6,self-employed,home_purchase,low,online,4,3,4,2,5,0.72,0.457,0.631,moderate,0.559,0.294,0.098,0.049,0.491,0.338,0.092,0.079
38,44244,4667394,0.094,0.403,21,0,17,9,employee,home_purchase,low,online,1,3,2,3,2,0.43,0.355,0.437,moderate,0.625,0.25,0.083,0.042,0.655,0.225,0.078,0.042
25,44259,4668739,0.153,0.334,3,19,9,2,retired,education,low,books,1,2,5,2,4,0.53,0.351,0.434,moderate,0.583,0.278,0.093,0.046,0.544,0.283,0.111,0.062
33,44260,4677937,0.178,0.019,14,6,14,4,unemployed,wealth_generation,medium,books,3,3,5,3,3,0.68,0.515,0.672,aggressive,0.788,0.127,0.042,0.042,0.799,0.13,0.005,0.065
57,44272,4678805,0.072,0.157,39,11,19,1,employee,retirement,low,books,3,5,2,5,5,0.78,0.507,0.729,aggressive,0.792,0.125,0.042,0.042,0.752,0.116,0.073,0.058
31,44276,4679760,0.033,0.298,8,11,7,3,employee,wealth_generation,low,books,3,4,3,3,3,0.65,0.394,0.531,moderate,0.567,0.288,0.096,0.048,0.595,0.283,0.067,0.056
43,44276,4681202,0.013,0.26,23,5,13,1,employee,education,medium,online,2,5,3,3,2,0.62,0.43,0.564,moderate,0.612,0.259,0.086,0.043,0.606,0.267,0.05,0.077
50,44277,4684762,0.118,0.269,31,7,11,1,unemployed,wealth_generation,low,advisor,4,3,2,2,3,0.58,0.376,0.553,moderate,0.598,0.268,0.089,0.045,0.624,0.291,0.075,0.01
31,44285,4690114,0.048,0.157,12,7,17,4,employee,education,medium,books,2,3,4,3,3,0.59,0.501,0.598,moderate,0.625,0.25,0.083,0.042,0.618,0.286,0.087,0.009
43,44313,4691485,0.22,0.325,23,3,15,5,retired,retirement,low,books,4,3,3,3,3,0.65,0.37,0.487,moderate,0.625,0.25,0.083,0.042,0.567,0.274,0.103,0.056
49,44326,4697438,0.374,0.172,30,2,17,3,employee,wealth_generation,low,online,3,2,3,3,4,0.58,0.493,0.54,moderate,0.625,0.25,0.083,0.042,0.63,0.27,0.077,0.023
42,44340,4698546,0.043,0.219,24,7,8,3,retired,wealth_generation,low,friends,4,2,2,4,3,0.59,0.41,0.503,moderate,0.575,0.283,0.094,0.047,0.618,0.302,0.074,0.007
64,44378,4700493,0.14,0.212,45,2,15,2,employee,income,low,books,3,3,2,4,3,0.59,0.464,0.565,moderate,0.625,0.25,0.083,0.042,0.606,0.23,0.075,0.089
28,44398,4705929,0.022,0.323,8,5,13,4,employee,wealth_generation,low,books,2,3,3,4,4,0.61,0.394,0.552,moderate,0.612,0.259,0.086,0.043,0.621,0.258,0.101,0.019
50,44407,4707696,0.071,0.084,33,3,11,3,employee,retirement,low,none,3,1,4,5,4,0.63,0.527,0.553,moderate,0.598,0.268,0.089,0.045,0.568,0.265,0.121,0.047
40,44428,4716994,0.118,0.146,18,9,9,1,employee,retirement,low,online,3,3,4,3,4,0.67,0.485,0.575,moderate,0.583,0.278,0.093,0.046,0.609,0.281,0.054,0.055
48,44431,4718244,0.132,0.143,28,13,8,1,employee,retirement,low,online,2,3,3,4,2,0.55,0.484,0.476,moderate,0.575,0.283,0.094,0.047,0.553,0.309,0.046,0.091
45,44433,4718271,0.275,0.095,21,8,1,1,employee,wealth_generation,medium,advisor,3,2,2,4,3,0.54,0.489,0.517,moderate,0.511,0.326,0.109,0.054,0.504,0.338,0.068,0.09
36,44450,4719233,0.133,0.147,15,5,5,3,self-employed,education,low,online,4,2,3,4,3,0.63,0.456,0.552,moderate,0.55,0.3,0.1,0.05,0.535,0.294,0.136,0.036
43,44474,4722578,0.152,0.298,27,22,3,1,retired,income,low,online,2,4,3,5,3,0.66,0.356,0.553,moderate,0.531,0.312,0.104,0.052,0.512,0.32,0.111,0.057
27,44487,4730904,0.101,0.349,3,0,19,5,employee,wealth_generation,low,advisor,4,3,3,3,1,0.59,0.392,0.565,moderate,0.625,0.25,0.083,0.042,0.623,0.244,0.099,0.034
46,44493,4731085,0.0,0.319,26,4,19,6,employee,wealth_generation,low,online,1,2,2,1,4,0.38,0.41,0.4,moderate,0.625,0.25,0.083,0.042,0.655,0.199,0.085,0.06
44,44509,4733843,0.254,0.25,20,4,19,2,employee,wealth_generation,low,online,2,3,3,4,3,0.58,0.452,0.52,moderate,0.625,0.25,0.083,0.042,0.642,0.242,0.092,0.023
47,44519,4735063,0.052,0.056,31,5,18,3,retired,income,high,none,3,3,3,2,1,0.51,0.528,0.541,moderate,0.625,0.25,0.083,0.042,0.625,0.225,0.114,0.036
50,44576,4737675,0.295,0.514,33,3,6,3,employee,retirement,medium,books,4,2,5,4,4,0.74,0.271,0.542,moderate,0.559,0.294,0.098,0.049,0.57,0.312,0.074,0.044
44,44581,4739510,0.07,0.128,26,4,11,7,employee,wealth_generation,low,friends,4,4,3,4,3,0.73,0.502,0.633,moderate,0.598,0.268,0.089,0.045,0.548,0.252,0.115,0.085
43,44597,4739667,0.174,0.322,23,4,21,1,retired,income,low,none,2,2,3,4,3,0.53,0.386,0.478,moderate,0.625,0.25,0.083,0.042,0.598,0.268,0.127,0.007
34,44610,4740618,0.41,0.458,13,7,16,4,employee,retirement,low,books,3,2,3,2,2,0.49,0.321,0.387,moderate,0.625,0.25,0.083,0.042,0.664,0.241,0.095,0.0
36,44642,4741080,0.072,0.334,16,5,1,2,employee,retirement,medium,books,3,3,4,4,2,0.64,0.361,0.519,moderate,0.511,0.326,0.109,0.054,0.558,0.265,0.111,0.065
51,44645,4744246,0.138,0.151,35,8,11,3,self-employed,education,low,books,1,2,2,4,4,0.47,0.471,0.447,moderate,0.598,0.268,0.089,0.045,0.555,0.27,0.124,0.051
53,44689,4752213,0.214,0.192,34,7,1,2,self-employed,wealth_generation,high,books,3,4,5,3,3,0.73,0.421,0.631,moderate,0.511,0.326,0.109,0.054,0.49,0.329,0.12,0.061
40,44708,4759428,0.027,0.036,19,3,7,1,employee,retirement,medium,online,2,3,4,3,3,0.59,0.542,0.54,moderate,0.567,0.288,0.096,0.048,0.549,0.323,0.084,0.044
42,44749,4767291,0.192,0.3,23,11,10,2,employee,wealth_generation,medium,books,2,2,3,3,3,0.5,0.4,0.432,moderate,0.591,0.273,0.091,0.045,0.512,0.272,0.142,0.074
34,44776,4768906,0.051,0.3,15,6,21,1,employee,wealth_generation,low,friends,5,3,2,4,3,0.69,0.426,0.563,moderate,0.625,0.25,0.083,0.042,0.654,0.249,0.04,0.056
51,44777,4770462,0.098,0.346,31,2,14,2,unemployed,wealth_generation,medium,none,3,3,3,3,5,0.66,0.344,0.51,moderate,0.619,0.254,0.085,0.042,0.677,0.25,0.073,0.0
47,44787,4778598,0.078,0.015,24,2,9,4,employee,retirement,low,books,3,3,3,2,3,0.57,0.56,0.616,moderate,0.583,0.278,0.093,0.046,0.566,0.251,0.07,0.112
57,44790,4779203,0.257,0.391,37,11,11,4,employee,retirement,high,online,4,2,2,5,2,0.59,0.35,0.527,moderate,0.598,0.268,0.089,0.045,0.612,0.264,0.095,0.029
34,44791,4780709,0.084,0.352,12,9,18,3,self-employed,wealth_generation,low,books,4,3,2,3,3,0.61,0.375,0.531,moderate,0.625,0.25,0.083,0.042,0.631,0.233,0.049,0.087
38,44799,4780729,0.032,0.114,15,7,8,0,employee,wealth_generation,medium,online,1,3,3,3,3,0.5,0.501,0.488,moderate,0.575,0.283,0.094,0.047,0.508,0.317,0.112,0.062
43,44816,4781015,0.17,0.204,22,4,13,1,employee,wealth_generation,low,advisor,3,4,2,3,4,0.64,0.464,0.568,moderate,0.612,0.259,0.086,0.043,0.552,0.287,0.149,0.012
47,44822,4784779,0.123,0.31,26,6,7,5,employee,retirement,low,friends,4,1,1,3,5,0.53,0.388,0.52,moderate,0.567,0.288,0.096,0.048,0.591,0.274,0.09,0.045
40,44828,4786302,0.135,0.257,23,8,11,2,self-employed,retirement,low,none,3,4,3,4,4,0.71,0.412,0.582,moderate,0.598,0.268,0.089,0.045,0.612,0.216,0.107,0.065
35,44834,4786973,0.066,0.099,15,13,2,6,self-employed,retirement,low,online,4,4,2,3,4,0.69,0.473,0.571,moderate,0.521,0.319,0.106,0.053,0.515,0.333,0.093,0.059
49,44841,4787587,0.205,0.082,33,7,19,5,student,wealth_generation,low,none,3,4,1,4,1,0.54,0.507,0.551,moderate,0.625,0.25,0.083,0.042,0.673,0.221,0.091,0.014
47,44860,4791981,0.173,0.372,23,4,2,1,employee,home_purchase,low,friends,2,3,3,4,2,0.55,0.342,0.46,moderate,0.521,0.319,0.106,0.053,0.525,0.318,0.12,0.036
34,44879,4795726,0.126,0.122,12,1,6,6,employee,retirement,high,books,3,1,3,3,2,0.47,0.491,0.473,moderate,0.559,0.294,0.098,0.049,0.561,0.264,0.105,0.07
52,44885,4802906,0.082,0.13,35,3,8,4,employee,home_purchase,medium,advisor,4,4,3,4,3,0.73,0.492,0.628,moderate,0.575,0.283,0.094,0.047,0.579,0.301,0.077,0.044
51,44897,4802940,0.171,0.399,30,9,14,4,retired,retirement,medium,advisor,4,4,2,3,3,0.66,0.328,0.523,moderate,0.619,0.254,0.085,0.042,0.558,0.254,0.139,0.049
43,44898,4803103,0.213,0.3,19,2,16,5,employee,education,medium,advisor,2,2,3,3,2,0.47,0.415,0.463,moderate,0.625,0.25,0.083,0.042,0.609,0.234,0.101,0.056
42,44904,4805509,0.116,0.297,22,6,3,3,employee,home_purchase,low,online,4,4,2,3,5,0.72,0.385,0.577,moderate,0.531,0.312,0.104,0.052,0.532,0.308,0.124,0.035
46,44919,4807928,0.022,0.252,28,9,2,4,employee,home_purchase,medium,advisor,2,5,3,3,2,0.62,0.408,0.544,moderate,0.521,0.319,0.106,0.053,0.516,0.336,0.109,0.039
35,44946,4809918,0.093,0.284,16,4,17,4,employee,education,low,advisor,2,2,4,5,5,0.66,0.427,0.598,moderate,0.625,0.25,0.083,0.042,0.616,0.274,0.087,0.023
42,44958,4813459,0.19,0.296,24,9,15,5,employee,retirement,low,books,3,3,2,4,2,0.56,0.415,0.546,moderate,0.625,0.25,0.083,0.042,0.623,0.229,0.089,0.059
24,44964,4818404,0.334,0.531,8,8,18,4,unemployed,retirement,low,online,3,3,3,2,3,0.57,0.253,0.416,moderate,0.625,0.25,0.083,0.042,0.549,0.297,0.09,0.064
49,44974,4818728,0.013,0.154,27,6,15,1,employee,retirement,low,books,2,2,2,2,3,0.43,0.499,0.488,moderate,0.625,0.25,0.083,0.042,0.625,0.208,0.071,0.095
29,45012,4823379,0.114,0.15,6,13,16,2,employee,wealth_generation,low,friends,3,2,2,2,2,0.45,0.504,0.506,moderate,0.625,0.25,0.083,0.042,0.585,0.246,0.083,0.086
54,45031,4827924,0.043,0.06,37,9,9,6,employee,wealth_generation,medium,online,4,2,4,5,3,0.7,0.535,0.672,aggressive,0.769,0.139,0.046,0.046,0.798,0.16,0.043,0.0
39,45033,4830686,0.116,0.318,16,5,13,2,employee,wealth_generation,low,advisor,2,3,3,5,1,0.55,0.397,0.49,moderate,0.612,0.259,0.086,0.043,0.617,0.265,0.094,0.023
40,45045,4831528,0.135,0.277,16,11,18,3,unemployed,wealth_generation,medium,books,4,1,4,3,5,0.65,0.39,0.539,moderate,0.625,0.25,0.083,0.042,0.6,0.281,0.076,0.043
36,45048,4832493,0.264,0.097,14,10,5,2,employee,wealth_generation,low,books,4,4,2,5,5,0.78,0.502,0.622,moderate,0.55,0.3,0.1,0.05,0.512,0.301,0.125,0.061
39,45050,4833605,0.051,0.21,23,11,10,1,self-employed,education,low,books,5,2,3,2,2,0.59,0.436,0.532,moderate,0.591,0.273,0.091,0.045,0.592,0.263,0.087,0.058
53,45064,4836144,0.213,0.133,34,8,16,2,self-employed,retirement,low,online,3,4,4,1,3,0.63,0.497,0.63,moderate,0.625,0.25,0.083,0.042,0.602,0.253,0.102,0.043
22,45068,4837035,0.133,0.198,0,5,12,2,employee,home_purchase,low,online,4,4,3,3,3,0.7,0.465,0.615,moderate,0.605,0.263,0.088,0.044,0.62,0.267,0.062,0.051
52,45072,4837366,0.222,0.502,31,5,15,3,employee,retirement,medium,books,3,5,4,3,4,0.77,0.293,0.573,moderate,0.625,0.25,0.083,0.042,0.651,0.277,0.072,0.0
44,45075,4842386,0.156,0.328,21,9,8,5,employee,wealth_generation,low,online,3,3,4,2,3,0.61,0.38,0.535,moderate,0.575,0.283,0.094,0.047,0.639,0.289,0.032,0.04
32,45099,4848902,0.031,0.01,11,2,2,3,employee,home_purchase,medium,online,2,4,4,4,3,0.67,0.54,0.582,moderate,0.521,0.319,0.106,0.053,0.572,0.302,0.078,0.048
33,45102,4850518,0.28,0.166,12,11,2,4,employee,wealth_generation,low,online,3,3,4,4,2,0.64,0.455,0.558,moderate,0.521,0.319,0.106,0.053,0.525,0.302,0.095,0.078
55,45117,4851654,0.052,0.014,34,5,23,3,employee,education,medium,none,2,3,2,4,3,0.54,0.608,0.592,moderate,0.625,0.25,0.083,0.042,0.634,0.208,0.121,0.037
34,45124,4852044,0.172,0.341,12,8,23,5,unemployed,wealth_generation,low,none,4,3,3,2,2,0.59,0.367,0.517,moderate,0.625,0.25,0.083,0.042,0.644,0.263,0.047,0.045
32,45126,4858197,0.245,0.248,12,7,6,4,employee,home_purchase,low,online,3,3,4,2,3,0.61,0.42,0.519,moderate,0.559,0.294,0.098,0.049,0.592,0.285,0.091,0.032
51,45135,4859415,0.051,0.63,27,7,5,1,employee,income,low,online,5,4,3,2,2,0.69,0.206,0.55,moderate,0.55,0.3,0.1,0.05,0.571,0.292,0.082,0.054
44,45136,4863875,0.164,0.349,22,10,2,3,self-employed,home_purchase,low,online,4,4,1,4,2,0.62,0.342,0.465,moderate,0.521,0.319,0.106,0.053,0.522,0.321,0.084,0.073
34,45142,4864713,0.226,0.265,18,8,7,5,employee,retirement,low,online,3,4,4,3,4,0.72,0.413,0.607,moderate,0.567,0.288,0.096,0.048,0.532,0.268,0.098,0.102
43,45150,4865955,0.327,0.384,19,4,8,4,employee,retirement,medium,books,3,2,4,4,2,0.59,0.349,0.519,moderate,0.575,0.283,0.094,0.047,0.615,0.269,0.058,0.058
33,45161,4874357,0.2,0.337,12,1,7,6,employee,wealth_generation,low,none,2,4,2,4,2,0.56,0.373,0.522,moderate,0.567,0.288,0.096,0.048,0.569,0.291,0.094,0.046
50,45178,4875960,0.108,0.163,27,12,17,2,unemployed,income,low,online,3,4,2,2,3,0.58,0.449,0.531,moderate,0.625,0.25,0.083,0.042,0.672,0.256,0.021,0.051
50,45187,4879451,0.194,0.27,26,13,16,7,employee,wealth_generation,low,online,1,3,4,4,3,0.57,0.433,0.538,moderate,0.625,0.25,0.083,0.042,0.63,0.217,0.103,0.05
46,45193,4880127,0.195,0.279,29,2,3,2,employee,retirement,high,online,3,4,4,3,2,0.66,0.396,0.554,moderate,0.531,0.312,0.104,0.052,0.511,0.304,0.121,0.065
44,45203,4880264,0.194,0.242,27,4,15,1,employee,income,low,books,4,4,4,4,3,0.77,0.447,0.691,aggressive,0.792,0.125,0.042,0.042,0.761,0.167,0.06,0.012
56,45205,4883125,0.236,0.133,36,4,12,3,employee,education,low,online,1,5,5,2,3,0.65,0.502,0.601,moderate,0.605,0.263,0.088,0.044,0.584,0.24,0.133,0.043
41,45221,4883271,0.054,0.154,21,15,4,1,student,education,high,online,3,3,3,4,2,0.6,0.425,0.565,moderate,0.541,0.306,0.102,0.051,0.557,0.362,0.066,0.015
32,45226,4884576,0.062,0.178,15,3,16,4,unemployed,retirement,low,advisor,3,4,1,3,2,0.54,0.438,0.465,moderate,0.625,0.25,0.083,0.042,0.622,0.258,0.106,0.014
45,45228,4885253,0.181,0.014,26,2,3,6,retired,retirement,high,friends,5,3,2,4,3,0.69,0.502,0.611,moderate,0.531,0.312,0.104,0.052,0.49,0.339,0.112,0.059
58,45232,4886389,0.286,0.462,34,3,5,6,employee,wealth_generation,low,books,3,4,2,4,4,0.67,0.299,0.538,moderate,0.55,0.3,0.1,0.05,0.508,0.321,0.125,0.046
33,45234,4894299,0.146,0.329,14,10,5,4,self-employed,education,low,friends,2,3,2,3,3,0.51,0.36,0.466,moderate,0.55,0.3,0.1,0.05,0.502,0.329,0.116,0.053
39,45238,4899994,0.292,0.331,23,13,23,3,employee,retirement,low,online,3,1,2,2,3,0.43,0.413,0.406,moderate,0.625,0.25,0.083,0.042,0.617,0.246,0.07,0.067
45,45251,4905888,0.274,0.285,25,5,15,8,employee,retirement,medium,friends,2,3,2,5,3,0.57,0.422,0.455,moderate,0.625,0.25,0.083,0.042,0.599,0.263,0.083,0.055
41,45251,4908350,0.255,0.33,24,2,10,4,retired,wealth_generation,low,advisor,4,3,4,2,3,0.66,0.357,0.486,moderate,0.591,0.273,0.091,0.045,0.579,0.287,0.068,0.067
34,45256,4910717,0.259,0.567,13,8,18,6,self-employed,wealth_generation,medium,advisor,3,5,2,5,2,0.69,0.251,0.486,moderate,0.625,0.25,0.083,0.042,0.632,0.285,0.083,0.0
50,45257,4913309,0.253,0.218,34,3,6,6,retired,home_purchase,low,online,4,2,3,3,2,0.57,0.406,0.588,moderate,0.559,0.294,0.098,0.049,0.55,0.315,0.112,0.022
60,45267,4915055,0.225,0.34,38,1,22,2,retired,income,medium,advisor,3,3,4,2,3,0.61,0.378,0.426,moderate,0.625,0.25,0.083,0.042,0.598,0.232,0.102,0.069
43,45308,4918685,0.193,0.208,21,13,15,0,employee,retirement,low,none,4,3,2,5,3,0.67,0.467,0.584,moderate,0.625,0.25,0.083,0.042,0.622,0.268,0.06,0.051
34,45333,4919552,0.021,0.413,15,13,12,3,employee,retirement,low,online,2,3,1,4,5,0.56,0.34,0.463,moderate,0.605,0.263,0.088,0.044,0.612,0.284,0.104,0.0
29,45334,4926354,0.07,0.415,5,17,17,5,employee,education,low,advisor,4,2,1,4,3,0.55,0.349,0.471,moderate,0.625,0.25,0.083,0.042,0.663,0.22,0.116,0.0
44,45372,4934942,0.071,0.448,26,6,14,5,self-employed,retirement,medium,books,3,4,2,4,3,0.64,0.313,0.507,moderate,0.619,0.254,0.085,0.042,0.623,0.301,0.055,0.021
50,45377,4937836,0.021,0.008,30,4,20,4,employee,retirement,low,online,3,5,3,2,3,0.67,0.602,0.614,moderate,0.625,0.25,0.083,0.042,0.676,0.273,0.015,0.037
45,45397,4946392,0.065,0.185,25,10,18,1,employee,wealth_generation,medium,online,2,4,4,3,2,0.61,0.489,0.592,moderate,0.625,0.25,0.083,0.042,0.613,0.299,0.057,0.031
41,45402,4949885,0.264,0.11,18,3,6,1,employee,wealth_generation,low,none,1,2,3,1,5,0.45,0.498,0.42,moderate,0.559,0.294,0.098,0.049,0.554,0.262,0.138,0.047
37,45403,4955682,0.186,0.243,18,3,7,6,employee,education,low,online,3,4,3,4,3,0.68,0.427,0.635,moderate,0.567,0.288,0.096,0.048,0.586,0.311,0.046,0.057
33,45417,4956972,0.115,0.257,17,4,3,3,employee,retirement,low,advisor,3,4,4,3,5,0.75,0.408,0.627,moderate,0.531,0.312,0.104,0.052,0.511,0.286,0.118,0.086
48,45422,4957948,0.217,0.168,28,16,6,4,employee,wealth_generation,medium,advisor,3,2,3,3,2,0.52,0.466,0.471,moderate,0.559,0.294,0.098,0.049,0.564,0.344,0.092,0.0
49,45428,4959393,0.151,0.345,33,10,9,6,employee,wealth_generation,low,online,3,5,4,4,3,0.77,0.373,0.591,moderate,0.583,0.278,0.093,0.046,0.51,0.301,0.136,0.053
29,45443,4964070,0.073,0.173,11,2,2,5,employee,wealth_generation,medium,books,2,2,3,3,2,0.47,0.451,0.497,moderate,0.521,0.319,0.106,0.053,0.518,0.319,0.108,0.055
54,45454,4964570,0.247,0.413,33,1,8,3,unemployed,retirement,low,online,3,3,4,2,3,0.61,0.298,0.445,moderate,0.575,0.283,0.094,0.047,0.619,0.306,0.061,0.014
46,45478,4967137,0.121,0.133,30,12,17,3,employee,retirement,medium,books,3,2,2,3,2,0.48,0.518,0.497,moderate,0.625,0.25,0.083,0.042,0.64,0.237,0.081,0.042
53,45479,4967653,0.194,0.211,35,11,19,4,self-employed,wealth_generation,low,online,3,5,1,4,3,0.65,0.461,0.573,moderate,0.625,0.25,0.083,0.042,0.606,0.253,0.104,0.038
31,45487,4969242,0.111,0.304,9,9,1,2,self-employed,retirement,high,none,2,4,3,4,4,0.66,0.364,0.54,moderate,0.511,0.326,0.109,0.054,0.514,0.347,0.078,0.062
31,45493,4971077,0.153,0.297,14,3,1,4,retired,retirement,medium,friends,3,3,4,3,2,0.61,0.353,0.524,moderate,0.511,0.326,0.109,0.054,0.551,0.332,0.118,0.0
40,45511,4975712,0.224,0.075,19,6,5,0,employee,wealth_generation,low,friends,1,2,4,3,2,0.46,0.515,0.501,moderate,0.55,0.3,0.1,0.05,0.528,0.3,0.098,0.073
46,45535,4977226,0.078,0.408,24,8,20,5,employee,wealth_generation,medium,online,3,4,4,3,2,0.66,0.36,0.552,moderate,0.625,0.25,0.083,0.042,0.715,0.197,0.082,0.006
56,45540,4977690,0.311,0.295,39,15,11,9,unemployed,retirement,high,none,3,3,2,3,2,0.53,0.364,0.497,moderate,0.598,0.268,0.089,0.045,0.573,0.298,0.094,0.035
47,45550,4979244,0.047,0.423,27,2,27,6,employee,wealth_generation,low,none,3,3,4,3,3,0.64,0.364,0.537,moderate,0.625,0.25,0.083,0.042,0.611,0.279,0.09,0.021
40,45560,4989217,0.16,0.422,24,7,20,3,employee,wealth_generation,low,books,2,3,2,1,3,0.45,0.351,0.395,moderate,0.625,0.25,0.083,0.042,0.604,0.245,0.075,0.077
33,45580,4989848,0.262,0.276,15,2,20,3,retired,retirement,low,books,2,4,2,5,3,0.62,0.411,0.502,moderate,0.625,0.25,0.083,0.042,0.694,0.23,0.048,0.027
51,45592,4994314,0.28,0.456,35,6,4,2,employee,home_purchase,high,none,3,2,4,3,2,0.56,0.301,0.458,moderate,0.541,0.306,0.102,0.051,0.537,0.307,0.107,0.048
34,45621,4996130,0.097,0.409,16,3,11,2,employee,education,low,advisor,1,4,4,3,3,0.59,0.341,0.502,moderate,0.598,0.268,0.089,0.045,0.653,0.279,0.051,0.017
55,45646,4996696,0.074,0.513,36,12,30,3,student,education,medium,advisor,3,4,3,4,3,0.68,0.288,0.47,moderate,0.625,0.25,0.083,0.042,0.628,0.239,0.101,0.031
39,45647,4998491,0.2,0.41,19,4,5,4,self-employed,retirement,low,books,3,3,4,4,3,0.67,0.316,0.542,moderate,0.55,0.3,0.1,0.05,0.53,0.302,0.11,0.059
54,45647,4999286,0.033,0.393,35,6,13,0,employee,wealth_generation,low,friends,3,2,4,1,5,0.59,0.354,0.47,moderate,0.612,0.259,0.086,0.043,0.623,0.219,0.089,0.068
47,45672,5006633,0.15,0.248,28,5,9,3,employee,retirement,medium,books,4,2,4,4,3,0.67,0.429,0.546,moderate,0.583,0.278,0.093,0.046,0.646,0.277,0.04,0.038
40,45673,5008609,0.218,0.149,16,12,9,3,retired,retirement,high,online,3,4,2,3,2,0.58,0.451,0.533,moderate,0.583,0.278,0.093,0.046,0.568,0.341,0.049,0.043
37,45679,5009494,0.165,0.456,13,10,20,2,employee,retirement,medium,books,3,2,2,4,2,0.51,0.331,0.375,moderate,0.625,0.25,0.083,0.042,0.639,0.293,0.068,0.0
39,45688,5011549,0.086,0.345,15,1,13,1,self-employed,income,low,books,3,2,4,3,2,0.56,0.37,0.527,moderate,0.612,0.259,0.086,0.043,0.571,0.276,0.092,0.061
45,45715,5019569,0.151,0.178,25,1,16,3,employee,income,medium,advisor,3,2,3,2,4,0.55,0.488,0.553,moderate,0.625,0.25,0.083,0.042,0.628,0.259,0.097,0.017
42,45719,5021847,0.264,0.201,22,7,15,4,self-employed,wealth_generation,medium,online,1,2,2,3,3,0.41,0.456,0.393,moderate,0.625,0.25,0.083,0.042,0.661,0.281,0.058,0.0
37,45721,5025964,0.176,0.329,20,6,12,4,employee,home_purchase,low,books,3,2,2,3,2,0.48,0.389,0.438,moderate,0.605,0.263,0.088,0.044,0.578,0.242,0.12,0.06
40,45728,5026457,0.199,0.251,19,4,17,2,employee,retirement,medium,friends,1,4,2,4,4,0.57,0.447,0.526,moderate,0.625,0.25,0.083,0.042,0.607,0.207,0.122,0.064
42,45759,5027083,0.121,0.078,25,11,26,2,unemployed,wealth_generation,high,online,4,2,5,1,2,0.59,0.524,0.541,moderate,0.625,0.25,0.083,0.042,0.635,0.267,0.045,0.053
24,45765,5031978,0.086,0.114,4,2,25,2,employee,education,low,books,4,4,2,2,3,0.63,0.553,0.584,moderate,0.625,0.25,0.083,0.042,0.648,0.251,0.073,0.027
45,45783,5032657,0.103,0.355,25,17,17,0,unemployed,wealth_generation,high,advisor,3,3,5,2,4,0.68,0.347,0.543,moderate,0.625,0.25,0.083,0.042,0.673,0.276,0.051,0.0
34,45795,5038237,0.16,0.196,15,0,11,2,retired,retirement,low,friends,3,4,2,4,4,0.67,0.432,0.574,moderate,0.598,0.268,0.089,0.045,0.542,0.233,0.146,0.08
32,45810,5039796,0.109,0.262,12,2,5,5,self-employed,wealth_generation,medium,none,2,4,2,3,4,0.59,0.396,0.509,moderate,0.55,0.3,0.1,0.05,0.531,0.292,0.128,0.048
28,45813,5040836,0.161,0.365,6,4,2,0,employee,education,low,online,3,3,4,1,3,0.58,0.347,0.489,moderate,0.521,0.319,0.106,0.053,0.543,0.328,0.108,0.021
27,45840,5045011,0.196,0.357,10,7,7,1,employee,education,medium,online,3,2,4,2,2,0.53,0.362,0.474,moderate,0.567,0.288,0.096,0.048,0.549,0.256,0.122,0.073
31,45850,5046145,0.202,0.127,15,3,9,1,self-employed,retirement,low,friends,1,4,3,3,3,0.55,0.48,0.512,moderate,0.583,0.278,0.093,0.046,0.581,0.306,0.084,0.029
36,45901,5047752,0.08,0.089,17,10,4,3,student,wealth_generation,low,online,4,5,1,3,2,0.64,0.459,0.581,moderate,0.541,0.306,0.102,0.051,0.514,0.304,0.121,0.062
57,45949,5048506,0.206,0.292,35,5,6,2,self-employed,retirement,low,online,3,3,1,3,3,0.52,0.383,0.5,moderate,0.559,0.294,0.098,0.049,0.581,0.292,0.077,0.051
37,45953,5049106,0.188,0.353,21,1,3,2,employee,retirement,low,online,4,3,1,4,2,0.57,0.356,0.498,moderate,0.531,0.312,0.104,0.052,0.543,0.29,0.083,0.084
43,45962,5049925,0.012,0.118,24,13,12,1,employee,retirement,low,online,2,3,3,1,3,0.49,0.512,0.551,moderate,0.605,0.263,0.088,0.044,0.628,0.264,0.072,0.035
45,45963,5052786,0.041,0.213,24,15,4,6,employee,wealth_generation,low,friends,3,3,1,3,4,0.55,0.436,0.462,moderate,0.541,0.306,0.102,0.051,0.515,0.307,0.125,0.053
43,45973,5060208,0.182,0.424,22,8,16,6,self-employed,education,medium,online,2,2,4,5,3,0.6,0.331,0.475,moderate,0.625,0.25,0.083,0.042,0.549,0.274,0.111,0.066
41,45978,5060988,0.13,0.492,25,11,8,5,retired,home_purchase,low,books,3,3,4,2,3,0.61,0.268,0.484,moderate,0.575,0.283,0.094,0.047,0.595,0.297,0.094,0.014
32,46026,5063746,0.074,0.243,10,2,15,2,self-employed,wealth_generation,high,none,2,2,4,3,1,0.48,0.433,0.468,moderate,0.625,0.25,0.083,0.042,0.581,0.23,0.103,0.086
53,46030,5064999,0.034,0.076,33,4,20,2,employee,wealth_generation,low,books,3,5,3,5,2,0.73,0.562,0.651,aggressive,0.792,0.125,0.042,0.042,0.847,0.113,0.038,0.001
56,46030,5065863,0.078,0.168,35,4,3,4,employee,retirement,low,online,4,4,3,3,4,0.73,0.458,0.639,moderate,0.531,0.312,0.104,0.052,0.557,0.258,0.095,0.09
28,46046,5066317,0.289,0.158,12,16,29,2,employee,retirement,low,advisor,4,4,3,3,3,0.7,0.538,0.641,moderate,0.625,0.25,0.083,0.042,0.64,0.268,0.091,0.0
33,46064,5067852,0.2,0.16,11,7,14,3,employee,wealth_generation,low,online,3,3,3,3,2,0.57,0.493,0.575,moderate,0.619,0.254,0.085,0.042,0.609,0.263,0.065,0.062
39,46094,5068010,0.158,0.257,20,0,3,4,employee,wealth_generation,low,books,2,4,3,3,4,0.63,0.409,0.51,moderate,0.531,0.312,0.104,0.052,0.496,0.339,0.099,0.066
34,46112,5068018,0.277,0.289,16,5,8,3,employee,retirement,medium,books,2,3,3,3,4,0.58,0.403,0.511,moderate,0.575,0.283,0.094,0.047,0.554,0.289,0.092,0.065
46,46129,5070738,0.177,0.104,27,0,20,3,employee,retirement,low,books,5,2,1,3,2,0.54,0.545,0.529,moderate,0.625,0.25,0.083,0.042,0.652,0.215,0.104,0.028
36,46136,5072947,0.2,0.438,12,3,13,2,employee,wealth_generation,low,online,3,5,5,2,3,0.75,0.329,0.607,moderate,0.612,0.259,0.086,0.043,0.597,0.247,0.073,0.083
59,46145,5083221,0.109,0.303,39,6,8,5,employee,retirement,medium,books,3,3,2,4,4,0.62,0.396,0.547,moderate,0.575,0.283,0.094,0.047,0.625,0.236,0.091,0.049
51,46155,5084213,0.171,0.294,31,4,23,4,retired,wealth_generation,medium,none,3,4,2,1,3,0.55,0.408,0.479,moderate,0.625,0.25,0.083,0.042,0.618,0.228,0.107,0.046
43,46156,5085163,0.074,0.588,20,1,17,4,unemployed,income,medium,advisor,3,3,4,2,4,0.64,0.222,0.503,moderate,0.625,0.25,0.083,0.042,0.649,0.21,0.088,0.054
50,46162,5086816,0.134,0.306,28,2,16,3,employee,home_purchase,low,online,4,5,1,3,2,0.64,0.413,0.548,moderate,0.625,0.25,0.083,0.042,0.633,0.224,0.083,0.06
50,46185,5087479,0.027,0.474,32,7,20,5,retired,retirement,medium,friends,4,5,3,4,4,0.81,0.299,0.568,moderate,0.625,0.25,0.083,0.042,0.64,0.257,0.084,0.019
37,46218,5088558,0.094,0.18,21,9,17,7,employee,retirement,high,none,3,4,1,5,3,0.63,0.49,0.567,moderate,0.625,0.25,0.083,0.042,0.625,0.24,0.073,0.062
35,46222,5090705,0.049,0.161,18,5,8,4,self-employed,retirement,low,online,5,2,3,4,1,0.62,0.459,0.625,moderate,0.575,0.283,0.094,0.047,0.562,0.309,0.066,0.063
42,46236,5101490,0.131,0.265,24,10,13,3,employee,retirement,low,online,5,4,2,3,3,0.71,0.43,0.592,moderate,0.612,0.259,0.086,0.043,0.567,0.277,0.107,0.048
48,46244,5102976,0.232,0.262,32,2,19,5,retired,retirement,medium,advisor,3,2,3,4,4,0.61,0.417,0.54,moderate,0.625,0.25,0.083,0.042,0.619,0.242,0.115,0.025
43,46245,5107770,0.129,0.155,27,2,6,4,employee,wealth_generation,high,advisor,3,3,3,2,3,0.57,0.474,0.54,moderate,0.559,0.294,0.098,0.049,0.577,0.325,0.079,0.019
29,46260,5114201,0.228,0.335,6,12,5,5,employee,retirement,low,online,2,2,1,3,4,0.45,0.371,0.417,moderate,0.55,0.3,0.1,0.05,0.576,0.256,0.128,0.04
35,46267,5115358,0.185,0.035,12,5,5,4,student,wealth_generation,high,advisor,4,3,2,3,2,0.58,0.49,0.59,moderate,0.55,0.3,0.1,0.05,0.522,0.346,0.047,0.085
41,46300,5118506,0.155,0.331,24,6,6,5,employee,wealth_generation,medium,online,5,3,3,4,3,0.73,0.375,0.61,moderate,0.559,0.294,0.098,0.049,0.55,0.294,0.076,0.081
41,46302,5118783,0.099,0.244,18,15,4,4,employee,wealth_generation,medium,books,4,2,3,4,1,0.57,0.419,0.529,moderate,0.541,0.306,0.102,0.051,0.582,0.285,0.074,0.059
57,46303,5122931,0.265,0.33,40,6,19,1,employee,wealth_generation,low,online,2,2,3,3,3,0.5,0.405,0.454,moderate,0.625,0.25,0.083,0.042,0.592,0.259,0.104,0.045
30,46317,5124171,0.039,0.251,10,0,18,3,self-employed,retirement,low,none,3,4,5,1,3,0.67,0.436,0.597,moderate,0.625,0.25,0.083,0.042,0.581,0.264,0.112,0.044
46,46364,5124357,0.192,0.553,30,15,5,1,employee,wealth_generation,low,online,4,2,3,3,2,0.57,0.249,0.432,moderate,0.55,0.3,0.1,0.05,0.596,0.313,0.061,0.031
53,46382,5125795,0.177,0.199,29,0,15,3,retired,income,low,online,2,1,3,3,2,0.42,0.442,0.442,moderate,0.625,0.25,0.083,0.042,0.651,0.245,0.064,0.04
60,46383,5126925,0.142,0.569,41,9,14,4,retired,wealth_generation,medium,friends,3,2,4,3,4,0.62,0.236,0.528,moderate,0.619,0.254,0.085,0.042,0.614,0.27,0.075,0.041
38,46385,5128151,0.099,0.066,21,4,7,3,employee,retirement,low,books,3,2,2,5,5,0.63,0.527,0.636,moderate,0.567,0.288,0.096,0.048,0.554,0.283,0.115,0.048
45,46403,5128159,0.14,0.328,29,6,6,0,employee,education,low,advisor,1,4,2,2,3,0.48,0.377,0.435,moderate,0.559,0.294,0.098,0.049,0.566,0.296,0.138,0.0
46,46407,5128854,0.243,0.243,25,7,7,3,employee,home_purchase,low,books,3,2,4,4,4,0.65,0.428,0.568,moderate,0.567,0.288,0.096,0.048,0.559,0.304,0.097,0.04
43,46425,5130488,0.23,0.394,20,5,16,1,employee,income,medium,online,2,3,4,5,2,0.62,0.361,0.483,moderate,0.625,0.25,0.083,0.042,0.66,0.249,0.076,0.015
41,46429,5140225,0.277,0.376,22,10,8,5,self-employed,retirement,medium,online,3,4,2,4,5,0.7,0.342,0.549,moderate,0.575,0.283,0.094,0.047,0.583,0.265,0.131,0.022
45,46436,5141831,0.115,0.382,29,15,7,5,employee,retirement,medium,none,4,4,2,3,2,0.63,0.349,0.451,moderate,0.567,0.288,0.096,0.048,0.553,0.286,0.118,0.042
21,46454,5144445,0.131,0.087,5,1,2,5,self-employed,income,medium,friends,2,3,3,2,3,0.52,0.482,0.532,moderate,0.521,0.319,0.106,0.053,0.52,0.286,0.14,0.054
47,46464,5151703,0.017,0.394,26,11,21,0,employee,retirement,medium,online,3,1,4,3,3,0.54,0.371,0.45,moderate,0.625,0.25,0.083,0.042,0.563,0.248,0.149,0.039
43,46474,5152164,0.278,0.15,26,2,16,0,employee,retirement,low,online,4,4,4,3,3,0.74,0.506,0.644,moderate,0.625,0.25,0.083,0.042,0.621,0.231,0.106,0.042
40,46499,5163944,0.119,0.031,20,1,11,6,employee,wealth_generation,low,online,2,2,3,3,3,0.5,0.56,0.511,moderate,0.598,0.268,0.089,0.045,0.635,0.291,0.071,0.003
58,46509,5170614,0.134,0.151,41,16,23,1,employee,wealth_generation,medium,online,2,1,3,1,3,0.39,0.525,0.475,moderate,0.625,0.25,0.083,0.042,0.556,0.262,0.123,0.059
36,46517,5171512,0.258,0.252,12,6,8,4,employee,home_purchase,medium,books,5,3,3,2,2,0.64,0.425,0.595,moderate,0.575,0.283,0.094,0.047,0.582,0.314,0.103,0.0
38,46526,5178760,0.158,0.353,21,2,15,5,retired,wealth_generation,medium,books,3,4,3,3,4,0.68,0.357,0.593,moderate,0.625,0.25,0.083,0.042,0.685,0.267,0.048,0.0
57,46529,5182878,0.166,0.152,37,7,8,3,employee,wealth_generation,low,friends,4,3,3,1,2,0.56,0.482,0.491,moderate,0.575,0.283,0.094,0.047,0.606,0.262,0.074,0.058
35,46538,5183681,0.083,0.098,16,4,8,3,self-employed,retirement,low,advisor,2,3,2,3,2,0.48,0.495,0.505,moderate,0.575,0.283,0.094,0.047,0.549,0.285,0.086,0.079
37,46544,5184590,0.153,0.313,21,6,19,2,employee,income,medium,advisor,2,1,3,4,3,0.48,0.416,0.428,moderate,0.625,0.25,0.083,0.042,0.609,0.21,0.074,0.107
40,46566,5191110,0.263,0.574,16,8,17,6,employee,wealth_generation,low,advisor,3,3,3,4,4,0.66,0.255,0.502,moderate,0.625,0.25,0.083,0.042,0.603,0.269,0.086,0.043
48,46584,5192349,0.165,0.296,30,13,8,2,employee,wealth_generation,low,books,5,1,3,2,4,0.6,0.4,0.549,moderate,0.575,0.283,0.094,0.047,0.582,0.317,0.057,0.044
43,46605,5194086,0.103,0.331,20,0,3,2,self-employed,wealth_generation,medium,none,3,3,3,3,5,0.66,0.355,0.53,moderate,0.531,0.312,0.104,0.052,0.548,0.297,0.118,0.036
31,46613,5198264,0.026,0.281,12,3,9,3,employee,education,low,books,4,5,3,1,4,0.72,0.411,0.603,moderate,0.583,0.278,0.093,0.046,0.534,0.318,0.118,0.03
37,46634,5201124,0.121,0.372,13,1,16,2,retired,wealth_generation,high,none,2,3,3,3,4,0.58,0.349,0.469,moderate,0.625,0.25,0.083,0.042,0.579,0.302,0.097,0.022
37,46673,5206385,0.167,0.549,17,1,4,4,retired,retirement,low,online,2,4,3,5,1,0.6,0.232,0.486,moderate,0.541,0.306,0.102,0.051,0.544,0.319,0.091,0.045
41,46676,5217364,0.033,0.275,24,15,15,3,employee,wealth_generation,low,none,3,4,3,2,4,0.65,0.429,0.555,moderate,0.625,0.25,0.083,0.042,0.659,0.282,0.052,0.007
45,46685,5218290,0.175,0.229,22,15,20,1,employee,home_purchase,low,books,4,2,2,4,3,0.59,0.47,0.526,moderate,0.625,0.25,0.083,0.042,0.657,0.283,0.026,0.034
45,46698,5219292,0.158,0.417,26,10,5,1,employee,wealth_generation,low,advisor,4,3,4,5,5,0.81,0.326,0.626,moderate,0.55,0.3,0.1,0.05,0.52,0.374,0.057,0.049
27,46701,5221599,0.215,0.535,10,8,19,1,employee,income,low,none,2,5,4,2,3,0.66,0.282,0.536,moderate,0.625,0.25,0.083,0.042,0.62,0.275,0.016,0.089
50,46728,5224492,0.025,0.107,29,12,3,1,student,education,high,online,3,3,3,4,4,0.66,0.448,0.533,moderate,0.531,0.312,0.104,0.052,0.55,0.316,0.098,0.036
44,46744,5224750,0.214,0.287,28,1,14,2,employee,wealth_generation,medium,online,2,2,2,3,4,0.49,0.42,0.476,moderate,0.619,0.254,0.085,0.042,0.633,0.233,0.071,0.063
53,46771,5225702,0.157,0.378,30,2,17,5,retired,home_purchase,medium,online,4,3,4,3,3,0.69,0.348,0.538,moderate,0.625,0.25,0.083,0.042,0.6,0.24,0.09,0.069
45,46780,5228607,0.128,0.271,21,4,10,1,employee,wealth_generation,low,books,5,3,3,4,2,0.7,0.419,0.608,moderate,0.591,0.273,0.091,0.045,0.584,0.202,0.135,0.078
50,46790,5229495,0.296,0.226,28,12,6,1,employee,retirement,low,online,3,3,4,3,2,0.61,0.435,0.524,moderate,0.559,0.294,0.098,0.049,0.564,0.275,0.082,0.078
45,46791,5231821,0.078,0.317,21,6,22,2,employee,wealth_generation,low,advisor,2,3,3,2,4,0.55,0.421,0.472,moderate,0.625,0.25,0.083,0.042,0.677,0.211,0.087,0.026
52,46797,5233277,0.161,0.173,35,7,2,3,self-employed,wealth_generation,high,advisor,3,3,3,2,3,0.57,0.437,0.495,moderate,0.521,0.319,0.106,0.053,0.521,0.262,0.169,0.048
46,46802,5233322,0.117,0.204,30,3,12,5,self-employed,retirement,low,online,4,3,4,3,4,0.72,0.447,0.616,moderate,0.605,0.263,0.088,0.044,0.554,0.264,0.101,0.081
41,46855,5236630,0.158,0.616,19,8,9,6,employee,retirement,medium,books,3,3,4,2,4,0.64,0.22,0.488,moderate,0.583,0.278,0.093,0.046,0.602,0.29,0.098,0.01
60,46879,5238429,0.163,0.309,41,13,11,3,unemployed,retirement,low,books,4,5,3,1,1,0.63,0.358,0.503,moderate,0.598,0.268,0.089,0.045,0.641,0.286,0.073,0.0
49,46935,5240929,0.055,0.426,26,4,12,1,employee,education,low,books,2,4,5,3,3,0.68,0.335,0.543,moderate,0.605,0.263,0.088,0.044,0.568,0.269,0.126,0.036
46,46936,5241295,0.186,0.386,28,8,12,2,retired,education,medium,online,1,4,3,3,2,0.52,0.333,0.426,moderate,0.605,0.263,0.088,0.044,0.612,0.259,0.099,0.03
31,46957,5243091,0.18,0.316,9,5,6,2,employee,wealth_generation,low,books,3,2,2,2,2,0.45,0.385,0.413,moderate,0.559,0.294,0.098,0.049,0.605,0.237,0.12,0.038
31,46968,5243332,0.211,0.404,9,11,15,5,student,income,low,books,2,4,2,3,2,0.53,0.323,0.432,moderate,0.625,0.25,0.083,0.042,0.645,0.21,0.086,0.06
44,46975,5248058,0.055,0.18,20,6,2,4,employee,retirement,low,online,2,2,4,3,2,0.51,0.45,0.465,moderate,0.521,0.319,0.106,0.053,0.522,0.301,0.109,0.068
43,46990,5252383,0.112,0.31,24,5,2,2,self-employed,retirement,medium,online,2,2,2,2,3,0.43,0.365,0.367,moderate,0.521,0.319,0.106,0.053,0.499,0.358,0.066,0.078
37,47001,5254048,0.183,0.292,21,6,11,5,employee,income,low,advisor,2,2,4,3,3,0.54,0.41,0.486,moderate,0.598,0.268,0.089,0.045,0.615,0.247,0.07,0.068
43,47028,5254166,0.071,0.304,21,1,12,5,employee,wealth_generation,low,advisor,4,2,3,1,3,0.54,0.405,0.52,moderate,0.605,0.263,0.088,0.044,0.597,0.301,0.092,0.009
54,47040,5254366,0.189,0.128,33,12,7,5,retired,wealth_generation,low,friends,4,1,4,3,3,0.59,0.458,0.54,moderate,0.567,0.288,0.096,0.048,0.52,0.29,0.125,0.065
47,47041,5279792,0.042,0.176,31,16,12,2,employee,education,low,books,2,4,5,3,3,0.68,0.48,0.591,moderate,0.605,0.263,0.088,0.044,0.628,0.261,0.074,0.037
32,47064,5280589,0.12,0.18,8,6,12,1,employee,retirement,low,none,3,3,3,4,3,0.63,0.478,0.593,moderate,0.605,0.263,0.088,0.044,0.629,0.231,0.087,0.054
41,47096,5281556,0.233,0.296,18,3,9,1,self-employed,wealth_generation,low,books,3,5,4,2,5,0.77,0.389,0.603,moderate,0.583,0.278,0.093,0.046,0.549,0.302,0.099,0.05
35,47109,5284475,0.212,0.541,16,9,14,3,employee,wealth_generation,medium,online,4,4,2,3,3,0.66,0.27,0.51,moderate,0.619,0.254,0.085,0.042,0.62,0.286,0.072,0.022
38,47148,5286945,0.182,0.506,18,6,24,3,employee,retirement,medium,none,3,5,3,1,3,0.64,0.308,0.46,moderate,0.625,0.25,0.083,0.042,0.635,0.266,0.099,0.0
38,47164,5286998,0.242,0.155,15,4,11,5,student,home_purchase,low,online,2,5,2,3,3,0.61,0.447,0.545,moderate,0.598,0.268,0.089,0.045,0.604,0.273,0.111,0.012
38,47166,5287334,0.196,0.187,21,1,17,2,employee,retirement,low,advisor,5,4,4,3,3,0.79,0.487,0.659,aggressive,0.792,0.125,0.042,0.042,0.779,0.102,0.038,0.08
31,47172,5287651,0.157,0.041,10,13,7,4,self-employed,retirement,low,none,3,5,2,1,3,0.6,0.523,0.513,moderate,0.567,0.288,0.096,0.048,0.546,0.28,0.108,0.066
40,47177,5287654,0.315,0.223,23,11,17,5,retired,wealth_generation,high,friends,4,3,1,4,2,0.57,0.435,0.503,moderate,0.625,0.25,0.083,0.042,0.551,0.28,0.123,0.046
37,47189,5289232,0.193,0.401,14,12,14,2,employee,retirement,low,advisor,2,2,1,3,2,0.39,0.353,0.305,conservative,0.407,0.424,0.127,0.042,0.396,0.452,0.103,0.049
18,47194,5290699,0.173,0.461,0,6,14,2,employee,home_purchase,medium,online,2,5,2,3,5,0.67,0.318,0.512,moderate,0.619,0.254,0.085,0.042,0.539,0.249,0.11,0.103
58,47200,5294049,0.135,0.159,40,10,21,4,retired,retirement,low,online,4,5,2,4,3,0.74,0.482,0.652,aggressive,0.792,0.125,0.042,0.042,0.804,0.131,0.043,0.022
50,47239,5298172,0.255,0.172,33,8,7,4,student,income,medium,online,4,4,2,5,1,0.66,0.427,0.54,moderate,0.567,0.288,0.096,0.048,0.515,0.278,0.148,0.06
38,47261,5312383,0.112,0.153,19,5,9,7,employee,retirement,low,books,2,4,3,3,4,0.63,0.485,0.551,moderate,0.583,0.278,0.093,0.046,0.597,0.257,0.074,0.072
42,47274,5314632,0.009,0.205,19,12,3,5,employee,home_purchase,medium,online,2,4,3,4,3,0.63,0.439,0.508,moderate,0.531,0.312,0.104,0.052,0.55,0.282,0.081,0.087
32,47277,5315297,0.089,0.384,16,24,16,5,retired,retirement,low,books,3,4,4,3,3,0.69,0.343,0.56,moderate,0.625,0.25,0.083,0.042,0.659,0.183,0.091,0.067
55,47285,5316220,0.062,0.313,37,13,19,4,employee,retirement,low,advisor,2,3,1,3,3,0.47,0.417,0.435,moderate,0.625,0.25,0.083,0.042,0.556,0.254,0.124,0.066
57,47289,5319479,0.117,0.374,41,11,10,1,retired,wealth_generation,medium,online,5,2,3,3,2,0.62,0.336,0.505,moderate,0.591,0.273,0.091,0.045,0.598,0.244,0.141,0.017
43,47302,5338419,0.227,0.289,26,10,9,5,retired,wealth_generation,medium,books,3,2,4,4,3,0.62,0.379,0.558,moderate,0.583,0.278,0.093,0.046,0.596,0.257,0.061,0.086
50,47303,5345606,0.183,0.168,28,9,14,6,employee,wealth_generation,high,friends,2,4,2,3,2,0.53,0.49,0.484,moderate,0.619,0.254,0.085,0.042,0.648,0.217,0.097,0.037
43,47353,5347381,0.081,0.156,27,12,3,3,unemployed,wealth_generation,medium,advisor,3,4,3,2,2,0.59,0.416,0.558,moderate,0.531,0.312,0.104,0.052,0.531,0.306,0.099,0.064
31,47360,5359347,0.216,0.012,7,6,8,2,self-employed,income,low,books,3,2,3,5,2,0.58,0.543,0.558,moderate,0.575,0.283,0.094,0.047,0.58,0.286,0.093,0.04
38,47407,5361766,0.154,0.372,15,3,9,3,retired,income,medium,books,5,3,3,3,1,0.64,0.335,0.549,moderate,0.583,0.278,0.093,0.046,0.537,0.26,0.127,0.075
43,47410,5367507,0.156,0.408,27,10,12,6,self-employed,wealth_generation,low,online,3,1,3,3,1,0.44,0.333,0.394,moderate,0.605,0.263,0.088,0.044,0.607,0.272,0.051,0.069
38,47427,5369998,0.126,0.366,22,14,11,1,employee,retirement,low,friends,3,3,3,3,2,0.57,0.368,0.44,moderate,0.598,0.268,0.089,0.045,0.602,0.222,0.106,0.07
40,47451,5370641,0.24,0.073,23,5,6,4,employee,retirement,low,books,3,4,3,3,4,0.68,0.522,0.58,moderate,0.559,0.294,0.098,0.049,0.547,0.27,0.109,0.073
41,47475,5371808,0.117,0.363,24,11,12,5,employee,retirement,medium,online,5,3,1,2,4,0.62,0.372,0.513,moderate,0.605,0.263,0.088,0.044,0.612,0.319,0.036,0.033
41,47490,5377248,0.057,0.05,20,4,22,5,retired,retirement,low,online,5,2,3,3,2,0.62,0.548,0.541,moderate,0.625,0.25,0.083,0.042,0.601,0.26,0.078,0.061
42,47526,5379244,0.113,0.093,26,15,2,3,employee,income,low,none,5,4,3,3,4,0.78,0.498,0.683,aggressive,0.734,0.16,0.053,0.053,0.7,0.175,0.066,0.059
33,47585,5382675,0.198,0.238,14,9,15,6,employee,wealth_generation,medium,books,4,3,4,3,1,0.63,0.452,0.584,moderate,0.625,0.25,0.083,0.042,0.641,0.254,0.085,0.02
36,47586,5385441,0.185,0.25,14,7,14,1,self-employed,wealth_generation,low,advisor,2,2,4,2,4,0.54,0.427,0.45,moderate,0.619,0.254,0.085,0.042,0.631,0.269,0.088,0.011
31,47600,5386751,0.086,0.39,7,11,22,2,employee,income,low,books,5,4,3,2,3,0.72,0.376,0.574,moderate,0.625,0.25,0.083,0.042,0.625,0.255,0.071,0.048
49,47600,5388315,0.063,0.326,31,11,14,2,retired,retirement,low,advisor,2,2,2,4,2,0.46,0.371,0.421,moderate,0.619,0.254,0.085,0.042,0.604,0.26,0.105,0.032
25,47623,5391486,0.185,0.12,6,13,14,0,employee,education,high,advisor,3,3,4,1,1,0.52,0.519,0.54,moderate,0.619,0.254,0.085,0.042,0.594,0.273,0.075,0.058
51,47652,5394093,0.189,0.155,31,13,17,3,unemployed,wealth_generation,medium,online,3,2,4,3,5,0.65,0.457,0.585,moderate,0.625,0.25,0.083,0.042,0.648,0.274,0.078,0.0
53,47699,5396418,0.127,0.18,33,1,7,1,employee,home_purchase,low,online,3,3,2,3,4,0.59,0.465,0.527,moderate,0.567,0.288,0.096,0.048,0.587,0.267,0.106,0.039
39,47722,5404040,0.232,0.104,22,2,13,4,employee,retirement,low,none,4,3,4,3,2,0.66,0.526,0.564,moderate,0.612,0.259,0.086,0.043,0.58,0.296,0.106,0.017
21,47752,5404578,0.312,0.181,1,12,12,3,employee,wealth_generation,low,books,2,4,4,2,4,0.64,0.478,0.575,moderate,0.605,0.263,0.088,0.044,0.567,0.281,0.087,0.065
39,47776,5410010,0.091,0.347,23,15,10,4,self-employed,wealth_generation,low,online,2,2,3,2,4,0.5,0.363,0.442,moderate,0.591,0.273,0.091,0.045,0.635,0.251,0.11,0.005
41,47781,5411761,0.168,0.162,19,4,3,2,employee,education,low,friends,4,2,4,2,3,0.61,0.464,0.527,moderate,0.531,0.312,0.104,0.052,0.56,0.315,0.096,0.029
33,47786,5415155,0.006,0.401,13,0,8,1,employee,education,medium,online,4,4,3,3,2,0.67,0.341,0.602,moderate,0.575,0.283,0.094,0.047,0.625,0.284,0.051,0.04
37,47787,5419816,0.197,0.248,16,4,7,1,employee,wealth_generation,low,online,3,4,5,3,4,0.76,0.426,0.632,moderate,0.567,0.288,0.096,0.048,0.608,0.308,0.078,0.005
54,47834,5420304,0.136,0.194,30,5,16,2,employee,wealth_generation,low,advisor,4,3,4,2,3,0.66,0.481,0.569,moderate,0.625,0.25,0.083,0.042,0.622,0.247,0.089,0.042
47,47840,5421007,0.088,0.228,29,10,22,1,employee,income,low,books,3,3,4,2,3,0.61,0.477,0.54,moderate,0.625,0.25,0.083,0.042,0.632,0.239,0.128,0.001
34,47854,5421149,0.206,0.339,18,1,7,2,retired,retirement,low,books,3,2,3,2,2,0.49,0.348,0.458,moderate,0.567,0.288,0.096,0.048,0.636,0.273,0.049,0.042
29,47860,5422746,0.222,0.265,6,3,3,4,self-employed,retirement,low,books,2,3,3,2,4,0.55,0.392,0.522,moderate,0.531,0.312,0.104,0.052,0.495,0.322,0.09,0.093
39,47876,5430828,0.063,0.01,22,13,42,2,student,retirement,low,friends,4,3,2,3,3,0.61,0.629,0.636,moderate,0.625,0.25,0.083,0.042,0.609,0.256,0.106,0.029
40,47895,5431490,0.032,0.467,23,2,15,2,employee,retirement,low,none,2,2,4,3,4,0.57,0.317,0.499,moderate,0.625,0.25,0.083,0.042,0.591,0.229,0.117,0.064
45,47922,5434355,0.12,0.067,26,10,20,1,employee,home_purchase,low,advisor,3,4,4,3,4,0.72,0.57,0.623,moderate,0.625,0.25,0.083,0.042,0.633,0.236,0.08,0.051
37,47923,5435859,0.178,0.485,17,5,5,6,employee,wealth_generation,low,online,3,2,2,2,4,0.51,0.288,0.42,moderate,0.55,0.3,0.1,0.05,0.588,0.265,0.101,0.046
46,47931,5437359,0.217,0.034,30,9,18,1,employee,income,medium,advisor,3,3,4,3,1,0.58,0.584,0.547,moderate,0.625,0.25,0.083,0.042,0.628,0.285,0.081,0.006
57,47942,5438959,0.162,0.367,39,1,18,2,employee,home_purchase,low,advisor,2,5,3,1,3,0.59,0.383,0.531,moderate,0.625,0.25,0.083,0.042,0.644,0.262,0.079,0.015
48,47951,5439770,0.169,0.271,25,4,5,3,employee,retirement,low,online,5,3,3,1,3,0.64,0.408,0.574,moderate,0.55,0.3,0.1,0.05,0.579,0.308,0.113,0.0
41,47956,5445583,0.219,0.261,20,6,5,5,employee,wealth_generation,low,friends,1,2,2,5,4,0.5,0.414,0.436,moderate,0.55,0.3,0.1,0.05,0.544,0.269,0.097,0.09
40,47961,5448359,0.159,0.072,22,12,8,3,employee,wealth_generation,high,advisor,4,2,3,2,2,0.54,0.53,0.518,moderate,0.575,0.283,0.094,0.047,0.604,0.29,0.047,0.06
39,47972,5453662,0.175,0.16,17,7,6,3,self-employed,home_purchase,medium,online,3,3,3,2,3,0.57,0.456,0.496,moderate,0.559,0.294,0.098,0.049,0.55,0.331,0.075,0.044
51,48055,5454022,0.156,0.37,30,1,26,4,retired,education,medium,books,3,2,3,1,1,0.43,0.373,0.414,moderate,0.625,0.25,0.083,0.042,0.635,0.25,0.109,0.006
36,48061,5459041,0.246,0.439,16,11,9,4,self-employed,retirement,medium,advisor,5,3,3,4,2,0.7,0.311,0.541,moderate,0.583,0.278,0.093,0.046,0.578,0.276,0.111,0.035
42,48065,5459332,0.098,0.269,19,1,17,1,employee,retirement,low,books,3,4,2,3,2,0.58,0.439,0.525,moderate,0.625,0.25,0.083,0.042,0.667,0.192,0.099,0.042
42,48065,5460827,0.105,0.206,19,15,18,2,employee,wealth_generation,low,friends,4,3,4,4,3,0.72,0.48,0.614,moderate,0.625,0.25,0.083,0.042,0.6,0.201,0.123,0.076
37,48077,5461269,0.069,0.062,19,3,9,7,employee,retirement,high,books,3,3,4,4,2,0.64,0.538,0.654,aggressive,0.769,0.139,0.046,0.046,0.767,0.154,0.014,0.066
31,48088,5461708,0.225,0.328,8,6,15,3,employee,wealth_generation,medium,online,1,2,3,3,2,0.42,0.4,0.441,moderate,0.625,0.25,0.083,0.042,0.606,0.262,0.054,0.078
44,48090,5465021,0.136,0.177,20,1,4,3,employee,retirement,medium,online,3,2,3,2,5,0.58,0.458,0.527,moderate,0.541,0.306,0.102,0.051,0.538,0.353,0.104,0.005
41,48236,5466061,0.123,0.058,23,7,10,1,employee,wealth_generation,medium,online,4,4,3,4,3,0.73,0.544,0.61,moderate,0.591,0.273,0.091,0.045,0.549,0.32,0.077,0.055
46,48243,5473761,0.318,0.321,23,7,25,5,employee,retirement,medium,friends,3,1,3,2,3,0.47,0.427,0.402,moderate,0.625,0.25,0.083,0.042,0.638,0.21,0.09,0.062
37,48250,5475708,0.267,0.254,14,5,5,1,employee,education,low,online,3,2,3,4,2,0.55,0.418,0.449,moderate,0.55,0.3,0.1,0.05,0.596,0.3,0.075,0.029
51,48254,5482619,0.304,0.016,29,1,9,1,retired,retirement,low,books,3,2,2,3,4,0.54,0.526,0.547,moderate,0.583,0.278,0.093,0.046,0.583,0.285,0.053,0.079
34,48288,5484669,0.073,0.097,11,13,17,3,employee,wealth_generation,medium,none,1,5,3,3,2,0.57,0.543,0.554,moderate,0.625,0.25,0.083,0.042,0.59,0.294,0.084,0.033
55,48291,5485066,0.25,0.335,39,11,14,3,employee,wealth_generation,high,advisor,3,5,5,1,2,0.69,0.393,0.608,moderate,0.619,0.254,0.085,0.042,0.683,0.249,0.064,0.005
28,48307,5495841,0.119,0.065,10,8,14,7,retired,retirement,high,books,5,3,3,4,4,0.76,0.515,0.684,aggressive,0.788,0.127,0.042,0.042,0.764,0.103,0.075,0.058
45,48322,5496091,0.012,0.421,24,7,19,1,employee,income,low,online,1,3,5,3,2,0.55,0.352,0.404,moderate,0.625,0.25,0.083,0.042,0.692,0.217,0.091,0.0
45,48335,5496332,0.132,0.19,23,9,2,3,employee,retirement,medium,advisor,2,3,4,5,3,0.65,0.446,0.544,moderate,0.521,0.319,0.106,0.053,0.572,0.315,0.071,0.043
35,48357,5498108,0.155,0.083,13,2,17,2,employee,wealth_generation,medium,none,4,1,1,3,3,0.47,0.552,0.452,moderate,0.625,0.25,0.083,0.042,0.614,0.276,0.068,0.043
45,48359,5509757,0.062,0.361,24,15,20,4,retired,retirement,low,online,3,3,3,3,3,0.6,0.365,0.494,moderate,0.625,0.25,0.083,0.042,0.653,0.256,0.058,0.033
52,48377,5512136,0.16,0.268,33,4,2,3,employee,wealth_generation,low,books,2,2,4,2,3,0.51,0.403,0.477,moderate,0.521,0.319,0.106,0.053,0.524,0.321,0.142,0.013
24,48406,5518039,0.225,0.188,4,9,12,4,employee,retirement,low,books,4,3,4,2,5,0.72,0.475,0.624,moderate,0.605,0.263,0.088,0.044,0.61,0.25,0.092,0.048
46,48427,5518516,0.129,0.225,22,8,9,2,employee,wealth_generation,high,books,3,3,3,4,3,0.63,0.445,0.555,moderate,0.583,0.278,0.093,0.046,0.547,0.281,0.087,0.085
22,48444,5520837,0.124,0.027,6,8,3,3,self-employed,retirement,low,online,1,3,3,2,2,0.44,0.52,0.437,moderate,0.531,0.312,0.104,0.052,0.496,0.3,0.146,0.059
34,48497,5521679,0.121,0.32,17,13,10,3,employee,wealth_generation,low,books,3,5,4,3,2,0.71,0.393,0.653,aggressive,0.773,0.136,0.045,0.045,0.789,0.142,0.0,0.068
55,48525,5521989,0.265,0.21,35,4,14,3,self-employed,retirement,medium,advisor,2,4,4,2,4,0.64,0.451,0.569,moderate,0.619,0.254,0.085,0.042,0.61,0.263,0.092,0.035
37,48538,5523915,0.036,0.341,17,10,22,3,employee,wealth_generation,low,online,2,3,5,3,3,0.63,0.408,0.588,moderate,0.625,0.25,0.083,0.042,0.619,0.272,0.009,0.1
32,48548,5543190,0.142,0.306,10,8,14,3,employee,retirement,low,online,2,3,4,3,3,0.59,0.41,0.543,moderate,0.619,0.254,0.085,0.042,0.664,0.247,0.024,0.065
40,48615,5556388,0.105,0.315,17,1,19,5,employee,retirement,medium,online,4,2,3,2,3,0.57,0.417,0.527,moderate,0.625,0.25,0.083,0.042,0.651,0.249,0.083,0.017
58,48615,5557360,0.251,0.378,37,5,4,3,employee,wealth_generation,low,online,2,2,1,3,3,0.42,0.347,0.409,moderate,0.541,0.306,0.102,0.051,0.511,0.339,0.089,0.061
27,48624,5557542,0.057,0.307,6,12,6,6,employee,wealth_generation,high,books,4,2,3,4,3,0.63,0.391,0.518,moderate,0.559,0.294,0.098,0.049,0.504,0.266,0.148,0.083
33,48627,5561895,0.136,0.23,13,4,26,2,employee,education,low,online,3,1,3,3,4,0.53,0.487,0.495,moderate,0.625,0.25,0.083,0.042,0.646,0.247,0.107,0.0
53,48629,5564668,0.135,0.219,33,6,20,1,retired,retirement,low,none,4,3,3,3,3,0.65,0.446,0.566,moderate,0.625,0.25,0.083,0.042,0.61,0.223,0.102,0.064
56,48629,5565839,0.249,0.102,33,6,7,3,unemployed,income,low,books,3,4,3,3,3,0.65,0.456,0.568,moderate,0.567,0.288,0.096,0.048,0.574,0.273,0.089,0.063
41,48680,5566487,0.093,0.371,21,8,14,2,employee,education,low,advisor,2,2,1,5,4,0.51,0.372,0.381,moderate,0.619,0.254,0.085,0.042,0.693,0.223,0.084,0.0
32,48683,5568881,0.182,0.362,11,13,9,3,employee,wealth_generation,low,advisor,4,3,4,4,2,0.69,0.367,0.56,moderate,0.583,0.278,0.093,0.046,0.625,0.262,0.107,0.006
58,48691,5570605,0.071,0.164,40,3,11,2,unemployed,retirement,medium,books,2,4,3,2,4,0.6,0.436,0.552,moderate,0.598,0.268,0.089,0.045,0.603,0.255,0.067,0.075
54,48704,5574501,0.286,0.418,34,7,19,5,employee,wealth_generation,low,advisor,2,5,5,3,4,0.76,0.354,0.559,moderate,0.625,0.25,0.083,0.042,0.575,0.275,0.125,0.025
47,48718,5575518,0.171,0.291,23,6,16,3,employee,wealth_generation,medium,books,3,3,5,3,2,0.65,0.424,0.528,moderate,0.625,0.25,0.083,0.042,0.563,0.231,0.126,0.08
35,48722,5577312,0.178,0.251,17,4,7,3,unemployed,retirement,low,online,3,5,3,3,3,0.7,0.38,0.574,moderate,0.567,0.288,0.096,0.048,0.535,0.299,0.083,0.083
41,48722,5582954,0.14,0.022,18,14,8,5,employee,home_purchase,low,online,3,2,2,3,3,0.51,0.559,0.542,moderate,0.575,0.283,0.094,0.047,0.588,0.293,0.08,0.039
40,48752,5585214,0.122,0.217,18,0,8,1,self-employed,wealth_generation,low,online,4,3,4,3,4,0.72,0.432,0.6,moderate,0.575,0.283,0.094,0.047,0.558,0.279,0.113,0.05
44,48776,5590789,0.093,0.311,25,2,17,5,employee,retirement,low,advisor,4,3,3,2,4,0.65,0.415,0.566,moderate,0.625,0.25,0.083,0.042,0.671,0.232,0.067,0.03
53,48777,5592183,0.174,0.083,33,10,11,3,self-employed,wealth_generation,medium,none,1,1,4,1,3,0.38,0.515,0.438,moderate,0.598,0.268,0.089,0.045,0.587,0.301,0.09,0.022
49,48788,5593027,0.286,0.245,26,4,24,1,unemployed,wealth_generation,medium,online,4,4,5,3,3,0.78,0.427,0.627,moderate,0.625,0.25,0.083,0.042,0.61,0.239,0.072,0.079
33,48804,5596005,0.125,0.625,11,10,18,5,unemployed,wealth_generation,low,friends,3,2,3,2,4,0.55,0.205,0.411,moderate,0.625,0.25,0.083,0.042,0.643,0.246,0.079,0.032
53,48806,5601922,0.247,0.342,36,12,6,3,employee,retirement,low,advisor,4,2,2,3,3,0.56,0.372,0.484,moderate,0.559,0.294,0.098,0.049,0.568,0.314,0.108,0.01
44,48814,5604937,0.075,0.276,21,4,17,4,student,retirement,medium,online,2,3,4,4,5,0.68,0.4,0.569,moderate,0.625,0.25,0.083,0.042,0.557,0.301,0.124,0.018
47,48831,5609789,0.273,0.271,24,3,11,6,self-employed,wealth_generation,medium,books,3,2,2,4,5,0.6,0.41,0.519,moderate,0.598,0.268,0.089,0.045,0.585,0.289,0.078,0.048
53,48867,5609921,0.124,0.048,29,2,7,6,retired,retirement,low,online,3,3,3,3,2,0.57,0.503,0.553,moderate,0.567,0.288,0.096,0.048,0.619,0.299,0.056,0.025
33,48874,5614351,0.129,0.511,16,3,9,6,employee,retirement,low,online,3,5,3,3,3,0.7,0.281,0.561,moderate,0.583,0.278,0.093,0.046,0.582,0.264,0.056,0.098
41,48881,5616859,0.146,0.473,22,4,26,3,employee,wealth_generation,low,advisor,3,4,4,1,5,0.69,0.333,0.56,moderate,0.625,0.25,0.083,0.042,0.628,0.239,0.101,0.033
37,48889,5622009,0.198,0.328,20,13,11,4,employee,retirement,medium,none,4,3,2,3,4,0.64,0.391,0.471,moderate,0.598,0.268,0.089,0.045,0.54,0.286,0.113,0.06
29,48909,5625325,0.199,0.089,10,10,16,2,student,home_purchase,low,online,1,4,3,3,2,0.52,0.5,0.47,moderate,0.625,0.25,0.083,0.042,0.642,0.201,0.129,0.028
44,48933,5636447,0.149,0.147,26,0,11,5,retired,wealth_generation,low,advisor,1,5,3,5,4,0.69,0.462,0.617,moderate,0.598,0.268,0.089,0.045,0.575,0.269,0.103,0.053
62,48939,5637953,0.158,0.136,40,13,9,2,employee,wealth_generation,medium,books,3,3,4,4,3,0.67,0.497,0.576,moderate,0.583,0.278,0.093,0.046,0.563,0.274,0.084,0.079
27,48955,5638935,0.025,0.266,7,1,17,3,employee,retirement,medium,books,4,4,3,2,3,0.67,0.442,0.614,moderate,0.625,0.25,0.083,0.042,0.63,0.248,0.088,0.034
41,48993,5644090,0.114,0.147,19,9,19,6,employee,retirement,medium,books,2,3,3,3,4,0.58,0.52,0.512,moderate,0.625,0.25,0.083,0.042,0.682,0.238,0.054,0.026
47,48997,5650580,0.123,0.333,30,2,3,5,employee,retirement,medium,online,2,1,4,3,3,0.49,0.37,0.467,moderate,0.531,0.312,0.104,0.052,0.53,0.28,0.11,0.08
42,48998,5652155,0.165,0.275,23,1,7,6,self-employed,education,low,online,2,1,2,4,3,0.44,0.397,0.397,moderate,0.567,0.288,0.096,0.048,0.62,0.308,0.065,0.007
41,49082,5655640,0.164,0.022,20,10,11,3,retired,wealth_generation,low,online,3,1,5,3,5,0.64,0.53,0.63,moderate,0.598,0.268,0.089,0.045,0.578,0.299,0.068,0.055
31,49091,5657230,0.196,0.354,11,6,8,1,retired,wealth_generation,low,friends,3,5,2,1,3,0.6,0.344,0.475,moderate,0.575,0.283,0.094,0.047,0.572,0.24,0.111,0.077
43,49134,5657724,0.198,0.138,26,8,17,6,self-employed,education,medium,books,4,4,3,5,3,0.76,0.502,0.628,moderate,0.625,0.25,0.083,0.042,0.632,0.199,0.049,0.12
35,49171,5659193,0.098,0.395,13,6,4,3,retired,home_purchase,low,advisor,3,3,2,3,4,0.59,0.314,0.482,moderate,0.541,0.306,0.102,0.051,0.548,0.346,0.106,0.0
24,49196,5674481,0.211,0.206,7,1,17,6,employee,wealth_generation,medium,friends,4,3,3,2,4,0.65,0.478,0.537,moderate,0.625,0.25,0.083,0.042,0.62,0.224,0.138,0.019
51,49222,5685193,0.018,0.2,27,10,13,4,retired,wealth_generation,low,books,2,2,1,2,2,0.36,0.439,0.363,moderate,0.612,0.259,0.086,0.043,0.615,0.286,0.04,0.059
49,49240,5690164,0.198,0.016,27,11,8,5,student,income,high,books,2,2,2,4,2,0.46,0.514,0.508,moderate,0.575,0.283,0.094,0.047,0.542,0.305,0.102,0.051
42,49298,5696602,0.06,0.59,24,1,9,4,employee,retirement,low,advisor,1,2,2,3,3,0.41,0.236,0.384,moderate,0.583,0.278,0.093,0.046,0.576,0.298,0.051,0.075
43,49301,5709267,0.201,0.3,22,5,6,5,employee,retirement,low,friends,2,3,4,4,4,0.65,0.396,0.542,moderate,0.559,0.294,0.098,0.049,0.594,0.315,0.071,0.02
50,49304,5719771,0.158,0.231,30,7,7,1,employee,wealth_generation,medium,online,3,3,4,3,2,0.61,0.437,0.526,moderate,0.567,0.288,0.096,0.048,0.578,0.276,0.111,0.035
43,49306,5729455,0.141,0.088,19,8,15,7,employee,retirement,medium,online,3,2,3,4,3,0.58,0.544,0.52,moderate,0.625,0.25,0.083,0.042,0.664,0.256,0.052,0.028
49,49329,5732030,0.192,0.335,31,8,9,2,retired,retirement,low,none,2,4,4,2,4,0.64,0.357,0.546,moderate,0.583,0.278,0.093,0.046,0.552,0.271,0.096,0.082
39,49336,5734418,0.029,0.179,22,9,15,0,employee,retirement,medium,online,4,2,4,2,3,0.61,0.49,0.549,moderate,0.625,0.25,0.083,0.042,0.607,0.239,0.113,0.041
52,49344,5739196,0.095,0.593,35,17,12,3,employee,retirement,high,none,2,2,4,3,2,0.51,0.239,0.365,moderate,0.605,0.263,0.088,0.044,0.61,0.24,0.063,0.087
44,49379,5741446,0.176,0.501,25,5,5,4,employee,retirement,low,books,2,2,3,5,3,0.56,0.281,0.457,moderate,0.55,0.3,0.1,0.05,0.558,0.311,0.102,0.029
43,49379,5741590,0.234,0.35,27,7,11,4,self-employed,retirement,low,advisor,3,5,2,4,3,0.69,0.366,0.521,moderate,0.598,0.268,0.089,0.045,0.557,0.235,0.136,0.072
31,49409,5741696,0.13,0.538,7,9,16,2,employee,retirement,low,friends,3,3,3,3,3,0.6,0.277,0.475,moderate,0.625,0.25,0.083,0.042,0.648,0.248,0.1,0.003
44,49454,5743782,0.104,0.093,26,8,8,4,employee,wealth_generation,low,books,3,3,1,4,4,0.58,0.519,0.544,moderate,0.575,0.283,0.094,0.047,0.531,0.317,0.104,0.048
35,49492,5744170,0.157,0.177,15,5,14,5,retired,wealth_generation,low,books,3,4,2,5,3,0.67,0.455,0.59,moderate,0.619,0.254,0.085,0.042,0.57,0.291,0.056,0.082
36,49517,5749502,0.177,0.167,19,8,6,4,retired,education,low,advisor,1,4,4,5,5,0.71,0.438,0.558,moderate,0.559,0.294,0.098,0.049,0.585,0.244,0.122,0.049
35,49544,5750474,0.137,0.071,12,9,5,3,employee,home_purchase,medium,none,4,3,4,2,3,0.66,0.523,0.611,moderate,0.55,0.3,0.1,0.05,0.585,0.33,0.024,0.061
33,49544,5756317,0.244,0.54,15,8,9,4,employee,retirement,low,books,5,1,3,3,4,0.63,0.265,0.431,moderate,0.583,0.278,0.093,0.046,0.523,0.298,0.145,0.034
58,49592,5758222,0.158,0.062,38,3,9,5,self-employed,retirement,low,none,3,4,3,4,3,0.68,0.522,0.625,moderate,0.583,0.278,0.093,0.046,0.567,0.294,0.088,0.05
52,49594,5780776,0.029,0.414,30,7,17,6,retired,home_purchase,low,online,3,3,4,4,4,0.7,0.33,0.549,moderate,0.625,0.25,0.083,0.042,0.644,0.221,0.122,0.013
57,49639,5784198,0.095,0.365,40,13,11,0,unemployed,retirement,medium,online,4,2,3,3,4,0.63,0.332,0.455,moderate,0.598,0.268,0.089,0.045,0.607,0.308,0.049,0.037
32,49650,5786196,0.143,0.214,14,13,3,1,employee,wealth_generation,medium,books,3,3,2,4,4,0.62,0.437,0.546,moderate,0.531,0.312,0.104,0.052,0.605,0.285,0.096,0.014
42,49680,5791615,0.194,0.024,19,10,14,0,self-employed,retirement,low,online,4,3,4,3,4,0.72,0.56,0.677,aggressive,0.788,0.127,0.042,0.042,0.72,0.163,0.069,0.047
31,49698,5792501,0.094,0.008,8,9,11,3,employee,wealth_generation,high,advisor,4,2,3,3,2,0.57,0.578,0.56,moderate,0.598,0.268,0.089,0.045,0.593,0.291,0.109,0.007
36,49700,5793120,0.31,0.145,18,2,8,3,employee,income,medium,online,4,1,4,4,1,0.56,0.49,0.493,moderate,0.575,0.283,0.094,0.047,0.59,0.257,0.111,0.042
34,49700,5797233,0.117,0.257,12,6,18,3,retired,wealth_generation,low,online,3,3,4,2,4,0.64,0.421,0.54,moderate,0.625,0.25,0.083,0.042,0.605,0.27,0.088,0.037
51,49712,5798299,0.159,0.244,34,2,5,4,student,wealth_generation,medium,none,4,3,4,3,4,0.72,0.388,0.519,moderate,0.55,0.3,0.1,0.05,0.596,0.257,0.103,0.044
38,49718,5798364,0.017,0.29,14,11,21,3,unemployed,wealth_generation,high,books,5,4,4,3,5,0.85,0.395,0.678,aggressive,0.792,0.125,0.042,0.042,0.805,0.112,0.083,0.0
50,49720,5808274,0.247,0.367,27,4,8,2,employee,retirement,low,none,4,3,4,3,4,0.72,0.363,0.6,moderate,0.575,0.283,0.094,0.047,0.632,0.268,0.035,0.064
46,49753,5808755,0.216,0.215,22,10,11,3,employee,income,medium,advisor,3,2,2,3,4,0.54,0.458,0.493,moderate,0.598,0.268,0.089,0.045,0.565,0.284,0.083,0.067
60,49754,5821378,0.088,0.124,36,11,22,0,retired,retirement,low,online,3,2,2,4,3,0.54,0.508,0.52,moderate,0.625,0.25,0.083,0.042,0.642,0.251,0.044,0.062
30,49781,5826287,0.271,0.381,8,13,17,5,employee,income,low,friends,1,3,3,3,2,0.47,0.373,0.465,moderate,0.625,0.25,0.083,0.042,0.688,0.235,0.077,0.0
52,49790,5830589,0.116,0.198,33,10,3,3,employee,wealth_generation,medium,online,4,3,3,3,3,0.65,0.446,0.615,moderate,0.531,0.312,0.104,0.052,0.536,0.272,0.118,0.074
51,49797,5835452,0.192,0.18,31,7,13,4,self-employed,retirement,low,none,3,3,3,3,4,0.63,0.467,0.587,moderate,0.612,0.259,0.086,0.043,0.601,0.25,0.111,0.038
34,49839,5836675,0.225,0.364,12,8,8,2,employee,wealth_generation,low,none,2,3,3,4,4,0.61,0.365,0.481,moderate,0.575,0.283,0.094,0.047,0.571,0.254,0.124,0.051
50,49863,5840415,0.204,0.48,30,4,11,4,employee,wealth_generation,low,online,3,2,3,5,3,0.61,0.303,0.524,moderate,0.598,0.268,0.089,0.045,0.584,0.262,0.123,0.031
44,49880,5844835,0.262,0.46,21,3,16,3,self-employed,wealth_generation,low,online,3,3,2,2,2,0.5,0.313,0.444,moderate,0.625,0.25,0.083,0.042,0.646,0.225,0.071,0.059
40,49931,5845590,0.24,0.112,20,2,11,2,employee,education,low,advisor,3,3,3,4,5,0.69,0.518,0.628,moderate,0.598,0.268,0.089,0.045,0.559,0.286,0.128,0.027
35,49931,5849868,0.355,0.26,15,3,3,4,unemployed,wealth_generation,low,advisor,5,3,4,4,4,0.8,0.367,0.636,moderate,0.531,0.312,0.104,0.052,0.527,0.348,0.116,0.008
36,49943,5857520,0.085,0.085,16,15,12,1,self-employed,retirement,low,advisor,4,2,5,5,4,0.77,0.518,0.701,aggressive,0.781,0.132,0.044,0.044,0.708,0.128,0.096,0.068
58,49976,5857907,0.114,0.518,39,2,2,3,retired,income,low,online,4,3,3,4,3,0.68,0.247,0.451,moderate,0.521,0.319,0.106,0.053,0.553,0.296,0.033,0.118
42,49988,5865859,0.18,0.15,20,10,9,4,unemployed,wealth_generation,medium,online,3,3,3,5,3,0.66,0.439,0.567,moderate,0.583,0.278,0.093,0.046,0.556,0.236,0.119,0.089
48,50008,5869857,0.202,0.142,31,3,11,3,employee,retirement,low,online,3,3,2,4,3,0.59,0.501,0.52,moderate,0.598,0.268,0.089,0.045,0.632,0.28,0.033,0.055
35,50010,5875119,0.16,0.437,16,17,14,4,employee,education,medium,friends,3,3,2,5,3,0.62,0.334,0.518,moderate,0.619,0.254,0.085,0.042,0.608,0.247,0.078,0.068
35,50066,5878846,0.048,0.531,17,5,11,2,retired,wealth_generation,low,friends,5,3,4,4,4,0.8,0.255,0.558,moderate,0.598,0.268,0.089,0.045,0.61,0.249,0.101,0.041
50,50067,5882577,0.232,0.334,27,5,5,1,retired,home_purchase,low,books,3,1,5,2,5,0.61,0.349,0.598,moderate,0.55,0.3,0.1,0.05,0.571,0.306,0.094,0.029
31,50085,5882946,0.292,0.103,9,5,23,1,employee,retirement,medium,friends,3,5,4,4,3,0.77,0.56,0.709,aggressive,0.792,0.125,0.042,0.042,0.819,0.147,0.025,0.009
38,50088,5889588,0.135,0.254,20,11,14,2,retired,retirement,low,online,3,3,3,3,3,0.6,0.413,0.49,moderate,0.619,0.254,0.085,0.042,0.586,0.235,0.109,0.069
42,50099,5891126,0.096,0.39,23,3,8,3,employee,retirement,low,none,2,2,4,2,2,0.48,0.35,0.457,moderate,0.575,0.283,0.094,0.047,0.563,0.29,0.109,0.038
42,50155,5896001,0.018,0.285,23,12,25,3,employee,income,low,none,3,1,3,3,4,0.53,0.451,0.486,moderate,0.625,0.25,0.083,0.042,0.682,0.21,0.064,0.044
40,50183,5898034,0.099,0.109,18,9,20,5,retired,retirement,medium,advisor,3,2,3,4,3,0.58,0.512,0.555,moderate,0.625,0.25,0.083,0.042,0.636,0.251,0.03,0.082
45,50226,5899342,0.194,0.13,22,3,5,5,employee,wealth_generation,medium,online,2,3,4,2,1,0.5,0.49,0.492,moderate,0.55,0.3,0.1,0.05,0.579,0.244,0.132,0.044
47,50257,5902558,0.259,0.419,28,1,14,4,employee,retirement,high,friends,5,3,3,3,3,0.7,0.345,0.503,moderate,0.619,0.254,0.085,0.042,0.62,0.264,0.074,0.042
47,50268,5903223,0.056,0.269,24,11,12,3,employee,home_purchase,medium,advisor,4,1,3,5,4,0.64,0.429,0.538,moderate,0.605,0.263,0.088,0.044,0.604,0.265,0.07,0.061
34,50282,5904329,0.163,0.337,18,3,6,2,employee,retirement,medium,online,4,3,3,3,2,0.62,0.376,0.488,moderate,0.559,0.294,0.098,0.049,0.564,0.296,0.07,0.07
39,50295,5907771,0.193,0.213,15,13,7,3,employee,home_purchase,low,advisor,4,2,3,3,5,0.66,0.449,0.503,moderate,0.567,0.288,0.096,0.048,0.55,0.306,0.101,0.043
51,50301,5912163,0.108,0.271,29,2,12,2,employee,education,low,books,3,4,4,3,2,0.66,0.428,0.551,moderate,0.605,0.263,0.088,0.044,0.644,0.25,0.077,0.029
49,50334,5914854,0.167,0.553,30,8,8,4,employee,wealth_generation,low,online,3,4,2,4,4,0.67,0.257,0.497,moderate,0.575,0.283,0.094,0.047,0.601,0.275,0.096,0.028
31,50370,5915733,0.198,0.197,8,9,19,5,employee,education,low,online,3,4,3,4,4,0.71,0.491,0.578,moderate,0.625,0.25,0.083,0.042,0.606,0.238,0.119,0.037
44,50445,5916842,0.23,0.325,27,9,4,3,employee,education,medium,advisor,1,2,4,4,2,0.49,0.378,0.478,moderate,0.541,0.306,0.102,0.051,0.558,0.276,0.104,0.062
26,50460,5923368,0.144,0.13,3,4,22,1,employee,education,high,books,5,1,4,3,2,0.61,0.541,0.593,moderate,0.625,0.25,0.083,0.042,0.66,0.284,0.056,0.0
42,50485,5927797,0.205,0.103,21,13,19,6,employee,wealth_generation,medium,books,2,2,3,5,4,0.59,0.548,0.576,moderate,0.625,0.25,0.083,0.042,0.634,0.282,0.02,0.064
57,50488,5929206,0.113,0.373,35,10,16,2,employee,home_purchase,medium,advisor,4,3,3,2,3,0.62,0.377,0.538,moderate,0.625,0.25,0.083,0.042,0.707,0.203,0.086,0.005
34,50498,5930418,0.093,0.406,12,7,7,6,employee,wealth_generation,medium,none,2,3,2,2,3,0.48,0.339,0.44,moderate,0.567,0.288,0.096,0.048,0.603,0.28,0.044,0.073
35,50501,5933870,0.086,0.322,18,8,15,5,employee,wealth_generation,medium,none,3,2,2,2,4,0.51,0.405,0.476,moderate,0.625,0.25,0.083,0.042,0.626,0.256,0.052,0.065
48,50519,5934011,0.125,0.123,31,7,10,3,employee,income,low,friends,3,2,2,2,3,0.48,0.509,0.538,moderate,0.591,0.273,0.091,0.045,0.608,0.297,0.077,0.018
29,50534,5935120,0.029,0.161,10,15,14,1,employee,wealth_generation,low,books,3,2,5,4,3,0.66,0.499,0.533,moderate,0.619,0.254,0.085,0.042,0.637,0.282,0.029,0.052
36,50582,5942512,0.109,0.456,15,13,8,6,employee,education,medium,friends,3,2,2,4,5,0.6,0.312,0.501,moderate,0.575,0.283,0.094,0.047,0.595,0.289,0.116,0.0
46,50585,5948973,0.184,0.181,27,3,19,4,employee,wealth_generation,low,online,1,3,4,3,5,0.6,0.501,0.549,moderate,0.625,0.25,0.083,0.042,0.591,0.28,0.079,0.05
36,50615,5960253,0.183,0.392,15,4,2,2,employee,wealth_generation,medium,none,4,3,3,3,3,0.65,0.337,0.567,moderate,0.521,0.319,0.106,0.053,0.503,0.344,0.106,0.047
40,50616,5963725,0.048,0.18,20,18,15,3,employee,retirement,low,online,3,3,3,1,3,0.54,0.49,0.531,moderate,0.625,0.25,0.083,0.042,0.587,0.211,0.116,0.086
47,50618,5963852,0.11,0.486,26,3,18,4,employee,retirement,low,online,2,2,2,4,2,0.46,0.312,0.398,moderate,0.625,0.25,0.083,0.042,0.612,0.268,0.11,0.01
45,50626,5971224,0.167,0.459,21,16,14,2,employee,income,low,online,2,4,2,2,4,0.56,0.321,0.508,moderate,0.619,0.254,0.085,0.042,0.586,0.23,0.117,0.068
44,50627,5977568,0.117,0.048,23,9,6,1,student,wealth_generation,medium,online,3,3,3,3,4,0.63,0.493,0.57,moderate,0.559,0.294,0.098,0.049,0.55,0.268,0.103,0.079
39,50664,5981687,0.137,0.367,18,1,8,2,employee,retirement,low,advisor,3,2,3,3,4,0.58,0.364,0.506,moderate,0.575,0.283,0.094,0.047,0.67,0.281,0.035,0.014
44,50667,5992087,0.197,0.129,21,5,12,1,employee,wealth_generation,low,books,2,3,2,4,4,0.57,0.512,0.528,moderate,0.605,0.263,0.088,0.044,0.586,0.269,0.103,0.042
41,50701,5993639,0.009,0.15,21,6,8,1,employee,retirement,low,online,3,3,2,2,4,0.56,0.488,0.535,moderate,0.575,0.283,0.094,0.047,0.587,0.303,0.076,0.035
45,50706,6003489,0.108,0.245,25,12,1,1,unemployed,wealth_generation,medium,none,2,3,3,4,3,0.58,0.371,0.558,moderate,0.511,0.326,0.109,0.054,0.521,0.334,0.068,0.076
38,50716,6008549,0.073,0.287,22,4,2,1,employee,wealth_generation,low,online,4,5,1,3,3,0.67,0.395,0.586,moderate,0.521,0.319,0.106,0.053,0.547,0.3,0.104,0.048
40,50732,6009544,0.068,0.195,19,4,17,2,retired,retirement,medium,friends,2,3,4,1,1,0.47,0.454,0.477,moderate,0.625,0.25,0.083,0.042,0.585,0.248,0.09,0.077
34,50734,6010310,0.29,0.286,18,14,3,6,employee,income,low,online,5,3,3,2,3,0.67,0.398,0.52,moderate,0.531,0.312,0.104,0.052,0.518,0.34,0.097,0.045
41,50743,6036602,0.129,0.129,18,1,22,4,retired,wealth_generation,medium,online,4,3,3,1,4,0.62,0.507,0.645,moderate,0.625,0.25,0.083,0.042,0.605,0.248,0.104,0.044
35,50756,6041589,0.158,0.028,11,7,10,3,employee,retirement,medium,none,3,2,4,2,4,0.59,0.565,0.543,moderate,0.591,0.273,0.091,0.045,0.6,0.24,0.143,0.017
33,50768,6042751,0.202,0.285,12,7,16,3,self-employed,home_purchase,low,none,4,3,3,2,3,0.62,0.416,0.541,moderate,0.625,0.25,0.083,0.042,0.672,0.251,0.077,0.0
44,50771,6043718,0.036,0.265,20,1,4,0,employee,retirement,low,online,3,5,2,3,3,0.66,0.412,0.575,moderate,0.541,0.306,0.102,0.051,0.637,0.291,0.033,0.039
43,50779,6079511,0.1,0.331,26,1,22,6,retired,education,low,advisor,3,2,4,4,4,0.65,0.39,0.565,moderate,0.625,0.25,0.083,0.042,0.655,0.221,0.025,0.099
48,50788,6087556,0.229,0.315,24,5,2,3,employee,wealth_generation,medium,advisor,2,3,3,2,4,0.55,0.38,0.461,moderate,0.521,0.319,0.106,0.053,0.537,0.313,0.087,0.063
38,50822,6088924,0.239,0.444,19,2,2,3,self-employed,retirement,low,online,3,4,3,5,3,0.71,0.297,0.565,moderate,0.521,0.319,0.106,0.053,0.503,0.312,0.12,0.065
45,50855,6092614,0.128,0.244,27,6,3,6,employee,retirement,medium,books,4,2,3,2,1,0.51,0.421,0.438,moderate,0.531,0.312,0.104,0.052,0.507,0.306,0.124,0.063
46,50857,6094535,0.128,0.011,30,8,4,4,employee,wealth_generation,high,none,3,4,3,3,3,0.65,0.555,0.662,aggressive,0.745,0.153,0.051,0.051,0.783,0.129,0.061,0.027
45,50870,6095163,0.208,0.307,29,9,11,2,retired,wealth_generation,medium,online,5,4,1,2,3,0.64,0.378,0.496,moderate,0.598,0.268,0.089,0.045,0.6,0.247,0.08,0.072
35,50883,6102617,0.112,0.325,12,7,17,6,employee,retirement,medium,books,2,3,2,2,3,0.48,0.409,0.436,moderate,0.625,0.25,0.083,0.042,0.643,0.221,0.069,0.067
43,50889,6104319,0.065,0.267,26,5,8,5,employee,retirement,low,advisor,1,1,4,4,3,0.47,0.421,0.468,moderate,0.575,0.283,0.094,0.047,0.597,0.292,0.071,0.04
44,50897,6104797,0.103,0.33,28,2,16,6,self-employed,retirement,low,books,3,3,5,3,5,0.74,0.39,0.595,moderate,0.625,0.25,0.083,0.042,0.635,0.26,0.089,0.015
42,50930,6116513,0.131,0.195,25,3,17,1,employee,retirement,low,books,5,3,3,3,3,0.7,0.488,0.66,aggressive,0.792,0.125,0.042,0.042,0.77,0.131,0.029,0.07
25,50931,6120338,0.038,0.118,7,6,21,6,retired,wealth_generation,low,online,3,4,2,5,2,0.64,0.511,0.626,moderate,0.625,0.25,0.083,0.042,0.54,0.272,0.138,0.05
43,50936,6121474,0.149,0.32,24,14,5,3,employee,retirement,medium,books,1,3,2,3,3,0.46,0.384,0.444,moderate,0.55,0.3,0.1,0.05,0.531,0.35,0.091,0.027
59,50959,6123187,0.203,0.163,35,3,5,4,self-employed,retirement,low,advisor,3,4,2,3,4,0.64,0.456,0.545,moderate,0.55,0.3,0.1,0.05,0.516,0.309,0.146,0.03
39,50978,6123795,0.156,0.243,17,5,4,2,self-employed,wealth_generation,low,online,2,1,4,2,2,0.43,0.41,0.418,moderate,0.541,0.306,0.102,0.051,0.544,0.309,0.088,0.059
36,51018,6124525,0.048,0.256,16,10,9,1,self-employed,wealth_generation,low,books,3,3,4,2,5,0.67,0.415,0.524,moderate,0.583,0.278,0.093,0.046,0.6,0.287,0.064,0.048
44,51026,6125825,0.141,0.251,24,9,11,1,employee,home_purchase,low,friends,2,3,2,3,3,0.51,0.438,0.456,moderate,0.598,0.268,0.089,0.045,0.606,0.236,0.095,0.063
44,51045,6125900,0.196,0.295,23,17,11,3,employee,wealth_generation,low,books,3,3,4,3,4,0.67,0.413,0.56,moderate,0.598,0.268,0.089,0.045,0.569,0.246,0.094,0.091
51,51046,6126809,0.041,0.035,35,3,7,2,unemployed,retirement,low,online,1,1,3,3,2,0.37,0.494,0.446,moderate,0.567,0.288,0.096,0.048,0.54,0.333,0.086,0.042
31,51110,6131011,0.042,0.6,10,0,14,1,retired,wealth_generation,low,none,3,4,4,3,3,0.69,0.222,0.516,moderate,0.619,0.254,0.085,0.042,0.689,0.2,0.098,0.013
47,51155,6135461,0.128,0.342,26,4,8,6,employee,retirement,medium,books,4,2,2,4,1,0.53,0.378,0.461,moderate,0.575,0.283,0.094,0.047,0.604,0.269,0.076,0.052
46,51159,6139444,0.088,0.232,26,2,9,4,employee,retirement,low,books,2,2,4,2,4,0.54,0.444,0.479,moderate,0.583,0.278,0.093,0.046,0.564,0.256,0.091,0.089
40,51166,6140383,0.272,0.139,16,7,4,3,retired,retirement,high,books,3,5,3,4,3,0.73,0.449,0.641,moderate,0.541,0.306,0.102,0.051,0.492,0.343,0.127,0.037
44,51171,6147212,0.169,0.077,24,13,13,4,self-employed,wealth_generation,low,advisor,3,3,3,3,4,0.63,0.528,0.572,moderate,0.612,0.259,0.086,0.043,0.607,0.262,0.081,0.051
50,51210,6153639,0.11,0.323,26,9,14,4,employee,retirement,high,online,5,3,4,4,1,0.71,0.403,0.608,moderate,0.619,0.254,0.085,0.042,0.567,0.281,0.084,0.069
48,51222,6161419,0.195,0.192,26,2,16,2,employee,retirement,medium,online,3,3,2,1,3,0.5,0.487,0.51,moderate,0.625,0.25,0.083,0.042,0.602,0.305,0.075,0.018
32,51229,6171164,0.128,0.156,14,2,21,4,employee,education,medium,advisor,5,3,3,5,4,0.79,0.522,0.715,aggressive,0.792,0.125,0.042,0.042,0.736,0.131,0.065,0.068
48,51229,6176960,0.07,0.216,24,14,17,4,employee,home_purchase,medium,online,2,2,5,2,2,0.52,0.475,0.476,moderate,0.625,0.25,0.083,0.042,0.619,0.217,0.13,0.034
41,51253,6178919,0.099,0.293,19,6,7,2,employee,retirement,medium,advisor,4,3,3,3,3,0.65,0.404,0.538,moderate,0.567,0.288,0.096,0.048,0.613,0.343,0.044,0.0
42,51256,6180827,0.182,0.323,23,14,7,2,employee,retirement,low,advisor,4,2,3,2,5,0.63,0.387,0.533,moderate,0.567,0.288,0.096,0.048,0.594,0.275,0.083,0.048
42,51265,6186880,0.038,0.313,18,10,22,3,employee,home_purchase,high,advisor,3,5,3,3,4,0.73,0.428,0.6,moderate,0.625,0.25,0.083,0.042,0.63,0.286,0.056,0.028
40,51288,6191348,0.107,0.419,19,20,17,4,employee,retirement,medium,advisor,2,5,3,3,4,0.68,0.352,0.529,moderate,0.625,0.25,0.083,0.042,0.62,0.291,0.065,0.024
51,51336,6193561,0.092,0.152,27,13,17,1,employee,retirement,low,online,3,2,3,1,2,0.46,0.514,0.461,moderate,0.625,0.25,0.083,0.042,0.629,0.241,0.081,0.048
41,51346,6195999,0.09,0.309,22,5,16,4,employee,retirement,low,advisor,3,5,5,4,1,0.75,0.416,0.578,moderate,0.625,0.25,0.083,0.042,0.579,0.245,0.141,0.036
33,51378,6204486,0.19,0.091,16,10,7,2,employee,home_purchase,medium,advisor,3,2,3,4,4,0.61,0.52,0.551,moderate,0.567,0.288,0.096,0.048,0.624,0.241,0.088,0.047
38,51388,6213477,0.227,0.276,14,6,19,4,employee,retirement,low,advisor,4,2,2,5,5,0.68,0.443,0.606,moderate,0.625,0.25,0.083,0.042,0.644,0.266,0.068,0.022
43,51416,6216360,0.198,0.289,24,3,5,6,employee,home_purchase,low,books,3,3,4,4,4,0.7,0.402,0.607,moderate,0.55,0.3,0.1,0.05,0.504,0.319,0.108,0.069
51,51445,6216503,0.182,0.151,34,3,9,5,employee,wealth_generation,high,books,2,4,3,2,2,0.54,0.492,0.53,moderate,0.583,0.278,0.093,0.046,0.606,0.256,0.089,0.048
46,51498,6217988,0.262,0.22,24,5,9,4,employee,education,low,advisor,2,4,2,3,1,0.5,0.452,0.473,moderate,0.583,0.278,0.093,0.046,0.56,0.261,0.106,0.073
35,51504,6224697,0.041,0.396,13,2,12,2,employee,wealth_generation,low,none,4,2,3,3,4,0.63,0.356,0.517,moderate,0.605,0.263,0.088,0.044,0.601,0.242,0.119,0.038
61,51516,6229831,0.081,0.118,41,3,11,4,employee,education,low,books,3,5,3,5,4,0.79,0.517,0.723,aggressive,0.777,0.134,0.045,0.045,0.707,0.132,0.067,0.094
44,51539,6230620,0.136,0.236,24,7,11,4,employee,retirement,low,advisor,3,4,3,3,3,0.65,0.448,0.595,moderate,0.598,0.268,0.089,0.045,0.598,0.277,0.113,0.012
52,51549,6230753,0.128,0.478,29,16,12,5,retired,retirement,low,none,3,5,5,3,4,0.81,0.287,0.522,moderate,0.605,0.263,0.088,0.044,0.597,0.275,0.063,0.066
40,51569,6231209,0.137,0.26,19,8,10,5,employee,retirement,low,books,4,4,4,4,4,0.8,0.431,0.627,moderate,0.591,0.273,0.091,0.045,0.519,0.263,0.123,0.095
46,51585,6231565,0.091,0.346,30,5,7,2,employee,retirement,medium,online,2,3,2,4,3,0.54,0.374,0.458,moderate,0.567,0.288,0.096,0.048,0.557,0.257,0.133,0.054
48,51595,6238864,0.075,0.396,29,3,14,4,employee,wealth_generation,low,friends,4,2,4,3,5,0.7,0.36,0.61,moderate,0.619,0.254,0.085,0.042,0.656,0.283,0.055,0.006
51,51599,6245984,0.155,0.145,35,3,17,2,retired,wealth_generation,medium,books,4,2,2,3,2,0.53,0.484,0.531,moderate,0.625,0.25,0.083,0.042,0.631,0.231,0.098,0.04
50,51634,6247781,0.268,0.151,30,9,11,2,retired,retirement,medium,friends,2,2,2,4,2,0.46,0.463,0.418,moderate,0.598,0.268,0.089,0.045,0.566,0.285,0.085,0.064
48,51681,6249905,0.132,0.361,28,12,14,3,employee,education,low,online,3,2,1,3,3,0.47,0.381,0.455,moderate,0.619,0.254,0.085,0.042,0.611,0.29,0.039,0.06
39,51691,6252994,0.033,0.358,20,5,12,3,self-employed,retirement,medium,friends,2,1,1,3,4,0.4,0.365,0.472,moderate,0.605,0.263,0.088,0.044,0.584,0.277,0.083,0.055
37,51692,6256380,0.195,0.062,13,7,3,4,employee,wealth_generation,low,books,2,2,4,3,3,0.54,0.524,0.558,moderate,0.531,0.312,0.104,0.052,0.586,0.256,0.159,0.0
44,51702,6261416,0.111,0.194,21,9,10,5,employee,income,low,books,3,3,2,3,2,0.53,0.469,0.48,moderate,0.591,0.273,0.091,0.045,0.545,0.279,0.103,0.073
49,51718,6264304,0.101,0.223,31,1,1,4,retired,retirement,low,books,1,2,4,4,3,0.52,0.398,0.516,moderate,0.511,0.326,0.109,0.054,0.512,0.353,0.13,0.005
40,51741,6270332,0.118,0.397,20,5,14,7,retired,retirement,low,none,4,4,3,4,5,0.79,0.335,0.618,moderate,0.619,0.254,0.085,0.042,0.61,0.232,0.135,0.023
50,51754,6270855,0.2,0.231,29,10,11,4,employee,retirement,medium,friends,2,3,5,2,3,0.6,0.451,0.52,moderate,0.598,0.268,0.089,0.045,0.636,0.229,0.086,0.049
53,51759,6272277,0.225,0.471,33,9,4,7,retired,income,medium,online,2,4,2,3,2,0.53,0.276,0.43,moderate,0.541,0.306,0.102,0.051,0.5,0.3,0.118,0.082
34,51762,6276823,0.17,0.659,11,1,12,4,employee,retirement,low,online,2,1,3,3,3,0.45,0.201,0.343,conservative,0.386,0.439,0.132,0.044,0.408,0.438,0.143,0.011
35,51768,6277395,0.118,0.372,15,3,21,3,retired,wealth_generation,medium,advisor,3,3,4,4,3,0.67,0.364,0.527,moderate,0.625,0.25,0.083,0.042,0.662,0.288,0.05,0.0
40,51770,6277403,0.115,0.321,17,9,9,3,student,education,low,books,3,3,5,4,3,0.71,0.359,0.533,moderate,0.583,0.278,0.093,0.046,0.593,0.277,0.071,0.059
44,51804,6278604,0.067,0.22,26,4,27,4,retired,income,high,books,3,3,3,3,1,0.54,0.468,0.493,moderate,0.625,0.25,0.083,0.042,0.636,0.261,0.075,0.028
37,51811,6279820,0.271,0.067,17,11,24,4,employee,wealth_generation,low,online,3,3,3,3,3,0.6,0.588,0.594,moderate,0.625,0.25,0.083,0.042,0.601,0.253,0.108,0.038
52,51833,6285208,0.181,0.285,33,0,17,4,retired,wealth_generation,medium,online,3,3,4,4,5,0.73,0.405,0.624,moderate,0.625,0.25,0.083,0.042,0.637,0.261,0.08,0.022
45,51890,6286649,0.023,0.209,24,3,18,4,retired,home_purchase,low,online,4,2,3,2,3,0.57,0.451,0.484,moderate,0.625,0.25,0.083,0.042,0.574,0.237,0.092,0.097
42,51941,6290605,0.186,0.205,24,4,10,5,employee,retirement,medium,friends,4,3,2,4,2,0.61,0.463,0.51,moderate,0.591,0.273,0.091,0.045,0.595,0.287,0.07,0.048
30,51949,6296867,0.143,0.33,11,14,10,2,employee,wealth_generation,low,books,2,3,1,3,4,0.5,0.391,0.459,moderate,0.591,0.273,0.091,0.045,0.625,0.258,0.066,0.051
31,52021,6299625,0.305,0.246,12,11,24,3,employee,wealth_generation,low,books,1,1,2,1,5,0.36,0.475,0.396,moderate,0.625,0.25,0.083,0.042,0.624,0.28,0.093,0.003
44,52047,6299777,0.225,0.358,24,13,9,4,employee,education,low,friends,3,2,2,5,4,0.6,0.372,0.497,moderate,0.583,0.278,0.093,0.046,0.586,0.274,0.118,0.023
24,52048,6312523,0.082,0.222,3,6,4,2,employee,retirement,low,advisor,3,4,3,2,2,0.59,0.438,0.501,moderate,0.541,0.306,0.102,0.051,0.599,0.307,0.094,0.0
50,52071,6314091,0.199,0.119,33,11,5,8,employee,home_purchase,low,online,2,2,4,2,4,0.54,0.499,0.497,moderate,0.55,0.3,0.1,0.05,0.562,0.356,0.062,0.02
40,52090,6324883,0.15,0.245,17,12,15,5,employee,home_purchase,medium,advisor,2,2,3,2,2,0.44,0.453,0.412,moderate,0.625,0.25,0.083,0.042,0.612,0.281,0.075,0.032
67,52119,6328602,0.086,0.502,48,5,9,2,employee,retirement,low,advisor,4,4,3,2,2,0.64,0.289,0.446,moderate,0.583,0.278,0.093,0.046,0.525,0.265,0.153,0.057
60,52120,6331330,0.194,0.382,38,21,6,3,self-employed,wealth_generation,medium,books,2,5,4,4,2,0.69,0.34,0.56,moderate,0.559,0.294,0.098,0.049,0.537,0.31,0.076,0.078
40,52155,6334002,0.162,0.146,18,12,18,4,employee,wealth_generation,low,online,2,4,3,3,3,0.6,0.521,0.583,moderate,0.625,0.25,0.083,0.042,0.567,0.239,0.102,0.092
41,52169,6334496,0.026,0.22,24,17,11,0,employee,income,low,books,3,4,2,3,4,0.64,0.458,0.617,moderate,0.598,0.268,0.089,0.045,0.676,0.24,0.045,0.038
49,52181,6355115,0.182,0.473,27,12,13,3,employee,wealth_generation,low,advisor,5,3,4,4,5,0.83,0.313,0.641,moderate,0.612,0.259,0.086,0.043,0.646,0.261,0.088,0.004
55,52195,6365989,0.18,0.104,39,11,5,2,employee,retirement,low,books,3,5,4,1,3,0.68,0.507,0.61,moderate,0.55,0.3,0.1,0.05,0.548,0.304,0.04,0.108
28,52198,6372942,0.074,0.167,11,15,6,5,employee,education,medium,books,2,5,3,2,4,0.65,0.475,0.594,moderate,0.559,0.294,0.098,0.049,0.539,0.279,0.151,0.031
27,52218,6376821,0.123,0.17,7,6,4,5,employee,home_purchase,low,none,4,3,3,3,1,0.59,0.467,0.53,moderate,0.541,0.306,0.102,0.051,0.531,0.252,0.149,0.069
37,52221,6380679,0.17,0.285,14,11,12,2,self-employed,education,medium,none,4,5,2,5,4,0.8,0.408,0.618,moderate,0.605,0.263,0.088,0.044,0.564,0.236,0.113,0.087
46,52270,6384900,0.072,0.227,24,3,17,5,employee,retirement,medium,books,3,4,5,3,3,0.73,0.469,0.645,moderate,0.625,0.25,0.083,0.042,0.61,0.274,0.056,0.06
45,52273,6385207,0.235,0.077,27,10,16,6,employee,retirement,low,none,2,3,4,3,2,0.56,0.558,0.568,moderate,0.625,0.25,0.083,0.042,0.652,0.208,0.071,0.069
50,52281,6387826,0.024,0.307,26,11,7,3,retired,wealth_generation,low,friends,4,3,3,5,5,0.77,0.37,0.572,moderate,0.567,0.288,0.096,0.048,0.648,0.281,0.072,0.0
32,52290,6389930,0.06,0.089,12,10,19,1,employee,retirement,low,online,4,2,3,4,1,0.57,0.559,0.564,moderate,0.625,0.25,0.083,0.042,0.624,0.266,0.11,0.0
23,52310,6394896,0.065,0.298,5,12,4,5,employee,wealth_generation,medium,online,4,3,4,3,3,0.69,0.395,0.547,moderate,0.541,0.306,0.102,0.051,0.531,0.266,0.1,0.103
48,52311,6395303,0.159,0.262,26,5,4,2,employee,retirement,low,advisor,4,3,3,3,2,0.62,0.416,0.566,moderate,0.541,0.306,0.102,0.051,0.566,0.344,0.015,0.076
35,52313,6397299,0.177,0.257,16,7,19,3,employee,retirement,low,online,1,2,4,2,4,0.49,0.456,0.464,moderate,0.625,0.25,0.083,0.042,0.593,0.277,0.075,0.056
25,52361,6400668,0.134,0.068,9,0,7,1,employee,wealth_generation,medium,books,4,3,3,4,4,0.71,0.535,0.691,aggressive,0.76,0.144,0.048,0.048,0.721,0.144,0.061,0.074
43,52377,6402396,0.11,0.31,23,2,15,3,employee,wealth_generation,high,books,3,3,2,3,1,0.5,0.414,0.501,moderate,0.625,0.25,0.083,0.042,0.712,0.254,0.008,0.026
48,52399,6416610,0.222,0.234,25,8,1,3,self-employed,retirement,medium,none,3,2,3,2,1,0.46,0.408,0.407,moderate,0.511,0.326,0.109,0.054,0.533,0.315,0.104,0.048
41,52411,6421272,0.046,0.227,22,7,4,4,employee,income,low,friends,2,3,4,2,2,0.53,0.435,0.472,moderate,0.541,0.306,0.102,0.051,0.516,0.321,0.117,0.047
38,52416,6422875,0.109,0.294,16,3,13,0,retired,wealth_generation,medium,advisor,2,4,3,3,1,0.54,0.391,0.501,moderate,0.612,0.259,0.086,0.043,0.623,0.256,0.089,0.032
40,52425,6424393,0.031,0.298,17,3,6,4,unemployed,retirement,low,books,1,2,5,2,2,0.47,0.358,0.427,moderate,0.559,0.294,0.098,0.049,0.555,0.284,0.095,0.066
39,52470,6439370,0.013,0.019,15,5,2,5,employee,home_purchase,low,none,3,2,3,2,2,0.49,0.546,0.504,moderate,0.521,0.319,0.106,0.053,0.481,0.304,0.133,0.082
31,52497,6442488,0.124,0.105,7,10,11,0,unemployed,wealth_generation,medium,books,5,2,4,2,1,0.6,0.472,0.55,moderate,0.598,0.268,0.089,0.045,0.543,0.325,0.104,0.029
36,52525,6444731,0.088,0.159,16,8,8,4,self-employed,retirement,medium,books,3,2,3,2,4,0.55,0.468,0.514,moderate,0.575,0.283,0.094,0.047,0.544,0.324,0.112,0.02
46,52533,6456867,0.106,0.326,25,1,18,1,employee,retirement,low,advisor,1,4,3,3,2,0.52,0.412,0.507,moderate,0.625,0.25,0.083,0.042,0.689,0.228,0.046,0.036
44,52562,6458694,0.225,0.287,22,10,18,4,retired,education,low,online,3,3,3,3,2,0.57,0.407,0.496,moderate,0.625,0.25,0.083,0.042,0.604,0.288,0.081,0.027
43,52565,6460566,0.079,0.36,26,4,13,3,unemployed,income,low,friends,4,3,2,2,4,0.61,0.342,0.517,moderate,0.612,0.259,0.086,0.043,0.645,0.292,0.012,0.051
34,52596,6463288,0.214,0.353,10,9,8,3,unemployed,retirement,medium,online,4,4,4,4,3,0.77,0.335,0.61,moderate,0.575,0.283,0.094,0.047,0.558,0.279,0.14,0.023
40,52632,6465217,0.189,0.412,24,2,11,2,student,wealth_generation,medium,online,5,2,3,2,3,0.62,0.316,0.536,moderate,0.598,0.268,0.089,0.045,0.587,0.252,0.121,0.04
24,52644,6467792,0.119,0.215,3,23,15,2,employee,retirement,low,books,5,3,3,1,3,0.64,0.472,0.571,moderate,0.625,0.25,0.083,0.042,0.664,0.223,0.08,0.033
43,52680,6472888,0.162,0.203,22,1,3,1,employee,wealth_generation,medium,advisor,4,3,2,2,2,0.55,0.447,0.513,moderate,0.531,0.312,0.104,0.052,0.575,0.286,0.091,0.047
53,52684,6474479,0.142,0.399,31,10,8,5,employee,home_purchase,low,books,2,5,3,4,3,0.68,0.347,0.558,moderate,0.575,0.283,0.094,0.047,0.528,0.278,0.098,0.095
30,52698,6474788,0.069,0.16,13,7,18,4,student,retirement,low,books,2,2,3,3,4,0.53,0.471,0.487,moderate,0.625,0.25,0.083,0.042,0.645,0.258,0.069,0.028
37,52727,6476088,0.257,0.245,16,1,10,7,employee,retirement,medium,books,4,3,1,3,3,0.57,0.441,0.514,moderate,0.591,0.273,0.091,0.045,0.573,0.266,0.099,0.063
44,52749,6478938,0.167,0.141,23,0,14,5,employee,retirement,low,friends,4,4,3,1,3,0.64,0.514,0.562,moderate,0.619,0.254,0.085,0.042,0.633,0.272,0.074,0.021
52,52765,6480857,0.246,0.459,28,5,4,5,employee,retirement,medium,online,2,3,2,3,1,0.45,0.305,0.413,moderate,0.541,0.306,0.102,0.051,0.562,0.298,0.083,0.057
38,52833,6481946,0.226,0.226,15,11,17,4,student,retirement,low,online,2,2,2,3,1,0.4,0.432,0.46,moderate,0.625,0.25,0.083,0.042,0.63,0.223,0.091,0.056
36,52836,6488188,0.051,0.149,16,1,4,1,self-employed,wealth_generation,medium,none,2,2,4,3,2,0.51,0.463,0.434,moderate,0.541,0.306,0.102,0.051,0.52,0.292,0.149,0.039
26,52853,6493096,0.091,0.332,4,9,19,6,employee,retirement,medium,books,2,2,1,5,3,0.48,0.411,0.482,moderate,0.625,0.25,0.083,0.042,0.652,0.249,0.099,0.0
42,52879,6499290,0.074,0.163,20,9,4,1,retired,education,low,none,2,2,2,3,1,0.4,0.439,0.414,moderate,0.541,0.306,0.102,0.051,0.58,0.27,0.116,0.034
58,52882,6507861,0.228,0.491,38,4,20,3,employee,retirement,medium,books,3,4,2,2,4,0.61,0.314,0.53,moderate,0.625,0.25,0.083,0.042,0.688,0.264,0.012,0.036
44,52906,6509806,0.239,0.211,22,1,9,5,self-employed,retirement,low,online,2,3,3,2,2,0.49,0.442,0.479,moderate,0.583,0.278,0.093,0.046,0.643,0.29,0.067,0.0
41,52915,6513490,0.159,0.32,23,14,14,3,self-employed,retirement,low,advisor,2,3,2,3,3,0.51,0.393,0.492,moderate,0.619,0.254,0.085,0.042,0.607,0.3,0.048,0.045
44,52916,6515491,0.06,0.203,22,4,19,1,retired,wealth_generation,medium,books,2,2,3,4,3,0.53,0.458,0.498,moderate,0.625,0.25,0.083,0.042,0.612,0.281,0.075,0.033
41,52939,6519856,0.071,0.385,20,2,1,3,retired,retirement,low,online,2,4,2,5,3,0.62,0.316,0.5,moderate,0.511,0.326,0.109,0.054,0.48,0.309,0.138,0.074
35,52949,6534084,0.223,0.444,14,9,7,8,unemployed,wealth_generation,high,online,2,4,3,3,3,0.6,0.286,0.503,moderate,0.567,0.288,0.096,0.048,0.584,0.342,0.06,0.014
48,52950,6537219,0.269,0.375,31,3,21,10,employee,home_purchase,medium,none,2,3,4,3,4,0.62,0.388,0.601,moderate,0.625,0.25,0.083,0.042,0.601,0.271,0.128,0.0
43,52956,6541724,0.089,0.409,26,6,9,4,employee,wealth_generation,low,advisor,3,3,3,3,3,0.6,0.343,0.481,moderate,0.583,0.278,0.093,0.046,0.605,0.339,0.056,0.0
42,52976,6548495,0.011,0.091,20,1,15,6,student,retirement,high,online,3,2,4,5,4,0.68,0.501,0.612,moderate,0.625,0.25,0.083,0.042,0.576,0.266,0.084,0.074
34,52982,6549065,0.119,0.469,18,20,5,1,retired,wealth_generation,low,none,1,3,2,3,4,0.49,0.28,0.384,moderate,0.55,0.3,0.1,0.05,0.554,0.311,0.132,0.002
52,52985,6552780,0.026,0.305,28,6,15,2,employee,wealth_generation,low,online,2,5,1,3,3,0.57,0.418,0.502,moderate,0.625,0.25,0.083,0.042,0.625,0.228,0.074,0.073
47,52988,6559203,0.227,0.423,29,24,3,3,employee,retirement,low,advisor,2,2,4,5,5,0.66,0.324,0.51,moderate,0.531,0.312,0.104,0.052,0.548,0.301,0.139,0.012
37,52996,6562925,0.151,0.328,16,5,16,0,retired,retirement,low,advisor,3,4,3,4,3,0.68,0.379,0.53,moderate,0.625,0.25,0.083,0.042,0.616,0.242,0.116,0.026
50,53001,6574256,0.181,0.144,32,5,8,3,self-employed,retirement,low,none,2,5,5,3,4,0.76,0.477,0.662,aggressive,0.764,0.142,0.047,0.047,0.734,0.184,0.051,0.031
38,53016,6575563,0.136,0.299,14,14,11,1,student,income,low,online,3,5,2,3,2,0.63,0.377,0.535,moderate,0.598,0.268,0.089,0.045,0.577,0.248,0.095,0.08
35,53024,6577988,0.122,0.084,13,4,5,3,employee,wealth_generation,low,none,1,3,3,2,4,0.5,0.52,0.481,moderate,0.55,0.3,0.1,0.05,0.609,0.262,0.083,0.045
35,53026,6589960,0.095,0.333,19,6,14,0,employee,wealth_generation,low,advisor,4,4,1,3,3,0.62,0.399,0.497,moderate,0.619,0.254,0.085,0.042,0.668,0.211,0.077,0.043
27,53033,6592249,0.211,0.226,8,1,8,2,retired,wealth_generation,medium,friends,2,3,2,2,2,0.45,0.416,0.462,moderate,0.575,0.283,0.094,0.047,0.554,0.282,0.133,0.031
45,53052,6592482,0.193,0.12,25,16,9,5,employee,wealth_generation,low,online,4,4,3,4,5,0.79,0.512,0.664,aggressive,0.769,0.139,0.046,0.046,0.726,0.206,0.029,0.039
27,53079,6596275,0.126,0.559,5,1,14,2,employee,wealth_generation,low,books,3,3,3,2,4,0.6,0.264,0.533,moderate,0.619,0.254,0.085,0.042,0.651,0.224,0.097,0.029
32,53103,6596501,0.117,0.447,10,10,5,1,self-employed,wealth_generation,low,online,3,2,2,2,4,0.51,0.303,0.425,moderate,0.55,0.3,0.1,0.05,0.501,0.285,0.122,0.092
25,53124,6601125,0.001,0.441,5,7,19,2,employee,retirement,low,friends,3,3,4,3,2,0.61,0.344,0.505,moderate,0.625,0.25,0.083,0.042,0.647,0.244,0.049,0.061
41,53159,6602060,0.044,0.376,25,1,16,5,employee,retirement,low,books,2,3,2,4,3,0.54,0.378,0.468,moderate,0.625,0.25,0.083,0.042,0.667,0.261,0.049,0.023
40,53171,6614905,0.178,0.332,20,0,13,4,employee,wealth_generation,low,advisor,3,2,4,4,3,0.62,0.398,0.489,moderate,0.612,0.259,0.086,0.043,0.597,0.271,0.089,0.043
39,53185,6623715,0.156,0.317,19,15,4,4,employee,education,low,none,4,3,3,5,3,0.71,0.386,0.538,moderate,0.541,0.306,0.102,0.051,0.543,0.311,0.12,0.026
33,53188,6629466,0.14,0.094,14,10,15,0,self-employed,wealth_generation,low,advisor,4,3,3,4,2,0.65,0.527,0.642,moderate,0.625,0.25,0.083,0.042,0.625,0.268,0.087,0.02
32,53191,6631150,0.227,0.447,11,9,2,3,employee,wealth_generation,low,advisor,2,4,3,4,3,0.63,0.308,0.542,moderate,0.521,0.319,0.106,0.053,0.501,0.337,0.116,0.047
45,53213,6639452,0.154,0.431,22,6,18,2,retired,retirement,low,advisor,5,4,5,5,2,0.86,0.325,0.617,moderate,0.625,0.25,0.083,0.042,0.636,0.28,0.084,0.0
37,53228,6655071,0.13,0.356,17,3,8,2,employee,retirement,low,advisor,4,4,4,4,3,0.77,0.372,0.626,moderate,0.575,0.283,0.094,0.047,0.559,0.302,0.102,0.036
44,53250,6672204,0.079,0.472,21,9,4,4,employee,wealth_generation,high,advisor,3,3,5,2,2,0.62,0.298,0.531,moderate,0.541,0.306,0.102,0.051,0.577,0.277,0.11,0.035
34,53261,6673284,0.225,0.278,14,8,5,5,employee,wealth_generation,low,friends,2,3,3,4,3,0.58,0.41,0.472,moderate,0.55,0.3,0.1,0.05,0.533,0.277,0.133,0.057
43,53283,6681719,0.168,0.24,25,10,25,2,employee,retirement,high,advisor,3,3,4,3,4,0.67,0.483,0.595,moderate,0.625,0.25,0.083,0.042,0.624,0.236,0.078,0.062
52,53288,6688568,0.056,0.531,29,5,17,5,retired,wealth_generation,low,online,3,3,4,3,4,0.67,0.267,0.493,moderate,0.625,0.25,0.083,0.042,0.592,0.236,0.096,0.076
46,53298,6695990,0.183,0.246,27,19,7,1,employee,retirement,low,books,5,3,4,4,3,0.77,0.433,0.64,moderate,0.567,0.288,0.096,0.048,0.568,0.227,0.1,0.105
38,53310,6698973,0.138,0.311,20,1,25,2,employee,retirement,medium,books,4,3,3,4,2,0.65,0.438,0.602,moderate,0.625,0.25,0.083,0.042,0.627,0.24,0.101,0.031
44,53335,6700658,0.222,0.213,26,1,5,2,employee,education,low,friends,1,3,3,5,3,0.56,0.447,0.527,moderate,0.55,0.3,0.1,0.05,0.547,0.311,0.14,0.002
40,53338,6701440,0.263,0.309,19,14,16,6,employee,wealth_generation,low,books,4,3,2,2,2,0.55,0.418,0.515,moderate,0.625,0.25,0.083,0.042,0.587,0.237,0.104,0.071
42,53339,6703523,0.173,0.344,19,8,14,2,employee,income,medium,online,4,3,4,4,3,0.72,0.393,0.523,moderate,0.619,0.254,0.085,0.042,0.624,0.197,0.123,0.055
39,53354,6707241,0.201,0.305,19,4,18,4,employee,retirement,low,online,1,5,3,1,3,0.54,0.426,0.515,moderate,0.625,0.25,0.083,0.042,0.65,0.183,0.13,0.037
40,53410,6721171,0.04,0.264,24,10,9,1,self-employed,wealth_generation,medium,online,2,2,3,2,4,0.5,0.413,0.464,moderate,0.583,0.278,0.093,0.046,0.588,0.286,0.07,0.056
43,53423,6723746,0.165,0.185,27,6,10,3,employee,retirement,medium,online,3,3,4,3,3,0.64,0.477,0.639,moderate,0.591,0.273,0.091,0.045,0.642,0.227,0.124,0.006
34,53429,6724125,0.207,0.312,16,0,14,3,employee,retirement,low,online,3,4,4,2,2,0.63,0.412,0.561,moderate,0.619,0.254,0.085,0.042,0.584,0.217,0.151,0.048
33,53444,6725956,0.152,0.454,12,9,10,0,retired,wealth_generation,low,books,2,3,2,2,2,0.45,0.298,0.379,moderate,0.591,0.273,0.091,0.045,0.59,0.278,0.078,0.054
30,53447,6730058,0.171,0.009,13,3,2,5,employee,income,medium,books,4,4,4,3,1,0.68,0.553,0.686,aggressive,0.734,0.16,0.053,0.053,0.732,0.119,0.098,0.052
29,53462,6731919,0.253,0.11,13,2,16,5,employee,retirement,low,books,2,2,2,4,3,0.49,0.539,0.507,moderate,0.625,0.25,0.083,0.042,0.564,0.272,0.128,0.036
32,53462,6733830,0.089,0.102,10,3,14,2,employee,retirement,low,online,3,4,2,4,2,0.61,0.538,0.589,moderate,0.619,0.254,0.085,0.042,0.58,0.252,0.152,0.016
43,53465,6745076,0.058,0.468,26,6,10,4,employee,income,medium,online,3,4,2,4,3,0.64,0.311,0.467,moderate,0.591,0.273,0.091,0.045,0.57,0.285,0.09,0.055
34,53472,6750765,0.192,0.32,11,1,8,3,employee,education,low,online,3,2,3,3,3,0.55,0.394,0.468,moderate,0.575,0.283,0.094,0.047,0.597,0.286,0.081,0.037
46,53497,6753562,0.226,0.503,29,13,8,5,employee,retirement,medium,online,2,4,4,4,5,0.73,0.288,0.531,moderate,0.575,0.283,0.094,0.047,0.573,0.292,0.096,0.039
42,53561,6756537,0.235,0.289,26,7,16,4,retired,wealth_generation,low,friends,2,2,3,3,4,0.53,0.402,0.473,moderate,0.625,0.25,0.083,0.042,0.631,0.241,0.087,0.04
26,53576,6761619,0.181,0.245,9,4,16,1,employee,education,low,online,2,2,3,3,4,0.53,0.457,0.464,moderate,0.625,0.25,0.083,0.042,0.643,0.224,0.056,0.077
47,53582,6763158,0.229,0.377,30,9,18,5,student,wealth_generation,low,advisor,3,1,5,3,5,0.64,0.35,0.472,moderate,0.625,0.25,0.083,0.042,0.667,0.23,0.031,0.072
48,53589,6771903,0.194,0.124,26,11,17,2,employee,wealth_generation,low,books,3,2,3,4,4,0.61,0.533,0.583,moderate,0.625,0.25,0.083,0.042,0.635,0.233,0.085,0.047
34,53593,6790636,0.054,0.216,18,8,16,2,employee,home_purchase,low,advisor,3,3,3,3,4,0.63,0.475,0.524,moderate,0.625,0.25,0.083,0.042,0.635,0.266,0.085,0.014
45,53645,6790700,0.209,0.247,27,3,7,4,unemployed,retirement,low,online,4,2,2,2,3,0.53,0.388,0.495,moderate,0.567,0.288,0.096,0.048,0.569,0.295,0.063,0.074
35,53646,6802549,0.084,0.185,15,2,4,2,employee,retirement,high,advisor,3,3,4,3,5,0.7,0.461,0.663,aggressive,0.745,0.153,0.051,0.051,0.723,0.132,0.073,0.072
42,53652,6804945,0.098,0.213,20,12,17,1,employee,wealth_generation,low,advisor,4,3,1,3,3,0.57,0.48,0.541,moderate,0.625,0.25,0.083,0.042,0.607,0.266,0.097,0.03
31,53662,6809264,0.132,0.075,10,3,4,2,employee,retirement,low,online,2,2,4,2,3,0.51,0.523,0.523,moderate,0.541,0.306,0.102,0.051,0.577,0.258,0.086,0.079
27,53737,6812613,0.116,0.142,4,0,27,5,retired,wealth_generation,low,books,3,3,2,3,2,0.53,0.517,0.458,moderate,0.625,0.25,0.083,0.042,0.675,0.241,0.003,0.08
38,53760,6813079,0.117,0.199,22,8,20,2,employee,wealth_generation,low,online,3,4,4,4,3,0.72,0.496,0.649,moderate,0.625,0.25,0.083,0.042,0.609,0.205,0.095,0.09
41,53803,6824017,0.081,0.379,19,2,12,2,retired,retirement,low,advisor,3,4,4,4,5,0.78,0.343,0.603,moderate,0.605,0.263,0.088,0.044,0.64,0.215,0.068,0.078
38,53804,6832417,0.112,0.135,14,20,9,2,employee,home_purchase,low,advisor,2,4,2,5,2,0.59,0.504,0.57,moderate,0.583,0.278,0.093,0.046,0.575,0.232,0.165,0.028
32,53817,6835651,0.018,0.203,10,13,12,2,employee,retirement,low,advisor,4,2,4,4,2,0.64,0.472,0.538,moderate,0.605,0.263,0.088,0.044,0.597,0.253,0.114,0.037
38,53818,6841898,0.148,0.066,17,8,16,4,employee,education,high,friends,2,3,3,2,1,0.46,0.566,0.494,moderate,0.625,0.25,0.083,0.042,0.649,0.222,0.075,0.055
44,53826,6844661,0.211,0.28,20,12,16,3,employee,education,low,advisor,4,4,2,3,4,0.69,0.437,0.626,moderate,0.625,0.25,0.083,0.042,0.605,0.266,0.125,0.004
41,53833,6847152,0.239,0.3,22,6,3,5,employee,retirement,medium,none,4,5,4,2,4,0.79,0.394,0.609,moderate,0.531,0.312,0.104,0.052,0.565,0.312,0.085,0.038
43,53851,6866746,0.225,0.42,22,11,18,4,employee,wealth_generation,low,online,2,3,4,2,3,0.56,0.355,0.468,moderate,0.625,0.25,0.083,0.042,0.607,0.237,0.064,0.093
36,53858,6870509,0.137,0.392,15,8,14,3,employee,wealth_generation,low,books,2,2,2,5,3,0.52,0.365,0.485,moderate,0.619,0.254,0.085,0.042,0.637,0.277,0.086,0.0
51,53935,6871348,0.201,0.18,33,0,2,3,employee,home_purchase,low,friends,5,4,4,2,3,0.76,0.458,0.66,aggressive,0.734,0.16,0.053,0.053,0.71,0.139,0.039,0.111
32,53948,6873020,0.11,0.112,10,15,8,4,employee,wealth_generation,low,online,2,3,3,3,4,0.58,0.515,0.586,moderate,0.575,0.283,0.094,0.047,0.565,0.29,0.121,0.025
45,53989,6873790,0.04,0.122,29,12,12,3,employee,retirement,low,advisor,3,4,2,3,3,0.61,0.521,0.553,moderate,0.605,0.263,0.088,0.044,0.578,0.273,0.089,0.059
51,54032,6874646,0.189,0.533,28,16,6,5,employee,wealth_generation,high,advisor,3,4,2,4,3,0.64,0.267,0.486,moderate,0.559,0.294,0.098,0.049,0.494,0.332,0.097,0.077
45,54039,6891216,0.183,0.324,22,10,5,6,employee,retirement,low,online,5,3,4,3,3,0.74,0.385,0.571,moderate,0.55,0.3,0.1,0.05,0.604,0.287,0.072,0.038
40,54050,6898207,0.22,0.047,17,5,1,4,retired,retirement,medium,online,3,3,3,3,4,0.63,0.491,0.546,moderate,0.511,0.326,0.109,0.054,0.487,0.319,0.142,0.053
37,54082,6902814,0.176,0.112,13,3,21,8,employee,retirement,low,friends,3,4,1,4,2,0.57,0.554,0.535,moderate,0.625,0.25,0.083,0.042,0.64,0.275,0.085,0.0
50,54093,6902875,0.078,0.254,31,3,3,4,employee,home_purchase,medium,books,1,5,4,3,4,0.67,0.42,0.569,moderate,0.531,0.312,0.104,0.052,0.553,0.33,0.096,0.021
30,54096,6902928,0.236,0.147,9,2,9,0,employee,wealth_generation,low,books,3,3,2,2,3,0.53,0.497,0.564,moderate,0.583,0.278,0.093,0.046,0.618,0.311,0.06,0.011
34,54103,6913753,0.178,0.383,12,3,6,3,employee,wealth_generation,medium,online,2,1,3,2,3,0.42,0.353,0.431,moderate,0.559,0.294,0.098,0.049,0.6,0.239,0.071,0.09
38,54111,6926372,0.221,0.286,21,7,16,2,employee,education,low,advisor,3,4,3,2,2,0.59,0.433,0.544,moderate,0.625,0.25,0.083,0.042,0.643,0.236,0.12,0.0
51,54153,6931794,0.212,0.3,30,9,15,2,employee,income,low,books,2,2,2,4,3,0.49,0.422,0.435,moderate,0.625,0.25,0.083,0.042,0.572,0.253,0.121,0.053
45,54162,6940684,0.112,0.246,22,4,18,3,retired,income,low,online,1,2,3,2,3,0.42,0.433,0.394,moderate,0.625,0.25,0.083,0.042,0.583,0.232,0.112,0.074
34,54173,6951665,0.049,0.168,15,7,13,2,employee,retirement,low,books,2,3,2,3,4,0.54,0.496,0.514,moderate,0.612,0.259,0.086,0.043,0.647,0.273,0.059,0.02
39,54173,6954645,0.083,0.292,19,5,13,2,retired,retirement,low,online,4,2,5,4,2,0.68,0.394,0.578,moderate,0.612,0.259,0.086,0.043,0.631,0.288,0.06,0.022
37,54213,6960495,0.056,0.342,14,9,10,3,employee,retirement,high,online,2,3,4,5,4,0.68,0.386,0.579,moderate,0.591,0.273,0.091,0.045,0.608,0.29,0.07,0.032
36,54226,6963442,0.1,0.212,18,19,14,2,retired,wealth_generation,low,advisor,2,2,4,2,4,0.54,0.441,0.508,moderate,0.619,0.254,0.085,0.042,0.618,0.206,0.095,0.08
49,54229,6974674,0.145,0.261,28,9,4,1,self-employed,retirement,medium,books,2,4,4,5,3,0.7,0.404,0.579,moderate,0.541,0.306,0.102,0.051,0.573,0.333,0.053,0.041
31,54234,6976094,0.257,0.404,15,1,15,5,self-employed,income,medium,advisor,3,3,3,2,4,0.6,0.348,0.506,moderate,0.625,0.25,0.083,0.042,0.608,0.283,0.064,0.044
54,54250,6977504,0.242,0.118,35,6,4,3,employee,education,low,advisor,4,3,2,3,3,0.61,0.499,0.549,moderate,0.541,0.306,0.102,0.051,0.544,0.318,0.107,0.031
48,54252,6978062,0.198,0.275,27,10,19,5,employee,retirement,medium,books,3,3,4,4,3,0.67,0.447,0.538,moderate,0.625,0.25,0.083,0.042,0.655,0.26,0.048,0.036
50,54287,6988498,0.021,0.204,32,7,11,5,self-employed,retirement,medium,online,4,5,4,3,3,0.79,0.454,0.647,moderate,0.598,0.268,0.089,0.045,0.577,0.294,0.062,0.066
38,54314,6989466,0.122,0.336,22,16,12,4,employee,retirement,low,advisor,1,4,2,2,2,0.45,0.394,0.433,moderate,0.605,0.263,0.088,0.044,0.572,0.255,0.074,0.099
40,54319,6989961,0.19,0.024,19,1,13,3,employee,wealth_generation,low,none,4,3,4,3,3,0.69,0.583,0.643,moderate,0.612,0.259,0.086,0.043,0.608,0.272,0.063,0.057
30,54321,7001499,0.069,0.323,12,4,17,4,employee,home_purchase,low,books,3,3,3,3,4,0.63,0.413,0.498,moderate,0.625,0.25,0.083,0.042,0.644,0.19,0.076,0.09
37,54342,7002989,0.219,0.092,14,3,11,1,employee,wealth_generation,low,online,4,3,3,4,3,0.68,0.536,0.616,moderate,0.598,0.268,0.089,0.045,0.541,0.266,0.155,0.039
45,54348,7011533,0.261,0.066,23,10,10,4,unemployed,wealth_generation,low,online,4,4,5,5,3,0.84,0.492,0.682,aggressive,0.773,0.136,0.045,0.045,0.837,0.074,0.028,0.061
52,54352,7015487,0.124,0.345,30,7,8,3,employee,retirement,low,online,5,3,3,4,3,0.73,0.38,0.63,moderate,0.575,0.283,0.094,0.047,0.547,0.287,0.062,0.104
33,54363,7021300,0.195,0.311,10,2,4,4,employee,income,low,online,3,2,3,4,4,0.61,0.39,0.539,moderate,0.541,0.306,0.102,0.051,0.566,0.315,0.069,0.05
39,54375,7022777,0.075,0.442,17,4,6,4,retired,retirement,high,books,3,5,5,3,5,0.84,0.297,0.533,moderate,0.559,0.294,0.098,0.049,0.551,0.258,0.134,0.057
40,54380,7032165,0.192,0.266,20,7,1,3,employee,income,low,online,3,3,4,3,1,0.58,0.408,0.513,moderate,0.511,0.326,0.109,0.054,0.511,0.358,0.085,0.046
30,54391,7035877,0.019,0.27,7,21,20,4,employee,wealth_generation,low,online,3,1,3,2,2,0.44,0.453,0.411,moderate,0.625,0.25,0.083,0.042,0.719,0.238,0.025,0.018
46,54411,7042910,0.076,0.338,23,5,17,2,employee,wealth_generation,low,none,2,2,2,3,3,0.46,0.404,0.394,moderate,0.625,0.25,0.083,0.042,0.599,0.268,0.072,0.06
36,54415,7043839,0.196,0.195,13,2,6,4,employee,wealth_generation,low,friends,3,4,2,2,5,0.64,0.462,0.5,moderate,0.559,0.294,0.098,0.049,0.565,0.337,0.06,0.038
40,54504,7046210,0.197,0.042,19,7,1,3,employee,retirement,low,books,4,2,2,3,3,0.56,0.533,0.575,moderate,0.511,0.326,0.109,0.054,0.527,0.309,0.075,0.09
38,54547,7055796,0.181,0.157,21,4,11,3,employee,home_purchase,low,none,4,1,2,5,3,0.57,0.498,0.572,moderate,0.598,0.268,0.089,0.045,0.632,0.315,0.053,0.0
35,54555,7061437,0.149,0.16,12,7,10,3,self-employed,income,medium,online,3,2,4,1,3,0.53,0.476,0.463,moderate,0.591,0.273,0.091,0.045,0.635,0.233,0.09,0.042
41,54560,7061974,0.188,0.199,25,6,17,2,employee,retirement,low,none,1,3,3,1,4,0.47,0.489,0.511,moderate,0.625,0.25,0.083,0.042,0.63,0.222,0.075,0.072
40,54587,7063540,0.212,0.491,16,9,10,2,retired,retirement,medium,books,4,4,1,2,4,0.62,0.278,0.546,moderate,0.591,0.273,0.091,0.045,0.635,0.261,0.104,0.0
39,54589,7069076,0.298,0.384,15,14,19,4,self-employed,wealth_generation,low,online,4,4,3,3,4,0.73,0.368,0.579,moderate,0.625,0.25,0.083,0.042,0.611,0.259,0.067,0.064
36,54596,7084833,0.249,0.482,15,3,4,3,retired,wealth_generation,medium,online,2,3,5,3,1,0.57,0.273,0.424,moderate,0.541,0.306,0.102,0.051,0.545,0.302,0.072,0.081
44,54611,7094368,0.218,0.701,23,11,9,0,employee,retirement,medium,books,3,2,3,4,4,0.61,0.175,0.434,moderate,0.583,0.278,0.093,0.046,0.585,0.277,0.116,0.022
55,54666,7101951,0.193,0.235,34,15,23,1,employee,wealth_generation,low,books,3,4,1,3,3,0.57,0.483,0.57,moderate,0.625,0.25,0.083,0.042,0.64,0.266,0.037,0.056
43,54694,7102758,0.168,0.155,24,5,1,4,self-employed,retirement,low,books,1,2,3,4,3,0.48,0.453,0.509,moderate,0.511,0.326,0.109,0.054,0.588,0.318,0.051,0.044
49,54711,7105255,0.066,0.281,33,2,9,5,retired,income,low,books,3,4,3,4,4,0.71,0.391,0.581,moderate,0.583,0.278,0.093,0.046,0.537,0.297,0.146,0.02
30,54718,7120733,0.08,0.431,14,11,7,1,employee,education,low,online,2,4,4,4,2,0.64,0.328,0.488,moderate,0.567,0.288,0.096,0.048,0.477,0.292,0.095,0.136
43,54737,7126868,0.225,0.247,27,9,12,3,unemployed,retirement,medium,advisor,3,4,4,2,2,0.63,0.402,0.546,moderate,0.605,0.263,0.088,0.044,0.567,0.277,0.15,0.007
33,54755,7129689,0.22,0.261,13,3,7,5,employee,income,low,none,3,3,2,3,1,0.5,0.426,0.468,moderate,0.567,0.288,0.096,0.048,0.546,0.305,0.096,0.053
30,54766,7130442,0.176,0.11,8,6,20,0,employee,retirement,low,online,2,3,2,3,3,0.51,0.553,0.531,moderate,0.625,0.25,0.083,0.042,0.614,0.254,0.074,0.059
36,54780,7131614,0.141,0.23,20,8,23,2,employee,education,medium,online,5,2,3,2,2,0.59,0.486,0.537,moderate,0.625,0.25,0.083,0.042,0.639,0.201,0.119,0.042
51,54783,7141673,0.023,0.218,35,2,19,6,employee,wealth_generation,medium,advisor,2,3,4,4,3,0.62,0.483,0.571,moderate,0.625,0.25,0.083,0.042,0.604,0.226,0.107,0.063
49,54836,7152667,0.119,0.205,28,9,10,1,employee,wealth_generation,medium,advisor,3,4,3,2,4,0.65,0.467,0.521,moderate,0.591,0.273,0.091,0.045,0.555,0.252,0.098,0.095
43,54850,7164976,0.138,0.436,26,9,29,4,self-employed,income,low,online,5,4,4,3,2,0.76,0.356,0.609,moderate,0.625,0.25,0.083,0.042,0.647,0.265,0.066,0.023
29,54850,7169208,0.15,0.061,12,13,16,3,employee,wealth_generation,medium,online,1,1,3,4,4,0.46,0.57,0.538,moderate,0.625,0.25,0.083,0.042,0.621,0.22,0.112,0.047
40,54884,7183897,0.269,0.54,18,7,9,1,employee,home_purchase,low,none,3,2,4,2,2,0.53,0.269,0.42,moderate,0.583,0.278,0.093,0.046,0.635,0.245,0.075,0.045
44,54954,7184539,0.062,0.011,20,7,4,1,employee,home_purchase,low,online,4,2,2,2,3,0.53,0.561,0.546,moderate,0.541,0.306,0.102,0.051,0.552,0.296,0.08,0.072
43,54961,7185704,0.157,0.494,20,8,14,3,retired,wealth_generation,low,friends,4,4,2,3,4,0.69,0.284,0.479,moderate,0.619,0.254,0.085,0.042,0.545,0.25,0.131,0.074
27,54961,7190177,0.127,0.276,10,4,16,4,employee,wealth_generation,low,advisor,2,2,2,2,3,0.43,0.44,0.45,moderate,0.625,0.25,0.083,0.042,0.619,0.225,0.133,0.023
34,55007,7193124,0.337,0.336,12,10,4,2,employee,retirement,low,advisor,3,3,2,2,4,0.56,0.377,0.514,moderate,0.541,0.306,0.102,0.051,0.586,0.341,0.073,0.0
41,55029,7196114,0.239,0.137,21,9,12,4,employee,retirement,low,books,3,3,3,4,3,0.63,0.513,0.632,moderate,0.605,0.263,0.088,0.044,0.627,0.234,0.084,0.055
46,55070,7196585,0.141,0.316,27,12,28,3,employee,wealth_generation,medium,online,3,5,4,2,4,0.74,0.443,0.55,moderate,0.625,0.25,0.083,0.042,0.595,0.257,0.093,0.055
24,55074,7199208,0.425,0.432,5,10,8,2,employee,retirement,low,online,3,2,4,2,2,0.53,0.33,0.466,moderate,0.575,0.283,0.094,0.047,0.597,0.244,0.097,0.063
40,55124,7201706,0.156,0.113,21,8,8,4,employee,retirement,low,online,3,5,2,2,3,0.63,0.515,0.532,moderate,0.575,0.283,0.094,0.047,0.588,0.269,0.081,0.061
43,55129,7215009,0.08,0.106,19,2,21,2,employee,income,low,online,4,3,2,4,4,0.67,0.559,0.637,moderate,0.625,0.25,0.083,0.042,0.597,0.289,0.08,0.034
48,55145,7217010,0.164,0.187,26,14,4,3,employee,home_purchase,low,advisor,1,2,4,2,3,0.46,0.461,0.444,moderate,0.541,0.306,0.102,0.051,0.502,0.294,0.1,0.104
47,55153,7217234,0.096,0.125,25,5,23,3,student,wealth_generation,low,friends,4,4,4,4,3,0.77,0.509,0.681,aggressive,0.792,0.125,0.042,0.042,0.794,0.125,0.064,0.017
46,55175,7221356,0.18,0.097,27,16,17,3,employee,home_purchase,low,none,3,4,3,3,1,0.59,0.552,0.588,moderate,0.625,0.25,0.083,0.042,0.637,0.301,0.04,0.022
35,55288,7227738,0.274,0.326,11,5,9,3,employee,retirement,low,online,3,3,3,4,3,0.63,0.394,0.538,moderate,0.583,0.278,0.093,0.046,0.537,0.262,0.155,0.046
26,55324,7234702,0.215,0.149,3,2,3,4,self-employed,retirement,low,advisor,3,2,3,5,1,0.55,0.463,0.501,moderate,0.531,0.312,0.104,0.052,0.522,0.305,0.14,0.032
38,55354,7242377,0.107,0.321,19,13,2,4,employee,income,medium,friends,3,3,1,3,3,0.52,0.381,0.469,moderate,0.521,0.319,0.106,0.053,0.5,0.336,0.094,0.069
50,55382,7257322,0.112,0.418,29,11,9,4,self-employed,wealth_generation,low,none,3,2,3,2,2,0.49,0.329,0.454,moderate,0.583,0.278,0.093,0.046,0.622,0.287,0.088,0.004
53,55387,7257593,0.046,0.315,34,11,15,6,employee,education,low,online,3,4,3,4,5,0.74,0.414,0.618,moderate,0.625,0.25,0.083,0.042,0.578,0.226,0.144,0.052
47,55435,7268613,0.11,0.102,31,1,11,8,retired,home_purchase,low,online,3,2,2,2,3,0.48,0.495,0.51,moderate,0.598,0.268,0.089,0.045,0.635,0.294,0.021,0.049
45,55438,7274175,0.056,0.286,25,13,16,3,employee,retirement,low,friends,3,2,4,4,3,0.62,0.435,0.504,moderate,0.625,0.25,0.083,0.042,0.67,0.223,0.107,0.0
45,55463,7275256,0.153,0.221,27,8,15,2,student,education,low,online,2,3,2,4,2,0.51,0.433,0.481,moderate,0.625,0.25,0.083,0.042,0.629,0.243,0.057,0.071
37,55478,7279382,0.196,0.202,21,6,13,5,employee,wealth_generation,low,books,4,4,4,3,3,0.74,0.477,0.62,moderate,0.612,0.259,0.086,0.043,0.58,0.254,0.102,0.065
40,55487,7280162,0.206,0.193,23,14,25,1,employee,home_purchase,high,advisor,5,2,4,3,3,0.69,0.516,0.644,moderate,0.625,0.25,0.083,0.042,0.631,0.224,0.081,0.065
55,55489,7295672,0.042,0.475,38,9,16,3,employee,wealth_generation,medium,online,3,2,2,2,3,0.48,0.32,0.432,moderate,0.625,0.25,0.083,0.042,0.606,0.264,0.064,0.066
34,55507,7314304,0.121,0.353,11,2,22,3,employee,education,medium,online,3,2,2,4,1,0.48,0.407,0.435,moderate,0.625,0.25,0.083,0.042,0.594,0.208,0.154,0.044
54,55551,7328088,0.11,0.11,35,7,7,7,student,income,low,online,3,2,4,2,1,0.5,0.47,0.493,moderate,0.567,0.288,0.096,0.048,0.511,0.271,0.142,0.076
39,55563,7328733,0.06,0.25,21,8,15,8,employee,retirement,low,advisor,3,2,4,3,2,0.56,0.454,0.513,moderate,0.625,0.25,0.083,0.042,0.635,0.23,0.103,0.032
52,55573,7343890,0.126,0.193,33,13,13,5,employee,wealth_generation,low,books,2,2,2,4,3,0.49,0.483,0.499,moderate,0.612,0.259,0.086,0.043,0.676,0.239,0.085,0.0
30,55587,7344043,0.113,0.555,14,4,22,3,employee,wealth_generation,low,books,4,2,1,2,4,0.52,0.28,0.434,moderate,0.625,0.25,0.083,0.042,0.659,0.237,0.095,0.009
46,55620,7352183,0.18,0.555,30,11,11,3,employee,wealth_generation,low,books,3,4,4,2,4,0.69,0.263,0.521,moderate,0.598,0.268,0.089,0.045,0.558,0.339,0.078,0.025
36,55654,7359118,0.247,0.193,16,11,7,2,employee,home_purchase,high,advisor,4,4,1,1,3,0.56,0.467,0.483,moderate,0.567,0.288,0.096,0.048,0.635,0.22,0.094,0.051
30,55676,7365463,0.144,0.205,8,2,9,5,employee,retirement,low,books,3,4,2,3,2,0.58,0.465,0.579,moderate,0.583,0.278,0.093,0.046,0.58,0.305,0.103,0.012
43,55676,7378172,0.205,0.295,19,0,6,4,retired,income,high,advisor,3,3,3,3,1,0.54,0.377,0.506,moderate,0.559,0.294,0.098,0.049,0.521,0.336,0.083,0.06
50,55696,7385064,0.074,0.252,28,8,6,5,employee,education,low,online,4,4,2,4,2,0.66,0.43,0.571,moderate,0.559,0.294,0.098,0.049,0.594,0.297,0.051,0.058
35,55702,7388754,0.252,0.149,15,11,11,1,retired,retirement,low,online,2,2,3,2,4,0.5,0.47,0.503,moderate,0.598,0.268,0.089,0.045,0.597,0.228,0.12,0.056
30,55765,7391364,0.076,0.319,12,7,21,3,employee,retirement,low,online,1,2,2,4,1,0.38,0.426,0.417,moderate,0.625,0.25,0.083,0.042,0.651,0.24,0.059,0.05
41,55776,7403321,0.087,0.199,18,11,6,3,employee,retirement,low,online,4,3,2,3,3,0.61,0.461,0.53,moderate,0.559,0.294,0.098,0.049,0.543,0.328,0.1,0.029
41,55812,7414305,0.061,0.316,19,8,8,1,employee,retirement,low,books,4,2,4,3,3,0.64,0.398,0.58,moderate,0.575,0.283,0.094,0.047,0.574,0.289,0.1,0.038
46,55816,7422038,0.115,0.217,27,9,19,3,employee,wealth_generation,low,books,2,3,3,3,3,0.55,0.485,0.463,moderate,0.625,0.25,0.083,0.042,0.65,0.241,0.094,0.015
49,55830,7424016,0.163,0.335,33,0,8,1,employee,retirement,medium,books,5,4,4,3,4,0.82,0.387,0.596,moderate,0.575,0.283,0.094,0.047,0.535,0.331,0.076,0.057
41,55832,7426562,0.332,0.322,23,1,25,7,self-employed,wealth_generation,low,none,3,5,3,4,5,0.79,0.42,0.621,moderate,0.625,0.25,0.083,0.042,0.588,0.245,0.112,0.055
56,55867,7432470,0.217,0.262,33,10,7,4,retired,home_purchase,medium,none,4,3,2,3,3,0.61,0.397,0.535,moderate,0.567,0.288,0.096,0.048,0.56,0.291,0.134,0.015
43,55867,7434878,0.13,0.337,26,10,10,4,retired,wealth_generation,low,advisor,5,4,3,3,3,0.75,0.364,0.6,moderate,0.591,0.273,0.091,0.045,0.609,0.282,0.042,0.067
39,55873,7435880,0.168,0.245,15,7,4,2,employee,wealth_generation,medium,advisor,2,3,2,5,4,0.6,0.429,0.534,moderate,0.541,0.306,0.102,0.051,0.56,0.301,0.109,0.029
29,55897,7437019,0.178,0.1,10,8,30,2,employee,retirement,medium,friends,2,1,2,4,2,0.41,0.591,0.48,moderate,0.625,0.25,0.083,0.042,0.592,0.246,0.11,0.053
39,55929,7442512,0.226,0.135,17,8,20,1,retired,education,medium,books,5,3,3,2,4,0.7,0.504,0.612,moderate,0.625,0.25,0.083,0.042,0.629,0.247,0.089,0.036
39,55934,7448146,0.203,0.163,17,2,18,3,employee,income,medium,books,4,4,3,4,4,0.76,0.515,0.624,moderate,0.625,0.25,0.083,0.042,0.66,0.18,0.06,0.099
49,55967,7458104,0.167,0.064,26,9,5,5,retired,education,low,books,4,2,4,4,5,0.73,0.498,0.596,moderate,0.55,0.3,0.1,0.05,0.535,0.3,0.108,0.058
45,56022,7459109,0.187,0.34,23,6,25,0,employee,retirement,low,friends,4,4,4,2,4,0.74,0.422,0.574,moderate,0.625,0.25,0.083,0.042,0.621,0.282,0.097,0.0
32,56025,7460919,0.205,0.211,13,8,22,1,unemployed,retirement,medium,books,3,5,2,2,4,0.66,0.449,0.543,moderate,0.625,0.25,0.083,0.042,0.583,0.224,0.149,0.044
43,56049,7473912,0.07,0.086,21,7,10,2,employee,retirement,medium,books,5,3,3,3,3,0.7,0.538,0.593,moderate,0.591,0.273,0.091,0.045,0.604,0.254,0.097,0.045
47,56101,7478421,0.09,0.392,27,10,15,4,employee,wealth_generation,low,friends,4,3,4,2,5,0.72,0.368,0.536,moderate,0.625,0.25,0.083,0.042,0.653,0.238,0.089,0.02
54,56161,7485915,0.192,0.328,32,4,30,6,employee,education,low,online,1,2,5,3,2,0.5,0.441,0.468,moderate,0.625,0.25,0.083,0.042,0.634,0.239,0.109,0.017
49,56220,7488321,0.235,0.242,31,5,10,4,self-employed,income,low,online,2,3,3,3,3,0.55,0.431,0.534,moderate,0.591,0.273,0.091,0.045,0.587,0.264,0.08,0.069
48,56230,7492008,0.135,0.164,26,5,4,3,employee,wealth_generation,low,none,1,3,3,3,3,0.5,0.475,0.503,moderate,0.541,0.306,0.102,0.051,0.52,0.266,0.098,0.116
42,56259,7498209,0.315,0.12,20,10,20,1,self-employed,wealth_generation,low,online,2,2,4,2,2,0.48,0.531,0.473,moderate,0.625,0.25,0.083,0.042,0.608,0.281,0.111,0.0
45,56273,7510797,0.093,0.244,28,6,11,4,retired,retirement,high,online,3,2,4,2,4,0.59,0.418,0.5,moderate,0.598,0.268,0.089,0.045,0.666,0.269,0.065,0.0
51,56276,7513118,0.137,0.435,28,3,28,1,student,retirement,medium,advisor,2,3,3,4,3,0.58,0.339,0.541,moderate,0.625,0.25,0.083,0.042,0.588,0.26,0.101,0.051
31,56320,7523916,0.129,0.138,9,18,12,2,retired,retirement,low,online,2,4,3,3,1,0.54,0.479,0.501,moderate,0.605,0.263,0.088,0.044,0.597,0.258,0.059,0.087
39,56324,7526611,0.27,0.284,15,6,2,2,employee,retirement,low,advisor,3,3,2,2,3,0.53,0.403,0.446,moderate,0.521,0.319,0.106,0.053,0.57,0.287,0.121,0.022
35,56328,7526820,0.11,0.519,16,2,11,3,employee,wealth_generation,low,online,3,2,2,3,2,0.48,0.285,0.393,moderate,0.598,0.268,0.089,0.045,0.602,0.287,0.002,0.11
45,56340,7527081,0.147,0.31,21,9,16,2,employee,income,medium,online,3,5,3,4,2,0.7,0.421,0.571,moderate,0.625,0.25,0.083,0.042,0.639,0.22,0.08,0.062
51,56342,7532553,0.086,0.237,35,10,2,5,self-employed,wealth_generation,low,books,2,2,2,1,3,0.4,0.413,0.38,moderate,0.521,0.319,0.106,0.053,0.464,0.334,0.121,0.08
37,56409,7541371,0.157,0.342,17,7,10,2,employee,wealth_generation,low,online,3,2,2,3,3,0.51,0.388,0.462,moderate,0.591,0.273,0.091,0.045,0.574,0.287,0.122,0.017
22,56424,7560707,0.237,0.395,0,8,5,5,employee,wealth_generation,medium,online,4,4,2,3,2,0.63,0.346,0.555,moderate,0.55,0.3,0.1,0.05,0.616,0.293,0.091,0.0
38,56485,7568569,0.114,0.292,19,3,14,5,retired,retirement,medium,none,5,3,4,3,4,0.77,0.399,0.582,moderate,0.619,0.254,0.085,0.042,0.547,0.28,0.117,0.055
49,56540,7570453,0.222,0.425,27,5,24,3,employee,retirement,low,none,4,4,2,3,4,0.69,0.366,0.572,moderate,0.625,0.25,0.083,0.042,0.585,0.27,0.089,0.056
46,56560,7576207,0.259,0.264,22,2,14,1,employee,retirement,medium,books,2,4,4,4,3,0.67,0.444,0.609,moderate,0.619,0.254,0.085,0.042,0.641,0.238,0.089,0.032
45,56594,7590123,0.048,0.398,25,5,15,4,employee,retirement,medium,online,4,3,4,2,3,0.66,0.365,0.556,moderate,0.625,0.25,0.083,0.042,0.61,0.265,0.063,0.062
39,56606,7606929,0.207,0.503,19,7,10,5,student,retirement,low,online,4,2,2,4,4,0.62,0.268,0.51,moderate,0.591,0.273,0.091,0.045,0.583,0.264,0.085,0.067
31,56647,7606983,0.103,0.259,14,6,12,2,retired,wealth_generation,medium,advisor,3,3,3,3,5,0.66,0.412,0.577,moderate,0.605,0.263,0.088,0.044,0.564,0.244,0.128,0.065
46,56653,7608659,0.083,0.297,26,8,12,5,employee,income,low,advisor,2,3,3,1,2,0.46,0.419,0.423,moderate,0.605,0.263,0.088,0.044,0.551,0.269,0.082,0.099
35,56670,7617202,0.173,0.299,12,7,16,4,employee,retirement,high,none,2,4,1,4,2,0.52,0.428,0.537,moderate,0.625,0.25,0.083,0.042,0.697,0.229,0.074,0.0
59,56675,7618161,0.195,0.372,40,4,19,8,retired,home_purchase,high,books,4,2,3,4,4,0.66,0.364,0.557,moderate,0.625,0.25,0.083,0.042,0.639,0.249,0.066,0.046
46,56675,7618804,0.132,0.394,29,2,14,5,employee,retirement,low,friends,2,4,4,1,3,0.58,0.366,0.563,moderate,0.619,0.254,0.085,0.042,0.59,0.22,0.145,0.045
37,56685,7618987,0.031,0.033,14,4,27,2,self-employed,wealth_generation,medium,online,5,4,3,4,3,0.78,0.607,0.655,aggressive,0.792,0.125,0.042,0.042,0.861,0.132,0.007,0.0
37,56687,7619440,0.258,0.349,18,3,18,3,employee,retirement,high,online,4,2,4,4,4,0.7,0.401,0.652,aggressive,0.792,0.125,0.042,0.042,0.882,0.118,0.0,0.0
41,56699,7635869,0.201,0.373,21,9,4,1,self-employed,retirement,low,online,5,4,4,4,4,0.85,0.344,0.674,aggressive,0.745,0.153,0.051,0.051,0.72,0.164,0.035,0.08
40,56706,7636300,0.107,0.335,18,11,11,1,unemployed,retirement,medium,online,3,2,2,3,4,0.54,0.355,0.48,moderate,0.598,0.268,0.089,0.045,0.572,0.325,0.041,0.062
50,56751,7639126,0.152,0.341,30,10,21,4,employee,retirement,high,none,3,3,3,3,3,0.6,0.413,0.498,moderate,0.625,0.25,0.083,0.042,0.651,0.283,0.031,0.034
43,56800,7643452,0.024,0.046,24,8,23,6,employee,income,low,friends,3,4,3,2,3,0.62,0.605,0.636,moderate,0.625,0.25,0.083,0.042,0.656,0.217,0.126,0.0
36,56878,7646573,0.121,0.238,14,4,9,7,unemployed,wealth_generation,low,books,2,5,4,3,4,0.72,0.401,0.628,moderate,0.583,0.278,0.093,0.046,0.541,0.256,0.114,0.09
57,56911,7647015,0.157,0.391,38,9,16,2,employee,retirement,low,online,3,3,2,2,3,0.53,0.372,0.414,moderate,0.625,0.25,0.083,0.042,0.58,0.246,0.116,0.058
42,56926,7651940,0.156,0.48,23,8,10,2,retired,retirement,low,online,4,2,3,3,4,0.63,0.286,0.51,moderate,0.591,0.273,0.091,0.045,0.618,0.239,0.122,0.021
48,56931,7655698,0.091,0.156,31,1,4,3,retired,wealth_generation,low,advisor,3,4,4,2,3,0.66,0.447,0.555,moderate,0.541,0.306,0.102,0.051,0.557,0.312,0.114,0.018
37,56947,7662602,0.213,0.288,17,14,20,2,employee,education,low,advisor,3,3,2,4,1,0.53,0.444,0.513,moderate,0.625,0.25,0.083,0.042,0.652,0.238,0.069,0.042
44,56972,7671198,0.113,0.384,21,1,22,2,employee,income,low,books,3,4,2,3,4,0.64,0.389,0.509,moderate,0.625,0.25,0.083,0.042,0.61,0.234,0.103,0.053
44,56991,7676118,0.169,0.358,25,7,11,5,employee,wealth_generation,low,online,1,3,1,4,2,0.42,0.381,0.443,moderate,0.598,0.268,0.089,0.045,0.611,0.256,0.133,0.0
26,57002,7683410,0.107,0.303,9,7,2,5,employee,wealth_generation,low,online,5,2,3,2,3,0.62,0.393,0.527,moderate,0.521,0.319,0.106,0.053,0.519,0.344,0.104,0.034
58,57015,7688049,0.138,0.024,34,12,18,6,employee,retirement,medium,online,3,3,5,4,2,0.68,0.603,0.672,aggressive,0.792,0.125,0.042,0.042,0.766,0.145,0.028,0.061
52,57018,7692435,0.091,0.345,31,14,11,3,employee,retirement,low,advisor,3,2,2,2,5,0.54,0.389,0.508,moderate,0.598,0.268,0.089,0.045,0.611,0.279,0.08,0.031
38,57020,7696104,0.18,0.368,20,15,3,3,employee,home_purchase,medium,online,1,4,3,2,4,0.55,0.358,0.482,moderate,0.531,0.312,0.104,0.052,0.508,0.323,0.101,0.068
33,57028,7704212,0.139,0.345,13,7,6,5,employee,education,high,online,4,3,3,3,2,0.62,0.378,0.497,moderate,0.559,0.294,0.098,0.049,0.57,0.271,0.1,0.059
44,57075,7705379,0.015,0.364,23,9,5,2,self-employed,education,low,advisor,3,2,3,2,2,0.49,0.352,0.454,moderate,0.55,0.3,0.1,0.05,0.593,0.296,0.065,0.046
42,57084,7707710,0.024,0.234,18,1,15,5,employee,retirement,medium,online,2,4,2,5,4,0.65,0.465,0.573,moderate,0.625,0.25,0.083,0.042,0.598,0.22,0.11,0.072
44,57091,7710180,0.147,0.627,24,6,8,0,retired,wealth_generation,low,online,1,2,1,4,4,0.43,0.203,0.345,conservative,0.34,0.472,0.142,0.047,0.271,0.523,0.154,0.052
43,57095,7714452,0.085,0.367,19,13,4,5,unemployed,education,low,none,3,4,3,4,3,0.68,0.323,0.526,moderate,0.541,0.306,0.102,0.051,0.574,0.262,0.091,0.074
46,57139,7723147,0.17,0.288,30,6,22,5,retired,wealth_generation,low,advisor,3,4,3,4,3,0.68,0.421,0.523,moderate,0.625,0.25,0.083,0.042,0.634,0.237,0.084,0.045
53,57197,7724835,0.135,0.48,34,1,24,2,employee,wealth_generation,high,none,4,2,1,3,1,0.46,0.332,0.41,moderate,0.625,0.25,0.083,0.042,0.633,0.313,0.038,0.016
46,57212,7731375,0.184,0.454,30,3,5,4,employee,wealth_generation,low,online,5,3,3,3,3,0.7,0.313,0.527,moderate,0.55,0.3,0.1,0.05,0.558,0.318,0.103,0.021
33,57212,7733608,0.285,0.389,16,6,6,2,employee,wealth_generation,high,online,3,2,1,2,3,0.44,0.352,0.414,moderate,0.559,0.294,0.098,0.049,0.565,0.3,0.104,0.031
52,57225,7733981,0.159,0.282,35,3,13,4,employee,education,low,friends,3,3,4,1,2,0.55,0.431,0.501,moderate,0.612,0.259,0.086,0.043,0.602,0.283,0.107,0.009
55,57238,7747295,0.216,0.269,35,5,5,4,self-employed,wealth_generation,low,books,3,5,5,2,4,0.78,0.405,0.614,moderate,0.55,0.3,0.1,0.05,0.556,0.344,0.087,0.014
67,57264,7749099,0.207,0.197,50,5,5,4,employee,education,medium,online,3,4,2,4,1,0.58,0.461,0.596,moderate,0.55,0.3,0.1,0.05,0.562,0.295,0.097,0.047
33,57298,7752660,0.265,0.166,15,4,8,7,employee,retirement,medium,books,2,3,2,3,2,0.48,0.487,0.473,moderate,0.575,0.283,0.094,0.047,0.537,0.298,0.112,0.053
43,57304,7761299,0.093,0.263,22,1,24,2,employee,wealth_generation,medium,online,3,3,3,3,4,0.63,0.47,0.568,moderate,0.625,0.25,0.083,0.042,0.645,0.267,0.046,0.041
25,57330,7765269,0.227,0.287,9,13,25,3,employee,wealth_generation,medium,books,2,4,3,4,3,0.63,0.457,0.617,moderate,0.625,0.25,0.083,0.042,0.591,0.241,0.117,0.05
46,57341,7765289,0.256,0.163,30,9,19,5,retired,home_purchase,medium,none,2,3,5,2,4,0.63,0.486,0.542,moderate,0.625,0.25,0.083,0.042,0.593,0.261,0.105,0.041
37,57363,7772236,0.132,0.467,19,8,15,3,employee,wealth_generation,medium,books,3,3,2,3,3,0.56,0.324,0.491,moderate,0.625,0.25,0.083,0.042,0.628,0.242,0.064,0.066
57,57372,7775916,0.116,0.28,33,8,16,5,self-employed,wealth_generation,low,none,2,3,3,3,3,0.55,0.426,0.478,moderate,0.625,0.25,0.083,0.042,0.617,0.3,0.071,0.012
35,57425,7785891,0.284,0.269,18,5,11,3,employee,retirement,low,online,4,3,2,3,3,0.61,0.435,0.533,moderate,0.598,0.268,0.089,0.045,0.601,0.304,0.073,0.023
28,57425,7797761,0.178,0.236,7,11,12,5,self-employed,wealth_generation,medium,friends,2,2,4,2,4,0.54,0.441,0.512,moderate,0.605,0.263,0.088,0.044,0.658,0.203,0.139,0.0
38,57439,7806024,0.13,0.06,20,15,14,5,self-employed,education,medium,advisor,2,5,5,4,4,0.79,0.549,0.728,aggressive,0.788,0.127,0.042,0.042,0.756,0.149,0.055,0.04
26,57530,7821739,0.217,0.432,5,0,16,5,employee,home_purchase,low,books,3,2,4,3,2,0.56,0.347,0.444,moderate,0.625,0.25,0.083,0.042,0.58,0.278,0.141,0.0
48,57546,7825604,0.114,0.192,26,1,4,5,self-employed,education,low,books,3,2,3,4,4,0.61,0.445,0.552,moderate,0.541,0.306,0.102,0.051,0.518,0.274,0.154,0.054
25,57551,7841140,0.083,0.312,3,9,6,2,employee,wealth_generation,medium,online,3,4,3,5,2,0.68,0.397,0.545,moderate,0.559,0.294,0.098,0.049,0.596,0.297,0.107,0.0
42,57572,7846491,0.162,0.298,25,3,25,3,retired,retirement,low,advisor,2,3,2,4,4,0.57,0.422,0.53,moderate,0.625,0.25,0.083,0.042,0.685,0.24,0.005,0.071
25,57660,7851197,0.166,0.29,7,14,8,2,employee,wealth_generation,low,friends,3,3,2,3,5,0.62,0.415,0.567,moderate,0.575,0.283,0.094,0.047,0.579,0.301,0.06,0.059
39,57698,7858664,0.227,0.268,20,9,7,2,retired,wealth_generation,low,books,4,2,3,5,3,0.66,0.396,0.574,moderate,0.567,0.288,0.096,0.048,0.619,0.281,0.092,0.009
55,57714,7870157,0.145,0.134,32,5,10,3,employee,retirement,low,books,5,5,2,4,3,0.79,0.512,0.654,aggressive,0.773,0.136,0.045,0.045,0.776,0.119,0.029,0.076
44,57721,7870397,0.223,0.178,24,6,8,7,employee,income,low,books,5,5,2,5,3,0.82,0.48,0.651,aggressive,0.764,0.142,0.047,0.047,0.709,0.164,0.078,0.05
54,57763,7871667,0.115,0.268,38,9,4,4,employee,retirement,low,books,4,1,4,1,3,0.53,0.418,0.48,moderate,0.541,0.306,0.102,0.051,0.555,0.29,0.08,0.075
59,57783,7874011,0.168,0.376,35,2,6,5,employee,education,low,friends,2,3,3,4,4,0.61,0.36,0.473,moderate,0.559,0.294,0.098,0.049,0.599,0.291,0.106,0.004
60,57809,7879665,0.092,0.235,44,13,14,6,retired,wealth_generation,medium,books,2,3,2,2,5,0.54,0.432,0.512,moderate,0.619,0.254,0.085,0.042,0.642,0.283,0.069,0.006
62,57835,7886322,0.131,0.145,45,0,6,1,employee,wealth_generation,low,online,2,2,5,3,3,0.58,0.494,0.588,moderate,0.559,0.294,0.098,0.049,0.577,0.272,0.072,0.079
51,57858,7925937,0.237,0.082,29,18,14,1,retired,education,low,online,3,2,2,2,4,0.51,0.518,0.49,moderate,0.619,0.254,0.085,0.042,0.61,0.281,0.073,0.036
63,57946,7930561,0.093,0.32,45,2,4,2,retired,retirement,low,online,4,2,3,4,1,0.57,0.361,0.502,moderate,0.541,0.306,0.102,0.051,0.599,0.285,0.083,0.032
43,57982,7932281,0.222,0.231,22,10,2,4,employee,wealth_generation,low,advisor,3,4,2,4,3,0.64,0.434,0.534,moderate,0.521,0.319,0.106,0.053,0.54,0.292,0.137,0.031
56,57995,7951319,0.109,0.105,33,1,19,1,employee,education,low,online,5,2,4,2,3,0.66,0.557,0.656,aggressive,0.792,0.125,0.042,0.042,0.757,0.175,0.047,0.021
57,58010,7954472,0.028,0.324,37,6,16,5,employee,education,low,online,4,2,4,4,3,0.67,0.413,0.598,moderate,0.625,0.25,0.083,0.042,0.588,0.238,0.142,0.031
63,58060,7962023,0.062,0.147,47,8,14,1,retired,wealth_generation,low,advisor,3,1,2,4,3,0.49,0.482,0.484,moderate,0.619,0.254,0.085,0.042,0.585,0.261,0.117,0.037
60,58061,7962825,0.205,0.262,42,1,2,1,retired,education,medium,books,3,3,2,4,2,0.56,0.387,0.514,moderate,0.521,0.319,0.106,0.053,0.539,0.332,0.099,0.031
51,58066,7982231,0.104,0.188,34,6,7,3,employee,retirement,low,advisor,3,3,2,5,5,0.68,0.472,0.622,moderate,0.567,0.288,0.096,0.048,0.589,0.293,0.052,0.067
54,58100,7982368,0.184,0.477,33,4,18,3,employee,retirement,low,friends,2,2,3,4,3,0.53,0.324,0.412,moderate,0.625,0.25,0.083,0.042,0.582,0.273,0.117,0.028
61,58125,7984377,0.194,0.156,41,7,5,5,employee,retirement,low,online,4,4,2,4,3,0.69,0.485,0.623,moderate,0.55,0.3,0.1,0.05,0.597,0.309,0.059,0.035
59,58174,7989014,0.122,0.23,37,7,18,7,retired,wealth_generation,high,advisor,3,4,3,2,2,0.59,0.445,0.514,moderate,0.625,0.25,0.083,0.042,0.594,0.253,0.131,0.022
56,58182,7990055,0.148,0.515,39,11,13,5,unemployed,wealth_generation,low,friends,5,3,2,4,1,0.63,0.263,0.487,moderate,0.612,0.259,0.086,0.043,0.66,0.321,0.004,0.015
57,58188,7993256,0.134,0.193,36,2,16,1,employee,retirement,medium,advisor,1,3,2,3,1,0.4,0.494,0.427,moderate,0.625,0.25,0.083,0.042,0.666,0.224,0.068,0.042
64,58211,7995250,0.281,0.313,44,1,14,4,retired,wealth_generation,low,books,3,4,2,3,2,0.58,0.389,0.504,moderate,0.619,0.254,0.085,0.042,0.635,0.251,0.082,0.032
56,58219,7995272,0.117,0.192,35,5,10,3,unemployed,wealth_generation,medium,friends,3,2,2,3,3,0.51,0.43,0.505,moderate,0.591,0.273,0.091,0.045,0.599,0.254,0.061,0.085
59,58223,8011746,0.085,0.097,39,13,8,1,employee,wealth_generation,medium,online,3,3,4,3,2,0.61,0.528,0.543,moderate,0.575,0.283,0.094,0.047,0.581,0.29,0.129,0.0
73,58267,8015461,0.127,0.306,50,12,15,3,employee,retirement,low,advisor,1,4,3,2,5,0.58,0.422,0.465,moderate,0.625,0.25,0.083,0.042,0.636,0.273,0.091,0.0
51,58273,8018142,0.187,0.461,31,7,18,2,retired,income,medium,books,5,4,3,1,4,0.72,0.312,0.543,moderate,0.625,0.25,0.083,0.042,0.612,0.22,0.099,0.07
48,58285,8042952,0.193,0.242,26,13,2,2,retired,wealth_generation,low,online,2,2,4,5,5,0.66,0.398,0.588,moderate,0.521,0.319,0.106,0.053,0.581,0.292,0.075,0.052
64,58360,8064387,0.266,0.305,48,11,9,1,employee,wealth_generation,low,online,3,4,2,1,4,0.58,0.409,0.485,moderate,0.583,0.278,0.093,0.046,0.595,0.266,0.083,0.056
55,58367,8078599,0.246,0.299,31,4,9,7,employee,retirement,low,books,3,2,3,4,4,0.61,0.413,0.516,moderate,0.583,0.278,0.093,0.046,0.599,0.287,0.076,0.038
58,58389,8085604,0.11,0.229,37,2,12,4,employee,education,medium,advisor,4,3,2,3,4,0.64,0.462,0.604,moderate,0.605,0.263,0.088,0.044,0.571,0.233,0.119,0.077
55,58392,8110393,0.144,0.301,31,4,4,2,employee,wealth_generation,low,advisor,4,5,3,2,4,0.75,0.4,0.651,aggressive,0.745,0.153,0.051,0.051,0.715,0.189,0.033,0.063
58,58405,8127081,0.205,0.169,42,3,23,6,unemployed,retirement,high,online,3,2,4,4,3,0.62,0.479,0.584,moderate,0.625,0.25,0.083,0.042,0.591,0.239,0.119,0.051
69,58409,8128869,0.262,0.215,50,8,12,6,employee,income,medium,friends,4,3,2,4,3,0.64,0.47,0.584,moderate,0.605,0.263,0.088,0.044,0.616,0.236,0.076,0.072
64,58415,8138275,0.121,0.238,42,8,22,5,retired,home_purchase,low,books,4,3,4,4,2,0.69,0.452,0.625,moderate,0.625,0.25,0.083,0.042,0.678,0.196,0.069,0.057
65,58434,8151197,0.142,0.419,46,8,18,4,employee,retirement,high,online,1,4,4,2,4,0.59,0.36,0.485,moderate,0.625,0.25,0.083,0.042,0.598,0.215,0.122,0.065
51,58448,8157956,0.254,0.204,35,3,6,3,employee,education,low,none,4,2,1,4,4,0.58,0.461,0.553,moderate,0.559,0.294,0.098,0.049,0.617,0.28,0.05,0.053
53,58510,8172051,0.125,0.309,33,11,4,3,employee,education,high,advisor,2,4,3,3,4,0.63,0.395,0.512,moderate,0.541,0.306,0.102,0.051,0.547,0.284,0.109,0.06
42,58529,8174477,0.149,0.149,23,6,19,3,employee,retirement,medium,advisor,2,2,3,3,1,0.44,0.53,0.524,moderate,0.625,0.25,0.083,0.042,0.646,0.244,0.073,0.037
55,58561,8194829,0.256,0.166,34,6,12,6,unemployed,income,low,online,2,2,4,1,3,0.48,0.449,0.499,moderate,0.605,0.263,0.088,0.044,0.7,0.265,0.016,0.02
65,58649,8197661,0.22,0.314,43,22,2,5,employee,retirement,low,friends,5,3,3,3,4,0.73,0.388,0.613,moderate,0.521,0.319,0.106,0.053,0.535,0.379,0.086,0.0
63,58650,8197677,0.1,0.363,45,4,23,2,self-employed,income,low,books,3,3,3,4,3,0.63,0.393,0.525,moderate,0.625,0.25,0.083,0.042,0.649,0.272,0.014,0.064
58,58655,8207685,0.118,0.245,37,5,11,4,employee,wealth_generation,medium,advisor,3,4,2,1,3,0.55,0.45,0.531,moderate,0.598,0.268,0.089,0.045,0.603,0.264,0.103,0.03
59,58670,8224192,0.124,0.199,42,9,8,4,self-employed,wealth_generation,medium,books,3,2,3,4,3,0.58,0.453,0.529,moderate,0.575,0.283,0.094,0.047,0.549,0.261,0.084,0.106
55,58690,8240251,0.26,0.455,36,13,12,5,employee,education,medium,online,4,3,3,4,3,0.68,0.326,0.522,moderate,0.605,0.263,0.088,0.044,0.6,0.295,0.06,0.045
61,58691,8244112,0.396,0.111,37,2,18,1,employee,wealth_generation,low,none,3,3,2,2,4,0.56,0.551,0.574,moderate,0.625,0.25,0.083,0.042,0.709,0.169,0.099,0.023
64,58729,8245196,0.212,0.344,42,10,4,4,retired,education,low,books,4,1,2,1,3,0.45,0.349,0.353,moderate,0.541,0.306,0.102,0.051,0.495,0.317,0.136,0.052
50,58799,8246369,0.15,0.331,33,14,9,2,self-employed,home_purchase,high,advisor,2,3,3,5,3,0.61,0.381,0.545,moderate,0.583,0.278,0.093,0.046,0.558,0.311,0.083,0.048
61,58813,8246731,0.01,0.331,40,6,8,1,employee,wealth_generation,low,online,4,2,3,2,4,0.6,0.392,0.486,moderate,0.575,0.283,0.094,0.047,0.56,0.295,0.07,0.075
65,58817,8253420,0.193,0.481,46,4,19,4,self-employed,wealth_generation,low,online,3,3,4,3,4,0.67,0.313,0.549,moderate,0.625,0.25,0.083,0.042,0.587,0.233,0.114,0.066
57,58844,8253993,0.131,0.347,34,9,17,2,employee,home_purchase,low,online,4,2,4,3,3,0.64,0.402,0.5,moderate,0.625,0.25,0.083,0.042,0.578,0.245,0.106,0.072
64,58853,8254599,0.18,0.186,41,3,10,4,employee,education,medium,books,3,1,2,3,3,0.46,0.482,0.457,moderate,0.591,0.273,0.091,0.045,0.52,0.273,0.13,0.077
75,58890,8255946,0.174,0.206,50,5,14,1,retired,retirement,high,books,4,3,3,3,1,0.59,0.45,0.547,moderate,0.619,0.254,0.085,0.042,0.612,0.242,0.104,0.042
59,58891,8262699,0.149,0.22,36,13,9,7,self-employed,wealth_generation,low,books,3,3,1,1,3,0.46,0.444,0.48,moderate,0.583,0.278,0.093,0.046,0.59,0.286,0.087,0.037
62,58925,8267531,0.279,0.036,40,8,13,5,employee,income,low,online,4,5,1,5,4,0.76,0.581,0.668,aggressive,0.784,0.129,0.043,0.043,0.741,0.141,0.042,0.076
55,58958,8283315,0.021,0.458,39,1,29,2,employee,wealth_generation,medium,advisor,2,5,3,3,1,0.59,0.356,0.469,moderate,0.625,0.25,0.083,0.042,0.648,0.269,0.082,0.0
61,58958,8285209,0.197,0.072,43,4,12,4,employee,wealth_generation,low,friends,3,3,5,2,2,0.62,0.556,0.625,moderate,0.605,0.263,0.088,0.044,0.574,0.274,0.104,0.048
62,58997,8288489,0.135,0.335,42,8,29,1,employee,retirement,low,online,2,5,2,4,1,0.58,0.437,0.58,moderate,0.625,0.25,0.083,0.042,0.564,0.264,0.135,0.037
61,59001,8292210,0.197,0.348,43,6,16,4,employee,income,low,books,3,3,2,4,2,0.56,0.4,0.469,moderate,0.625,0.25,0.083,0.042,0.605,0.277,0.083,0.035
53,59040,8298998,0.189,0.406,35,9,4,1,employee,wealth_generation,low,books,1,3,2,3,3,0.46,0.34,0.334,conservative,0.286,0.51,0.153,0.051,0.286,0.534,0.181,0.0
61,59080,8313758,0.01,0.278,45,10,17,2,self-employed,retirement,low,advisor,5,3,3,2,3,0.67,0.431,0.62,moderate,0.625,0.25,0.083,0.042,0.618,0.244,0.057,0.081
68,59094,8325506,0.11,0.346,45,6,5,7,self-employed,income,low,online,2,4,2,2,3,0.53,0.364,0.459,moderate,0.55,0.3,0.1,0.05,0.549,0.251,0.118,0.082
62,59137,8333412,0.087,0.187,38,19,12,1,employee,wealth_generation,low,none,2,4,5,2,4,0.68,0.488,0.576,moderate,0.605,0.263,0.088,0.044,0.593,0.275,0.087,0.045
65,59221,8356702,0.08,0.355,45,14,13,4,self-employed,retirement,medium,books,2,3,4,3,3,0.59,0.376,0.506,moderate,0.612,0.259,0.086,0.043,0.603,0.246,0.105,0.047
58,59250,8364321,0.201,0.202,42,1,21,1,employee,retirement,low,friends,4,4,3,2,3,0.67,0.503,0.662,aggressive,0.792,0.125,0.042,0.042,0.754,0.145,0.083,0.017
64,59292,8380311,0.099,0.449,48,4,6,4,retired,income,medium,online,2,4,3,2,4,0.6,0.297,0.499,moderate,0.559,0.294,0.098,0.049,0.56,0.288,0.097,0.055
61,59304,8381009,0.148,0.126,37,4,20,2,student,wealth_generation,high,advisor,3,2,4,4,1,0.56,0.505,0.561,moderate,0.625,0.25,0.083,0.042,0.627,0.204,0.109,0.06
54,59308,8386437,0.101,0.192,38,3,23,2,self-employed,wealth_generation,medium,online,4,3,4,3,3,0.69,0.499,0.618,moderate,0.625,0.25,0.083,0.042,0.645,0.209,0.09,0.056
61,59309,8392023,0.169,0.259,37,4,3,2,employee,wealth_generation,low,online,3,4,2,4,3,0.64,0.422,0.567,moderate,0.531,0.312,0.104,0.052,0.57,0.314,0.05,0.066
54,59309,8396402,0.199,0.369,36,6,20,2,unemployed,education,low,advisor,4,2,3,4,5,0.69,0.358,0.608,moderate,0.625,0.25,0.083,0.042,0.638,0.232,0.036,0.095
56,59352,8397951,0.119,0.356,38,1,7,6,retired,wealth_generation,low,none,4,2,2,4,2,0.56,0.35,0.449,moderate,0.567,0.288,0.096,0.048,0.581,0.277,0.122,0.02
61,59386,8403322,0.173,0.148,42,2,3,6,employee,wealth_generation,medium,online,2,2,3,3,3,0.5,0.485,0.517,moderate,0.531,0.312,0.104,0.052,0.53,0.317,0.117,0.036
61,59408,8407477,0.226,0.116,41,1,24,5,employee,education,high,books,5,4,5,3,2,0.8,0.567,0.706,aggressive,0.792,0.125,0.042,0.042,0.784,0.141,0.04,0.035
52,59437,8409263,0.057,0.187,31,1,9,1,employee,wealth_generation,low,online,2,3,4,3,4,0.62,0.48,0.562,moderate,0.583,0.278,0.093,0.046,0.581,0.282,0.058,0.079
66,59470,8412042,0.197,0.253,45,6,14,2,employee,education,medium,online,4,2,2,4,3,0.59,0.453,0.501,moderate,0.619,0.254,0.085,0.042,0.664,0.246,0.037,0.053
63,59498,8415172,0.118,0.273,39,5,12,4,employee,income,low,online,3,4,1,3,3,0.57,0.436,0.529,moderate,0.605,0.263,0.088,0.044,0.58,0.257,0.122,0.041
55,59513,8420850,0.067,0.234,39,15,6,7,unemployed,income,medium,online,3,2,3,3,4,0.58,0.398,0.525,moderate,0.559,0.294,0.098,0.049,0.549,0.299,0.082,0.07
50,59521,8424561,0.162,0.32,26,2,14,4,student,wealth_generation,medium,books,3,2,2,4,4,0.57,0.379,0.488,moderate,0.619,0.254,0.085,0.042,0.694,0.255,0.032,0.02
59,59526,8430486,0.096,0.233,40,14,2,2,employee,retirement,low,online,5,3,2,3,2,0.63,0.434,0.595,moderate,0.521,0.319,0.106,0.053,0.557,0.289,0.097,0.058
57,59531,8432513,0.225,0.495,35,1,6,5,employee,retirement,medium,advisor,2,3,4,3,3,0.59,0.293,0.474,moderate,0.559,0.294,0.098,0.049,0.548,0.307,0.103,0.042
60,59632,8433234,0.033,0.17,39,8,23,1,retired,home_purchase,high,books,4,3,4,5,2,0.72,0.496,0.567,moderate,0.625,0.25,0.083,0.042,0.597,0.242,0.105,0.056
57,59644,8433979,0.058,0.306,33,3,24,5,employee,retirement,low,online,4,4,4,4,3,0.77,0.445,0.656,aggressive,0.792,0.125,0.042,0.042,0.745,0.155,0.03,0.07
47,59649,8459679,0.157,0.3,30,12,11,7,retired,retirement,low,books,4,3,3,4,3,0.68,0.39,0.529,moderate,0.598,0.268,0.089,0.045,0.642,0.257,0.1,0.0
57,59738,8472722,0.171,0.178,40,1,5,7,employee,wealth_generation,high,advisor,2,4,3,2,4,0.6,0.474,0.592,moderate,0.55,0.3,0.1,0.05,0.501,0.3,0.115,0.084
58,59763,8484820,0.201,0.227,36,16,10,1,employee,income,low,online,2,3,2,3,5,0.57,0.459,0.582,moderate,0.591,0.273,0.091,0.045,0.603,0.255,0.117,0.024
63,59790,8486689,0.104,0.21,39,1,20,3,self-employed,retirement,low,advisor,2,3,4,3,3,0.59,0.48,0.576,moderate,0.625,0.25,0.083,0.042,0.667,0.231,0.074,0.028
55,59798,8486823,0.232,0.13,35,3,3,4,employee,retirement,high,online,2,4,3,5,3,0.66,0.496,0.594,moderate,0.531,0.312,0.104,0.052,0.526,0.306,0.11,0.058
70,59836,8487919,0.285,0.251,48,6,4,2,employee,home_purchase,low,friends,5,4,4,3,3,0.79,0.43,0.664,aggressive,0.745,0.153,0.051,0.051,0.723,0.136,0.063,0.078
48,59838,8501353,0.153,0.218,25,10,21,3,employee,wealth_generation,medium,books,3,4,4,1,2,0.6,0.493,0.535,moderate,0.625,0.25,0.083,0.042,0.602,0.225,0.107,0.067
67,59911,8509111,0.209,0.133,44,16,10,4,self-employed,wealth_generation,medium,advisor,3,4,3,2,2,0.59,0.498,0.571,moderate,0.591,0.273,0.091,0.045,0.583,0.292,0.08,0.045
58,59917,8515108,0.158,0.241,39,6,3,2,employee,home_purchase,medium,books,4,3,5,2,4,0.73,0.433,0.587,moderate,0.531,0.312,0.104,0.052,0.474,0.282,0.13,0.113
65,59935,8519191,0.046,0.231,43,10,5,2,employee,retirement,medium,online,4,4,4,2,3,0.71,0.444,0.66,aggressive,0.75,0.15,0.05,0.05,0.737,0.138,0.03,0.095
60,59990,8520583,0.118,0.109,44,10,20,1,unemployed,wealth_generation,low,books,3,2,4,1,2,0.5,0.506,0.473,moderate,0.625,0.25,0.083,0.042,0.625,0.262,0.068,0.045
66,60038,8524156,0.054,0.108,47,7,11,6,employee,income,high,online,1,4,3,2,3,0.52,0.533,0.476,moderate,0.598,0.268,0.089,0.045,0.566,0.298,0.104,0.032
57,60096,8535886,0.334,0.314,37,9,5,5,employee,education,low,books,3,2,3,4,5,0.64,0.396,0.538,moderate,0.55,0.3,0.1,0.05,0.573,0.294,0.045,0.088
53,60230,8583963,0.097,0.338,31,1,21,5,employee,wealth_generation,low,none,4,3,4,4,2,0.69,0.418,0.599,moderate,0.625,0.25,0.083,0.042,0.636,0.196,0.086,0.081
68,60268,8584012,0.18,0.488,47,6,19,0,employee,education,medium,friends,2,4,2,2,4,0.56,0.32,0.533,moderate,0.625,0.25,0.083,0.042,0.656,0.209,0.085,0.05
59,60333,8584949,0.109,0.081,40,11,2,4,employee,retirement,low,none,3,3,2,3,3,0.56,0.521,0.523,moderate,0.521,0.319,0.106,0.053,0.521,0.361,0.118,0.001
61,60335,8585641,0.184,0.101,43,6,13,2,employee,retirement,medium,books,2,2,5,4,3,0.61,0.544,0.585,moderate,0.612,0.259,0.086,0.043,0.629,0.256,0.116,0.0
67,60409,8592076,0.092,0.055,46,13,7,4,employee,education,low,books,2,1,3,1,3,0.39,0.552,0.455,moderate,0.567,0.288,0.096,0.048,0.533,0.301,0.092,0.074
53,60422,8605069,0.215,0.271,33,12,12,4,retired,retirement,medium,none,1,3,3,3,5,0.56,0.409,0.468,moderate,0.605,0.263,0.088,0.044,0.646,0.204,0.095,0.055
63,60422,8605448,0.063,0.304,45,12,7,5,employee,retirement,low,none,3,5,3,5,1,0.7,0.407,0.553,moderate,0.567,0.288,0.096,0.048,0.576,0.321,0.05,0.053
56,60432,8622106,0.252,0.224,37,2,8,2,unemployed,retirement,low,advisor,2,3,5,3,2,0.6,0.409,0.467,moderate,0.575,0.283,0.094,0.047,0.544,0.329,0.062,0.064
59,60442,8624735,0.231,0.38,42,3,13,0,student,retirement,high,online,4,4,2,2,5,0.69,0.344,0.597,moderate,0.612,0.259,0.086,0.043,0.568,0.289,0.084,0.059
60,60500,8630454,0.189,0.329,36,0,12,6,employee,wealth_generation,medium,books,4,5,4,2,3,0.76,0.403,0.593,moderate,0.605,0.263,0.088,0.044,0.598,0.289,0.072,0.041
50,60503,8631578,0.046,0.582,28,18,9,6,employee,retirement,low,friends,2,4,2,1,3,0.5,0.247,0.336,conservative,0.352,0.463,0.139,0.046,0.331,0.469,0.153,0.047
55,60531,8654620,0.092,0.112,37,3,4,3,retired,home_purchase,low,books,4,2,3,2,4,0.6,0.474,0.538,moderate,0.541,0.306,0.102,0.051,0.547,0.273,0.142,0.039
68,60622,8669822,0.238,0.061,45,5,25,1,student,education,low,online,1,4,2,3,4,0.54,0.56,0.584,moderate,0.625,0.25,0.083,0.042,0.599,0.231,0.129,0.041
65,60668,8672854,0.067,0.175,42,4,5,3,self-employed,retirement,medium,advisor,4,3,2,2,4,0.61,0.46,0.565,moderate,0.55,0.3,0.1,0.05,0.506,0.294,0.1,0.099
59,60693,8688086,0.077,0.024,43,1,14,3,employee,wealth_generation,low,advisor,2,3,3,4,3,0.58,0.594,0.601,moderate,0.619,0.254,0.085,0.042,0.604,0.243,0.098,0.055
61,60721,8696047,0.162,0.478,41,4,3,5,employee,home_purchase,high,online,3,2,2,2,4,0.51,0.298,0.474,moderate,0.531,0.312,0.104,0.052,0.579,0.258,0.084,0.079
58,60768,8705546,0.107,0.187,38,2,15,4,student,income,high,advisor,3,2,3,3,2,0.52,0.457,0.526,moderate,0.625,0.25,0.083,0.042,0.595,0.259,0.076,0.07
68,60812,8709655,0.095,0.278,50,5,4,1,self-employed,retirement,medium,online,3,3,4,3,4,0.67,0.4,0.484,moderate,0.541,0.306,0.102,0.051,0.549,0.315,0.106,0.031
58,60855,8715061,0.168,0.192,41,17,6,4,unemployed,education,low,online,2,2,2,3,3,0.46,0.421,0.43,moderate,0.559,0.294,0.098,0.049,0.558,0.279,0.107,0.057
61,60865,8718482,0.128,0.163,45,9,14,1,retired,retirement,high,advisor,5,2,4,2,3,0.66,0.476,0.599,moderate,0.619,0.254,0.085,0.042,0.606,0.275,0.094,0.025
66,60866,8720535,0.073,0.12,47,9,7,1,employee,retirement,low,online,3,2,2,5,2,0.54,0.515,0.536,moderate,0.567,0.288,0.096,0.048,0.537,0.264,0.116,0.082
55,60999,8723034,0.16,0.193,38,6,12,3,employee,retirement,low,advisor,4,4,2,3,3,0.66,0.486,0.607,moderate,0.605,0.263,0.088,0.044,0.548,0.301,0.1,0.051
69,61021,8726171,0.131,0.301,49,11,4,1,employee,wealth_generation,low,books,3,3,1,2,4,0.52,0.402,0.553,moderate,0.541,0.306,0.102,0.051,0.585,0.355,0.04,0.02
50,61025,8727464,0.202,0.539,33,14,6,5,employee,wealth_generation,medium,friends,3,3,2,4,3,0.59,0.268,0.432,moderate,0.559,0.294,0.098,0.049,0.509,0.293,0.14,0.057
69,61047,8736352,0.06,0.28,50,16,16,3,employee,retirement,low,advisor,4,4,4,5,3,0.8,0.443,0.59,moderate,0.625,0.25,0.083,0.042,0.663,0.251,0.086,0.0
57,61078,8736981,0.177,0.271,33,2,2,4,employee,wealth_generation,low,friends,3,5,4,2,4,0.74,0.414,0.537,moderate,0.521,0.319,0.106,0.053,0.512,0.309,0.12,0.059
58,61098,8742371,0.141,0.041,41,13,4,4,employee,wealth_generation,low,online,5,1,2,2,4,0.56,0.552,0.584,moderate,0.541,0.306,0.102,0.051,0.532,0.325,0.094,0.049
48,61099,8744987,0.135,0.404,29,3,6,7,employee,education,low,advisor,4,4,4,2,2,0.68,0.347,0.542,moderate,0.559,0.294,0.098,0.049,0.559,0.306,0.079,0.057
57,61121,8756811,0.097,0.049,39,5,2,6,retired,wealth_generation,low,online,4,3,4,2,2,0.63,0.502,0.534,moderate,0.521,0.319,0.106,0.053,0.556,0.276,0.11,0.057
53,61122,8761421,0.026,0.452,37,5,4,5,employee,wealth_generation,low,none,2,4,4,4,3,0.67,0.315,0.521,moderate,0.541,0.306,0.102,0.051,0.557,0.315,0.074,0.054
56,61129,8766219,0.234,0.273,33,9,7,3,employee,retirement,low,advisor,4,4,1,3,3,0.62,0.425,0.528,moderate,0.567,0.288,0.096,0.048,0.613,0.263,0.08,0.045
59,61152,8770628,0.119,0.128,42,8,4,1,employee,retirement,medium,online,4,3,3,3,3,0.65,0.501,0.58,moderate,0.541,0.306,0.102,0.051,0.57,0.276,0.096,0.058
65,61174,8770980,0.19,0.242,42,2,20,4,employee,home_purchase,medium,books,2,2,1,3,3,0.42,0.477,0.385,moderate,0.625,0.25,0.083,0.042,0.634,0.238,0.128,0.0
61,61319,8784571,0.281,0.639,45,11,3,3,self-employed,retirement,medium,friends,2,3,3,5,3,0.61,0.199,0.464,moderate,0.531,0.312,0.104,0.052,0.566,0.295,0.099,0.04
61,61320,8803660,0.166,0.187,40,6,19,2,employee,retirement,low,online,4,3,3,3,3,0.65,0.509,0.615,moderate,0.625,0.25,0.083,0.042,0.623,0.297,0.056,0.023
53,61338,8807531,0.133,0.173,34,0,18,1,employee,education,low,books,3,4,3,2,3,0.62,0.515,0.582,moderate,0.625,0.25,0.083,0.042,0.658,0.244,0.098,0.0
54,61343,8834384,0.106,0.101,36,5,4,3,retired,retirement,medium,online,2,4,2,4,4,0.62,0.481,0.562,moderate,0.541,0.306,0.102,0.051,0.532,0.294,0.079,0.096
70,61363,8846044,0.272,0.294,50,7,2,4,employee,retirement,low,online,3,4,2,4,2,0.61,0.401,0.532,moderate,0.521,0.319,0.106,0.053,0.504,0.302,0.111,0.083
55,61374,8847537,0.19,0.083,39,1,2,4,retired,wealth_generation,low,advisor,3,3,4,5,3,0.7,0.485,0.615,moderate,0.521,0.319,0.106,0.053,0.523,0.341,0.071,0.065
69,61428,8857336,0.186,0.364,47,2,13,5,employee,wealth_generation,low,books,3,2,3,4,1,0.52,0.385,0.413,moderate,0.612,0.259,0.086,0.043,0.642,0.239,0.036,0.083
58,61432,8860816,0.139,0.464,37,20,15,3,employee,retirement,low,books,3,4,3,3,4,0.68,0.328,0.514,moderate,0.625,0.25,0.083,0.042,0.594,0.242,0.111,0.053
60,61436,8869734,0.233,0.477,42,13,14,2,employee,retirement,low,books,2,2,1,3,3,0.42,0.318,0.386,moderate,0.619,0.254,0.085,0.042,0.586,0.258,0.13,0.026
66,61448,8870261,0.197,0.095,49,2,12,3,retired,wealth_generation,medium,online,2,2,3,3,2,0.47,0.509,0.464,moderate,0.605,0.263,0.088,0.044,0.558,0.257,0.125,0.06
67,61483,8874094,0.109,0.28,49,8,5,7,employee,wealth_generation,medium,advisor,1,1,2,2,3,0.33,0.417,0.391,moderate,0.55,0.3,0.1,0.05,0.524,0.303,0.103,0.07
59,61490,8883507,0.173,0.088,36,5,19,1,self-employed,retirement,low,none,3,3,3,3,3,0.6,0.553,0.541,moderate,0.625,0.25,0.083,0.042,0.638,0.229,0.088,0.045
57,61504,8898281,0.139,0.285,35,7,8,3,retired,retirement,low,books,3,2,2,2,4,0.51,0.392,0.533,moderate,0.575,0.283,0.094,0.047,0.533,0.276,0.092,0.099
59,61506,8898699,0.007,0.39,37,6,28,2,employee,wealth_generation,low,friends,5,4,3,4,5,0.84,0.401,0.727,aggressive,0.792,0.125,0.042,0.042,0.795,0.092,0.087,0.026
62,61534,8900655,0.221,0.273,42,1,9,1,self-employed,retirement,high,advisor,2,5,5,2,2,0.67,0.416,0.56,moderate,0.583,0.278,0.093,0.046,0.541,0.283,0.13,0.046
65,61584,8914532,0.067,0.425,47,4,7,3,employee,retirement,medium,none,5,4,2,3,4,0.74,0.337,0.534,moderate,0.567,0.288,0.096,0.048,0.565,0.319,0.098,0.017
60,61605,8915287,0.155,0.382,44,2,21,4,self-employed,retirement,low,friends,4,4,3,3,3,0.7,0.379,0.555,moderate,0.625,0.25,0.083,0.042,0.593,0.25,0.113,0.044
63,61653,8920669,0.121,0.176,47,6,13,3,self-employed,wealth_generation,high,online,2,2,3,3,2,0.47,0.483,0.512,moderate,0.612,0.259,0.086,0.043,0.6,0.336,0.047,0.017
69,61659,8930232,0.122,0.307,48,14,16,0,employee,wealth_generation,medium,friends,5,2,2,3,1,0.55,0.427,0.491,moderate,0.625,0.25,0.083,0.042,0.602,0.265,0.073,0.06
62,61659,8932899,0.149,0.01,43,21,10,4,self-employed,retirement,low,friends,3,2,1,3,3,0.47,0.57,0.522,moderate,0.591,0.273,0.091,0.045,0.546,0.26,0.116,0.077
61,61706,8933700,0.371,0.222,39,15,20,2,employee,wealth_generation,medium,none,5,3,3,3,1,0.64,0.49,0.582,moderate,0.625,0.25,0.083,0.042,0.653,0.265,0.064,0.018
50,61707,8936080,0.135,0.16,34,19,22,2,self-employed,wealth_generation,low,books,3,3,3,2,4,0.6,0.518,0.584,moderate,0.625,0.25,0.083,0.042,0.632,0.246,0.055,0.067
44,61715,8936600,0.085,0.483,23,0,10,2,self-employed,education,medium,online,2,4,3,4,3,0.63,0.298,0.512,moderate,0.591,0.273,0.091,0.045,0.579,0.318,0.077,0.026
62,61736,8947147,0.176,0.225,40,10,7,5,employee,wealth_generation,low,advisor,4,3,3,2,3,0.62,0.454,0.545,moderate,0.567,0.288,0.096,0.048,0.557,0.283,0.116,0.045
59,61754,8947409,0.098,0.316,43,4,14,1,employee,wealth_generation,medium,advisor,3,3,4,3,3,0.64,0.417,0.594,moderate,0.619,0.254,0.085,0.042,0.653,0.246,0.053,0.048
56,61805,8947413,0.061,0.349,39,12,24,2,retired,wealth_generation,low,online,5,4,2,3,3,0.71,0.393,0.599,moderate,0.625,0.25,0.083,0.042,0.698,0.254,0.032,0.016
61,61810,8951091,0.037,0.368,37,11,14,3,student,retirement,high,online,5,2,3,4,4,0.71,0.354,0.603,moderate,0.619,0.254,0.085,0.042,0.635,0.2,0.135,0.03
59,61817,8955640,0.02,0.35,35,6,24,4,employee,retirement,low,friends,3,1,5,3,2,0.55,0.418,0.49,moderate,0.625,0.25,0.083,0.042,0.531,0.32,0.126,0.024
66,61838,8960032,0.14,0.181,45,6,9,5,employee,wealth_generation,medium,advisor,3,4,3,3,3,0.65,0.485,0.579,moderate,0.583,0.278,0.093,0.046,0.546,0.27,0.139,0.046
60,61843,8964174,0.139,0.329,41,4,22,4,employee,retirement,low,online,3,3,3,2,2,0.54,0.427,0.575,moderate,0.625,0.25,0.083,0.042,0.601,0.298,0.101,0.0
55,61872,8970663,0.086,0.277,33,4,4,4,employee,retirement,low,none,4,3,3,2,2,0.59,0.417,0.519,moderate,0.541,0.306,0.102,0.051,0.522,0.302,0.098,0.079
65,61892,8972736,0.215,0.294,45,18,9,2,employee,wealth_generation,low,books,3,2,3,3,4,0.58,0.418,0.553,moderate,0.583,0.278,0.093,0.046,0.565,0.265,0.115,0.055
58,61919,8973753,0.069,0.001,40,13,11,6,employee,wealth_generation,low,advisor,4,3,2,1,2,0.52,0.599,0.508,moderate,0.598,0.268,0.089,0.045,0.574,0.272,0.074,0.08
63,61924,8979620,0.261,0.169,44,3,14,3,employee,retirement,low,books,2,3,5,3,2,0.6,0.507,0.574,moderate,0.619,0.254,0.085,0.042,0.644,0.285,0.071,0.0
57,61930,8992037,0.17,0.476,40,4,8,0,self-employed,home_purchase,low,books,3,3,4,1,2,0.55,0.298,0.437,moderate,0.575,0.283,0.094,0.047,0.543,0.274,0.118,0.064
56,61962,8998942,0.024,0.182,35,2,22,4,employee,home_purchase,low,books,4,1,4,2,4,0.59,0.521,0.609,moderate,0.625,0.25,0.083,0.042,0.649,0.275,0.057,0.019
60,61983,9002006,0.294,0.237,42,19,21,4,employee,wealth_generation,high,advisor,3,3,4,3,2,0.61,0.484,0.539,moderate,0.625,0.25,0.083,0.042,0.642,0.269,0.037,0.052
60,61997,9021151,0.115,0.137,38,14,17,1,employee,wealth_generation,medium,friends,2,1,2,1,5,0.41,0.535,0.447,moderate,0.625,0.25,0.083,0.042,0.675,0.23,0.084,0.01
62,62037,9023600,0.143,0.113,43,7,4,7,employee,home_purchase,low,books,3,4,2,4,4,0.67,0.511,0.624,moderate,0.541,0.306,0.102,0.051,0.487,0.338,0.129,0.046
58,62040,9033132,0.109,0.147,35,9,3,3,retired,education,low,advisor,4,3,4,2,3,0.66,0.454,0.546,moderate,0.531,0.312,0.104,0.052,0.539,0.276,0.129,0.057
48,62091,9060658,0.201,0.278,32,10,11,3,employee,wealth_generation,medium,friends,3,2,1,3,3,0.47,0.433,0.459,moderate,0.598,0.268,0.089,0.045,0.579,0.286,0.104,0.03
57,62108,9070085,0.15,0.464,33,3,17,3,retired,retirement,low,books,3,4,4,4,4,0.75,0.311,0.556,moderate,0.625,0.25,0.083,0.042,0.583,0.237,0.118,0.063
64,62112,9077282,0.07,0.196,46,15,4,2,unemployed,wealth_generation,low,books,3,3,3,3,4,0.63,0.415,0.548,moderate,0.541,0.306,0.102,0.051,0.583,0.302,0.09,0.025
58,62119,9082829,0.06,0.195,40,7,14,6,employee,wealth_generation,low,online,3,3,3,3,4,0.63,0.491,0.572,moderate,0.619,0.254,0.085,0.042,0.622,0.26,0.118,0.0
58,62133,9082856,0.2,0.282,38,1,12,4,employee,wealth_generation,low,online,3,5,5,2,4,0.78,0.433,0.696,aggressive,0.781,0.132,0.044,0.044,0.778,0.112,0.046,0.064
65,62135,9097917,0.099,0.207,49,5,16,3,retired,retirement,medium,advisor,3,4,5,2,3,0.7,0.457,0.617,moderate,0.625,0.25,0.083,0.042,0.599,0.269,0.1,0.032
55,62181,9100930,0.072,0.456,37,8,10,4,retired,wealth_generation,low,books,4,3,1,4,3,0.6,0.303,0.442,moderate,0.591,0.273,0.091,0.045,0.619,0.287,0.07,0.023
50,62182,9128202,0.153,0.215,31,5,15,5,retired,education,low,advisor,3,3,5,4,2,0.68,0.45,0.561,moderate,0.625,0.25,0.083,0.042,0.653,0.234,0.104,0.009
59,62202,9133876,0.22,0.256,42,9,5,4,unemployed,income,low,online,3,4,4,1,2,0.6,0.387,0.502,moderate,0.55,0.3,0.1,0.05,0.63,0.274,0.057,0.039
57,62230,9141261,0.108,0.271,36,13,6,1,employee,wealth_generation,low,online,2,4,2,5,4,0.65,0.425,0.539,moderate,0.559,0.294,0.098,0.049,0.539,0.294,0.107,0.059
54,62255,9161858,0.108,0.372,35,10,21,4,employee,wealth_generation,medium,advisor,3,2,2,3,4,0.54,0.398,0.526,moderate,0.625,0.25,0.083,0.042,0.598,0.204,0.122,0.075
58,62294,9166422,0.229,0.282,42,8,8,3,self-employed,retirement,medium,advisor,3,1,4,1,1,0.42,0.409,0.399,moderate,0.575,0.283,0.094,0.047,0.581,0.307,0.094,0.018
62,62387,9169798,0.075,0.161,44,7,28,7,employee,retirement,low,online,4,2,3,3,2,0.57,0.552,0.562,moderate,0.625,0.25,0.083,0.042,0.615,0.273,0.083,0.03
59,62440,9188519,0.176,0.104,37,4,2,4,retired,retirement,medium,none,3,2,3,3,2,0.52,0.475,0.52,moderate,0.521,0.319,0.106,0.053,0.498,0.305,0.111,0.086
61,62520,9203116,0.287,0.484,43,6,11,2,employee,home_purchase,low,online,2,2,4,3,2,0.51,0.31,0.514,moderate,0.598,0.268,0.089,0.045,0.616,0.287,0.074,0.023
70,62550,9218581,0.232,0.382,49,4,8,1,self-employed,wealth_generation,low,books,3,2,3,4,2,0.55,0.352,0.467,moderate,0.575,0.283,0.094,0.047,0.565,0.315,0.119,0.0
57,62623,9224909,0.043,0.028,36,15,32,3,retired,wealth_generation,low,none,3,4,3,2,4,0.65,0.614,0.685,aggressive,0.792,0.125,0.042,0.042,0.767,0.124,0.039,0.07
61,62639,9231019,0.117,0.393,45,14,29,4,employee,home_purchase,high,online,4,4,3,3,2,0.67,0.401,0.55,moderate,0.625,0.25,0.083,0.042,0.656,0.231,0.063,0.05
56,62665,9236560,0.073,0.292,39,2,7,2,employee,retirement,high,books,2,3,3,3,3,0.55,0.416,0.526,moderate,0.567,0.288,0.096,0.048,0.507,0.271,0.146,0.076
54,62689,9250500,0.282,0.266,33,11,7,4,employee,wealth_generation,low,advisor,4,5,2,3,3,0.71,0.431,0.573,moderate,0.567,0.288,0.096,0.048,0.555,0.298,0.09,0.058
56,62746,9255754,0.327,0.016,39,9,16,5,employee,education,medium,online,4,5,5,4,3,0.86,0.608,0.783,aggressive,0.792,0.125,0.042,0.042,0.902,0.097,0.001,0.0
57,62748,9256291,0.098,0.372,40,17,20,1,employee,retirement,low,friends,3,5,2,4,3,0.69,0.397,0.561,moderate,0.625,0.25,0.083,0.042,0.582,0.302,0.067,0.049
62,62750,9260016,0.187,0.142,43,6,14,4,employee,retirement,medium,online,2,5,1,1,4,0.54,0.524,0.561,moderate,0.619,0.254,0.085,0.042,0.655,0.257,0.061,0.026
74,62755,9260587,0.232,0.347,50,10,19,1,employee,retirement,medium,books,3,3,3,4,3,0.63,0.41,0.566,moderate,0.625,0.25,0.083,0.042,0.571,0.259,0.114,0.056
55,62776,9261507,0.098,0.02,34,7,3,0,employee,income,medium,books,4,4,5,4,3,0.81,0.562,0.73,aggressive,0.74,0.156,0.052,0.052,0.725,0.138,0.109,0.028
57,62785,9268555,0.086,0.38,34,1,14,0,employee,wealth_generation,low,advisor,4,3,3,2,4,0.65,0.379,0.554,moderate,0.619,0.254,0.085,0.042,0.615,0.242,0.115,0.029
59,62795,9285307,0.011,0.028,40,1,15,4,retired,retirement,medium,books,4,5,4,3,3,0.79,0.558,0.683,aggressive,0.792,0.125,0.042,0.042,0.782,0.15,0.01,0.059
62,62804,9285695,0.136,0.159,44,2,6,7,self-employed,wealth_generation,low,advisor,2,5,2,1,4,0.58,0.474,0.559,moderate,0.559,0.294,0.098,0.049,0.589,0.279,0.084,0.047
61,62842,9287314,0.254,0.173,39,4,17,5,retired,retirement,medium,online,3,3,3,2,3,0.57,0.481,0.486,moderate,0.625,0.25,0.083,0.042,0.584,0.271,0.127,0.018
67,62849,9288383,0.255,0.123,45,4,23,2,employee,retirement,medium,online,3,3,4,4,1,0.61,0.563,0.668,aggressive,0.792,0.125,0.042,0.042,0.748,0.096,0.083,0.073
45,62882,9301999,0.069,0.252,28,10,21,1,employee,income,medium,friends,3,4,2,2,4,0.61,0.475,0.575,moderate,0.625,0.25,0.083,0.042,0.621,0.217,0.091,0.072
45,63021,9311321,0.091,0.179,29,10,7,4,employee,retirement,low,online,3,1,4,3,3,0.54,0.482,0.533,moderate,0.567,0.288,0.096,0.048,0.587,0.299,0.113,0.001
57,63166,9311848,0.135,0.623,34,17,8,0,employee,education,low,books,3,4,2,4,4,0.67,0.222,0.505,moderate,0.575,0.283,0.094,0.047,0.623,0.278,0.09,0.01
66,63173,9338381,0.214,0.288,48,4,11,5,retired,home_purchase,medium,books,2,2,5,4,2,0.58,0.4,0.485,moderate,0.598,0.268,0.089,0.045,0.55,0.273,0.084,0.093
50,63177,9345503,0.175,0.283,29,15,5,2,employee,wealth_generation,low,advisor,2,3,3,3,5,0.61,0.416,0.515,moderate,0.55,0.3,0.1,0.05,0.512,0.307,0.129,0.053
41,63197,9352253,0.156,0.153,19,8,24,2,employee,income,medium,online,4,2,4,3,2,0.61,0.547,0.592,moderate,0.625,0.25,0.083,0.042,0.574,0.26,0.112,0.054
63,63300,9356616,0.171,0.226,40,6,5,2,student,retirement,low,online,4,4,3,2,3,0.67,0.411,0.552,moderate,0.55,0.3,0.1,0.05,0.578,0.299,0.066,0.058
61,63304,9364749,0.057,0.104,40,9,17,5,self-employed,income,low,books,2,3,4,1,4,0.56,0.539,0.516,moderate,0.625,0.25,0.083,0.042,0.584,0.277,0.073,0.066
53,63320,9376301,0.149,0.363,31,9,9,2,employee,retirement,high,books,3,2,2,2,5,0.54,0.379,0.473,moderate,0.583,0.278,0.093,0.046,0.622,0.274,0.096,0.008
54,63473,9399935,0.344,0.197,34,3,13,2,employee,wealth_generation,low,books,4,4,2,5,3,0.72,0.488,0.638,moderate,0.612,0.259,0.086,0.043,0.568,0.264,0.093,0.076
54,63479,9400528,0.054,0.358,36,10,2,3,employee,home_purchase,low,books,2,2,2,2,2,0.4,0.367,0.386,moderate,0.521,0.319,0.106,0.053,0.534,0.302,0.108,0.056
60,63487,9403195,0.157,0.213,43,10,6,3,employee,wealth_generation,low,online,4,5,3,3,1,0.69,0.46,0.63,moderate,0.559,0.294,0.098,0.049,0.616,0.307,0.068,0.009
56,63498,9409339,0.112,0.595,34,22,10,6,employee,wealth_generation,medium,books,2,1,4,5,2,0.52,0.242,0.414,moderate,0.591,0.273,0.091,0.045,0.591,0.277,0.051,0.08
62,63588,9420655,0.161,0.129,39,14,15,2,student,retirement,low,online,3,3,4,3,5,0.7,0.492,0.664,aggressive,0.792,0.125,0.042,0.042,0.768,0.148,0.016,0.068
42,63602,9425734,0.168,0.002,19,9,17,1,employee,income,medium,online,2,4,2,1,4,0.53,0.621,0.635,moderate,0.625,0.25,0.083,0.042,0.638,0.25,0.076,0.036
54,63641,9428175,0.168,0.294,36,9,2,3,employee,retirement,low,none,5,3,2,2,4,0.66,0.403,0.553,moderate,0.521,0.319,0.106,0.053,0.564,0.336,0.078,0.021
53,63696,9440069,0.235,0.505,36,15,5,2,retired,home_purchase,medium,online,1,4,3,3,2,0.52,0.268,0.386,moderate,0.55,0.3,0.1,0.05,0.581,0.307,0.111,0.001
58,63697,9442382,0.131,0.313,34,17,16,3,employee,income,medium,online,2,3,3,3,4,0.58,0.425,0.484,moderate,0.625,0.25,0.083,0.042,0.701,0.201,0.078,0.02
56,63697,9443373,0.156,0.081,35,12,18,2,employee,retirement,low,books,3,4,2,3,4,0.64,0.575,0.613,moderate,0.625,0.25,0.083,0.042,0.625,0.286,0.082,0.008
64,63708,9443415,0.011,0.274,46,10,7,5,retired,education,medium,friends,4,3,3,2,2,0.59,0.398,0.537,moderate,0.567,0.288,0.096,0.048,0.511,0.285,0.116,0.088
48,63708,9450813,0.216,0.455,28,2,6,2,employee,retirement,low,advisor,4,1,5,4,4,0.69,0.319,0.531,moderate,0.559,0.294,0.098,0.049,0.574,0.281,0.08,0.065
60,63739,9456311,0.104,0.009,44,12,3,5,employee,education,low,advisor,4,3,3,3,5,0.71,0.569,0.655,aggressive,0.74,0.156,0.052,0.052,0.827,0.103,0.055,0.015
63,63747,9472915,0.224,0.127,46,4,5,6,employee,wealth_generation,low,online,3,3,3,2,4,0.6,0.507,0.547,moderate,0.55,0.3,0.1,0.05,0.581,0.37,0.049,0.0
71,63807,9478915,0.105,0.389,47,7,1,6,employee,retirement,low,online,2,3,4,4,2,0.59,0.347,0.483,moderate,0.511,0.326,0.109,0.054,0.514,0.31,0.1,0.075
57,63837,9483867,0.011,0.441,39,5,13,3,self-employed,home_purchase,low,advisor,4,2,1,3,3,0.52,0.329,0.447,moderate,0.612,0.259,0.086,0.043,0.653,0.262,0.084,0.0
61,63881,9493856,0.077,0.338,38,5,21,7,employee,wealth_generation,medium,online,3,3,3,1,3,0.54,0.421,0.522,moderate,0.625,0.25,0.083,0.042,0.622,0.202,0.088,0.088
49,63887,9493907,0.326,0.611,26,4,5,4,employee,retirement,low,books,1,3,2,4,4,0.52,0.226,0.43,moderate,0.55,0.3,0.1,0.05,0.517,0.302,0.121,0.06
45,63890,9497611,0.117,0.084,25,12,16,1,self-employed,wealth_generation,low,books,1,1,3,4,3,0.43,0.549,0.41,moderate,0.625,0.25,0.083,0.042,0.614,0.206,0.103,0.076
65,63902,9500991,0.062,0.275,42,10,13,6,self-employed,retirement,low,online,3,2,4,5,1,0.59,0.427,0.545,moderate,0.612,0.259,0.086,0.043,0.598,0.242,0.108,0.052
59,63947,9510592,0.066,0.329,42,7,23,3,self-employed,education,low,none,3,5,2,3,3,0.66,0.418,0.583,moderate,0.625,0.25,0.083,0.042,0.629,0.221,0.099,0.051
67,63962,9514619,0.115,0.336,50,9,17,1,employee,wealth_generation,low,none,3,4,5,1,2,0.64,0.413,0.547,moderate,0.625,0.25,0.083,0.042,0.594,0.22,0.101,0.085
51,63971,9516164,0.03,0.378,32,18,19,5,student,retirement,medium,books,4,4,3,4,3,0.73,0.36,0.572,moderate,0.625,0.25,0.083,0.042,0.603,0.272,0.108,0.017
63,63977,9536331,0.155,0.462,40,5,14,4,self-employed,retirement,medium,advisor,3,3,3,3,3,0.6,0.318,0.506,moderate,0.619,0.254,0.085,0.042,0.61,0.256,0.103,0.031
71,63999,9565315,0.093,0.209,50,7,18,5,self-employed,education,medium,advisor,3,3,1,3,3,0.52,0.479,0.508,moderate,0.625,0.25,0.083,0.042,0.57,0.244,0.119,0.066
62,64014,9581659,0.157,0.048,43,7,9,5,unemployed,wealth_generation,low,online,5,3,3,3,4,0.73,0.51,0.635,moderate,0.583,0.278,0.093,0.046,0.561,0.281,0.092,0.066
61,64023,9593651,0.073,0.209,38,15,6,2,employee,retirement,low,books,2,2,2,3,2,0.43,0.463,0.508,moderate,0.559,0.294,0.098,0.049,0.531,0.276,0.077,0.116
60,64039,9595349,0.139,0.323,42,5,21,2,self-employed,wealth_generation,medium,advisor,4,3,4,5,3,0.75,0.417,0.632,moderate,0.625,0.25,0.083,0.042,0.589,0.258,0.09,0.063
50,64049,9595980,0.172,0.149,27,19,16,4,employee,wealth_generation,medium,none,4,4,5,4,2,0.78,0.527,0.663,aggressive,0.792,0.125,0.042,0.042,0.796,0.114,0.059,0.031
68,64075,9601708,0.043,0.387,50,4,4,4,employee,retirement,low,online,3,2,3,3,3,0.55,0.355,0.494,moderate,0.541,0.306,0.102,0.051,0.542,0.353,0.074,0.031
56,64084,9608642,0.133,0.152,40,2,20,1,student,wealth_generation,medium,books,2,1,3,3,3,0.45,0.494,0.481,moderate,0.625,0.25,0.083,0.042,0.611,0.262,0.073,0.054
63,64103,9609535,0.113,0.013,42,3,9,2,employee,retirement,low,friends,5,1,5,5,5,0.8,0.587,0.726,aggressive,0.769,0.139,0.046,0.046,0.776,0.13,0.017,0.076
50,64127,9610445,0.099,0.262,27,6,8,1,employee,wealth_generation,high,advisor,3,3,2,2,5,0.59,0.437,0.555,moderate,0.575,0.283,0.094,0.047,0.504,0.336,0.073,0.088
52,64243,9618567,0.174,0.346,28,9,14,4,employee,retirement,low,books,4,4,2,2,4,0.66,0.4,0.542,moderate,0.619,0.254,0.085,0.042,0.601,0.226,0.107,0.066
68,64244,9620778,0.17,0.204,45,7,13,1,employee,wealth_generation,medium,advisor,3,3,5,4,2,0.68,0.485,0.61,moderate,0.612,0.259,0.086,0.043,0.661,0.227,0.045,0.067
57,64273,9627775,0.179,0.356,40,5,12,2,employee,home_purchase,medium,friends,1,4,3,3,3,0.55,0.39,0.461,moderate,0.605,0.263,0.088,0.044,0.591,0.262,0.115,0.032
68,64294,9630268,0.078,0.237,50,7,7,3,employee,wealth_generation,low,books,4,4,3,3,3,0.7,0.449,0.624,moderate,0.567,0.288,0.096,0.048,0.583,0.266,0.098,0.053
59,64346,9633722,0.11,0.13,37,12,24,1,employee,wealth_generation,medium,advisor,4,3,2,2,3,0.58,0.563,0.574,moderate,0.625,0.25,0.083,0.042,0.588,0.248,0.108,0.057
48,64359,9639061,0.092,0.084,26,12,24,2,employee,wealth_generation,low,advisor,2,3,3,4,3,0.58,0.592,0.561,moderate,0.625,0.25,0.083,0.042,0.618,0.218,0.119,0.045
65,64377,9644085,0.161,0.339,47,10,1,6,self-employed,retirement,medium,friends,4,5,3,5,4,0.84,0.362,0.647,moderate,0.511,0.326,0.109,0.054,0.508,0.338,0.089,0.065
56,64486,9650530,0.145,0.218,35,16,8,4,self-employed,retirement,high,advisor,3,5,3,4,4,0.76,0.448,0.642,moderate,0.575,0.283,0.094,0.047,0.543,0.33,0.077,0.05
64,64537,9658214,0.119,0.458,42,8,2,2,self-employed,home_purchase,low,books,3,4,3,3,3,0.65,0.299,0.537,moderate,0.521,0.319,0.106,0.053,0.52,0.28,0.118,0.082
60,64582,9672017,0.215,0.273,36,0,19,5,retired,home_purchase,medium,none,2,4,2,3,3,0.56,0.428,0.544,moderate,0.625,0.25,0.083,0.042,0.617,0.256,0.12,0.007
50,64589,9677150,0.057,0.204,34,4,20,2,employee,wealth_generation,low,none,4,3,3,3,3,0.65,0.504,0.62,moderate,0.625,0.25,0.083,0.042,0.641,0.195,0.066,0.098
60,64590,9683067,0.308,0.204,42,4,12,4,retired,retirement,low,online,2,3,4,5,1,0.59,0.45,0.55,moderate,0.605,0.263,0.088,0.044,0.599,0.249,0.141,0.01
73,64602,9694559,0.065,0.109,50,7,19,3,employee,home_purchase,low,none,4,3,2,3,2,0.58,0.561,0.595,moderate,0.625,0.25,0.083,0.042,0.619,0.238,0.081,0.062
62,64631,9707503,0.212,0.293,44,14,15,4,employee,retirement,low,online,2,3,5,3,3,0.63,0.436,0.544,moderate,0.625,0.25,0.083,0.042,0.593,0.233,0.098,0.076
59,64635,9713697,0.127,0.289,36,12,11,3,employee,home_purchase,medium,books,2,2,3,2,4,0.5,0.429,0.439,moderate,0.598,0.268,0.089,0.045,0.592,0.285,0.093,0.03
66,64642,9716870,0.24,0.381,45,3,9,2,employee,wealth_generation,medium,online,2,2,5,4,2,0.58,0.369,0.475,moderate,0.583,0.278,0.093,0.046,0.598,0.305,0.041,0.057
61,64644,9728820,0.049,0.144,44,7,7,4,student,retirement,medium,online,2,3,3,3,4,0.58,0.462,0.534,moderate,0.567,0.288,0.096,0.048,0.579,0.287,0.066,0.068
61,64658,9742327,0.128,0.182,45,9,7,4,retired,home_purchase,low,online,3,3,2,2,2,0.5,0.449,0.474,moderate,0.567,0.288,0.096,0.048,0.512,0.317,0.119,0.052
53,64700,9747868,0.12,0.088,33,19,12,3,employee,wealth_generation,medium,online,2,2,4,4,3,0.57,0.553,0.556,moderate,0.605,0.263,0.088,0.044,0.606,0.223,0.145,0.026
61,64710,9766675,0.348,0.184,37,1,5,4,employee,retirement,low,online,4,4,2,2,3,0.63,0.476,0.576,moderate,0.55,0.3,0.1,0.05,0.622,0.242,0.102,0.034
66,64726,9785141,0.326,0.233,42,6,5,3,employee,wealth_generation,low,friends,3,2,2,4,5,0.6,0.447,0.568,moderate,0.55,0.3,0.1,0.05,0.512,0.304,0.146,0.037
54,64777,9798119,0.087,0.523,38,19,1,5,retired,home_purchase,low,online,3,3,3,4,4,0.66,0.252,0.505,moderate,0.511,0.326,0.109,0.054,0.574,0.336,0.09,0.0
68,64789,9805090,0.179,0.316,50,18,13,4,employee,retirement,high,online,2,4,2,2,3,0.53,0.417,0.47,moderate,0.612,0.259,0.086,0.043,0.6,0.255,0.044,0.101
59,64863,9821943,0.16,0.373,38,4,31,2,student,retirement,low,books,2,2,2,2,2,0.4,0.389,0.359,moderate,0.625,0.25,0.083,0.042,0.636,0.27,0.039,0.055
54,64916,9833511,0.077,0.195,34,0,20,6,employee,education,low,none,2,4,1,3,4,0.55,0.51,0.529,moderate,0.625,0.25,0.083,0.042,0.641,0.237,0.09,0.033
65,64938,9837075,0.081,0.116,46,8,15,5,employee,wealth_generation,low,online,4,2,4,3,5,0.7,0.545,0.577,moderate,0.625,0.25,0.083,0.042,0.627,0.246,0.074,0.053
58,64977,9854083,0.335,0.168,41,12,17,7,employee,home_purchase,low,advisor,2,2,3,2,2,0.44,0.519,0.504,moderate,0.625,0.25,0.083,0.042,0.601,0.25,0.078,0.071
64,64982,9854329,0.144,0.168,45,4,10,3,employee,retirement,low,online,3,3,3,3,1,0.54,0.499,0.527,moderate,0.591,0.273,0.091,0.045,0.606,0.263,0.1,0.031
58,64990,9863037,0.068,0.289,38,15,8,4,employee,wealth_generation,low,online,3,2,3,1,4,0.52,0.422,0.534,moderate,0.575,0.283,0.094,0.047,0.619,0.246,0.115,0.02
59,65040,9884736,0.093,0.201,42,5,9,5,employee,retirement,medium,friends,4,2,3,5,3,0.66,0.476,0.627,moderate,0.583,0.278,0.093,0.046,0.578,0.28,0.082,0.06
62,65053,9912519,0.106,0.415,46,8,3,1,unemployed,home_purchase,low,online,1,2,3,5,2,0.48,0.302,0.425,moderate,0.531,0.312,0.104,0.052,0.545,0.287,0.106,0.062
61,65060,9926996,0.155,0.594,39,10,14,6,employee,retirement,medium,friends,3,2,4,3,1,0.53,0.249,0.403,moderate,0.619,0.254,0.085,0.042,0.615,0.237,0.106,0.041
48,65100,9961837,0.12,0.202,26,5,5,2,student,retirement,medium,advisor,3,3,3,3,4,0.63,0.425,0.537,moderate,0.55,0.3,0.1,0.05,0.559,0.285,0.133,0.024
53,65120,9961986,0.144,0.337,30,5,17,1,employee,wealth_generation,medium,advisor,3,3,3,3,4,0.63,0.414,0.59,moderate,0.625,0.25,0.083,0.042,0.643,0.208,0.119,0.03
65,65133,9967626,0.08,0.318,44,6,6,2,employee,education,high,books,4,3,3,2,3,0.62,0.4,0.547,moderate,0.559,0.294,0.098,0.049,0.565,0.308,0.064,0.063
59,65157,9972958,0.119,0.141,43,12,6,4,employee,retirement,high,online,2,3,3,4,4,0.61,0.504,0.528,moderate,0.559,0.294,0.098,0.049,0.555,0.28,0.098,0.067
56,65205,9976914,0.047,0.463,33,2,24,1,employee,retirement,low,advisor,1,3,1,4,3,0.45,0.348,0.399,moderate,0.625,0.25,0.083,0.042,0.676,0.23,0.069,0.024
51,65248,10016781,0.249,0.143,34,8,4,0,employee,retirement,medium,online,4,3,2,2,3,0.58,0.497,0.589,moderate,0.541,0.306,0.102,0.051,0.512,0.32,0.106,0.062
53,65342,10016960,0.089,0.351,35,9,11,4,employee,home_purchase,medium,online,4,3,3,3,4,0.68,0.392,0.598,moderate,0.598,0.268,0.089,0.045,0.658,0.244,0.035,0.063
47,65371,10047439,0.208,0.204,24,7,3,3,employee,education,low,friends,3,3,3,3,3,0.6,0.459,0.556,moderate,0.531,0.312,0.104,0.052,0.512,0.345,0.132,0.012
59,65453,10047558,0.123,0.211,40,15,4,5,employee,retirement,medium,books,3,4,4,3,3,0.69,0.458,0.638,moderate,0.541,0.306,0.102,0.051,0.501,0.317,0.102,0.079
56,65467,10059587,0.148,0.243,36,8,14,2,employee,retirement,high,none,2,4,2,3,4,0.59,0.465,0.503,moderate,0.619,0.254,0.085,0.042,0.644,0.259,0.085,0.012
54,65469,10060201,0.111,0.42,30,8,14,2,employee,income,low,books,3,3,3,1,2,0.51,0.356,0.431,moderate,0.619,0.254,0.085,0.042,0.626,0.291,0.051,0.033
59,65475,10070805,0.193,0.113,37,8,6,1,self-employed,wealth_generation,low,online,3,2,3,2,1,0.46,0.503,0.474,moderate,0.559,0.294,0.098,0.049,0.569,0.287,0.1,0.044
62,65506,10087236,0.233,0.058,40,10,20,3,employee,retirement,high,online,4,3,3,2,4,0.65,0.598,0.614,moderate,0.625,0.25,0.083,0.042,0.635,0.284,0.075,0.005
72,65520,10097121,0.11,0.224,50,2,15,3,employee,retirement,low,online,4,4,2,3,3,0.66,0.479,0.61,moderate,0.625,0.25,0.083,0.042,0.643,0.291,0.056,0.01
50,65537,10100977,0.1,0.058,34,13,8,2,employee,retirement,low,online,5,2,2,4,2,0.61,0.559,0.614,moderate,0.575,0.283,0.094,0.047,0.593,0.362,0.029,0.016
66,65544,10105691,0.19,0.33,43,1,7,3,employee,retirement,high,online,4,2,3,2,2,0.54,0.396,0.498,moderate,0.567,0.288,0.096,0.048,0.568,0.295,0.082,0.055
65,65577,10106522,0.088,0.362,49,8,16,5,self-employed,education,high,online,3,2,3,3,2,0.52,0.384,0.435,moderate,0.625,0.25,0.083,0.042,0.674,0.244,0.077,0.005
55,65602,10128073,0.181,0.413,38,8,16,1,employee,wealth_generation,medium,books,3,3,1,3,3,0.52,0.364,0.511,moderate,0.625,0.25,0.083,0.042,0.637,0.282,0.027,0.054
61,65707,10129014,0.057,0.354,42,3,5,3,employee,income,medium,advisor,3,1,3,4,2,0.5,0.377,0.461,moderate,0.55,0.3,0.1,0.05,0.57,0.312,0.087,0.03
57,65830,10154859,0.177,0.461,33,1,9,2,employee,retirement,low,friends,2,2,3,2,2,0.44,0.322,0.345,conservative,0.352,0.463,0.139,0.046,0.375,0.485,0.14,0.0
61,65851,10167947,0.156,0.356,39,2,6,2,employee,retirement,medium,friends,5,3,3,2,3,0.67,0.378,0.517,moderate,0.559,0.294,0.098,0.049,0.566,0.284,0.097,0.053
69,65883,10171722,0.064,0.482,47,4,8,2,employee,retirement,low,online,5,4,5,3,2,0.8,0.308,0.58,moderate,0.575,0.283,0.094,0.047,0.552,0.302,0.072,0.074
63,65889,10184514,0.183,0.14,41,13,8,3,student,wealth_generation,low,advisor,3,4,4,3,5,0.75,0.468,0.687,aggressive,0.764,0.142,0.047,0.047,0.716,0.157,0.071,0.057
63,65905,10187235,0.143,0.259,43,12,26,3,employee,income,low,books,2,3,3,2,3,0.52,0.486,0.48,moderate,0.625,0.25,0.083,0.042,0.654,0.21,0.105,0.031
57,65927,10197145,0.094,0.629,41,1,16,5,retired,income,low,books,4,3,3,1,4,0.62,0.216,0.427,moderate,0.625,0.25,0.083,0.042,0.619,0.275,0.062,0.045
51,65938,10202560,0.124,0.327,31,4,17,6,employee,retirement,low,none,3,4,4,3,1,0.63,0.42,0.579,moderate,0.625,0.25,0.083,0.042,0.639,0.289,0.072,0.0
58,65964,10214884,0.152,0.43,35,13,7,4,employee,education,low,online,4,5,4,2,4,0.79,0.337,0.636,moderate,0.567,0.288,0.096,0.048,0.548,0.347,0.09,0.015
67,66006,10219756,0.056,0.036,45,3,1,2,retired,education,medium,advisor,3,3,4,4,1,0.61,0.512,0.554,moderate,0.511,0.326,0.109,0.054,0.534,0.318,0.123,0.025
50,66054,10220263,0.289,0.425,28,21,3,5,self-employed,retirement,low,online,3,4,2,4,1,0.58,0.321,0.492,moderate,0.531,0.312,0.104,0.052,0.524,0.348,0.094,0.034
53,66121,10234479,0.186,0.334,36,4,12,5,employee,retirement,medium,online,3,4,3,4,2,0.65,0.405,0.544,moderate,0.605,0.263,0.088,0.044,0.627,0.246,0.1,0.027
60,66134,10234594,0.06,0.129,44,10,8,5,retired,retirement,low,advisor,4,3,2,3,3,0.61,0.483,0.578,moderate,0.575,0.283,0.094,0.047,0.566,0.311,0.106,0.017
54,66144,10239442,0.226,0.031,35,6,6,0,self-employed,retirement,low,online,4,4,3,2,3,0.67,0.55,0.613,moderate,0.559,0.294,0.098,0.049,0.568,0.286,0.108,0.038
55,66203,10243984,0.118,0.169,32,2,2,4,employee,wealth_generation,medium,online,2,3,4,3,2,0.56,0.477,0.543,moderate,0.521,0.319,0.106,0.053,0.48,0.308,0.154,0.058
57,66214,10260469,0.172,0.461,41,4,20,5,employee,wealth_generation,low,friends,3,4,5,4,3,0.76,0.343,0.594,moderate,0.625,0.25,0.083,0.042,0.613,0.227,0.072,0.087
51,66290,10262647,0.108,0.322,34,9,13,4,self-employed,retirement,high,books,3,3,3,1,2,0.51,0.401,0.449,moderate,0.612,0.259,0.086,0.043,0.622,0.256,0.054,0.068
54,66312,10277960,0.202,0.464,32,5,4,4,employee,income,medium,books,3,4,2,3,3,0.61,0.311,0.518,moderate,0.541,0.306,0.102,0.051,0.518,0.322,0.116,0.044
64,66401,10285367,0.199,0.24,44,8,17,5,employee,wealth_generation,high,advisor,3,4,2,4,4,0.67,0.475,0.594,moderate,0.625,0.25,0.083,0.042,0.609,0.263,0.079,0.049
52,66447,10297594,0.163,0.483,31,3,16,3,unemployed,education,low,books,3,3,3,2,3,0.57,0.291,0.488,moderate,0.625,0.25,0.083,0.042,0.599,0.269,0.09,0.041
50,66465,10316437,0.1,0.246,27,6,8,5,unemployed,wealth_generation,low,online,2,4,5,2,1,0.59,0.403,0.531,moderate,0.575,0.283,0.094,0.047,0.547,0.237,0.152,0.065
56,66551,10327726,0.103,0.145,32,7,6,5,employee,wealth_generation,low,friends,4,3,2,3,2,0.58,0.503,0.548,moderate,0.559,0.294,0.098,0.049,0.539,0.293,0.119,0.049
64,66566,10330826,0.13,0.119,41,5,18,6,employee,retirement,low,advisor,3,2,2,2,3,0.48,0.554,0.545,moderate,0.625,0.25,0.083,0.042,0.617,0.206,0.117,0.06
58,66620,10355861,0.074,0.628,42,3,8,6,student,home_purchase,low,online,1,5,3,1,2,0.51,0.203,0.395,moderate,0.575,0.283,0.094,0.047,0.626,0.284,0.046,0.044
57,66639,10357078,0.121,0.199,38,6,19,3,employee,retirement,medium,online,4,4,3,3,1,0.64,0.507,0.601,moderate,0.625,0.25,0.083,0.042,0.693,0.216,0.09,0.0
60,66685,10363424,0.191,0.124,40,9,2,0,employee,income,low,none,4,4,3,3,4,0.73,0.503,0.631,moderate,0.521,0.319,0.106,0.053,0.494,0.309,0.166,0.03
49,66731,10399121,0.228,0.011,25,16,11,0,employee,retirement,low,none,2,4,4,3,3,0.64,0.598,0.61,moderate,0.598,0.268,0.089,0.045,0.606,0.274,0.08,0.04
62,66748,10399250,0.12,0.18,41,11,5,6,employee,retirement,low,online,1,1,4,4,4,0.5,0.48,0.498,moderate,0.55,0.3,0.1,0.05,0.544,0.291,0.115,0.05
62,66751,10402386,0.098,0.438,41,2,15,2,retired,education,medium,books,2,5,4,2,3,0.66,0.326,0.499,moderate,0.625,0.25,0.083,0.042,0.558,0.251,0.14,0.051
57,66785,10430410,0.229,0.271,39,4,33,3,retired,wealth_generation,medium,books,1,2,4,3,5,0.55,0.466,0.521,moderate,0.625,0.25,0.083,0.042,0.668,0.236,0.087,0.008
66,66812,10437316,0.25,0.308,49,1,10,3,self-employed,education,low,books,2,3,2,5,3,0.57,0.403,0.509,moderate,0.591,0.273,0.091,0.045,0.605,0.292,0.091,0.013
53,66903,10458033,0.135,0.467,36,2,4,2,retired,wealth_generation,medium,online,3,3,2,4,3,0.59,0.289,0.439,moderate,0.541,0.306,0.102,0.051,0.548,0.276,0.163,0.013
66,66946,10467925,0.023,0.264,44,4,8,4,self-employed,wealth_generation,medium,online,3,4,2,5,5,0.73,0.424,0.646,moderate,0.575,0.283,0.094,0.047,0.548,0.263,0.122,0.068
60,66966,10468098,0.193,0.403,40,3,21,5,employee,retirement,low,books,3,3,4,4,5,0.73,0.382,0.634,moderate,0.625,0.25,0.083,0.042,0.717,0.264,0.002,0.018
57,67115,10469618,0.215,0.195,41,3,17,2,employee,home_purchase,medium,advisor,4,3,3,1,3,0.59,0.504,0.597,moderate,0.625,0.25,0.083,0.042,0.604,0.229,0.112,0.054
59,67184,10471852,0.017,0.553,39,3,7,4,retired,wealth_generation,low,online,3,1,3,2,5,0.53,0.247,0.412,moderate,0.567,0.288,0.096,0.048,0.568,0.32,0.053,0.058
59,67187,10483450,0.172,0.076,43,4,24,4,self-employed,retirement,low,online,3,3,3,3,4,0.63,0.582,0.616,moderate,0.625,0.25,0.083,0.042,0.622,0.254,0.062,0.062
67,67197,10485643,0.17,0.346,43,2,14,3,employee,retirement,low,advisor,3,3,4,3,4,0.67,0.403,0.553,moderate,0.619,0.254,0.085,0.042,0.673,0.261,0.067,0.0
53,67226,10490605,0.129,0.319,30,4,5,2,student,wealth_generation,low,online,3,3,4,4,1,0.61,0.365,0.534,moderate,0.55,0.3,0.1,0.05,0.526,0.311,0.085,0.078
55,67263,10502687,0.206,0.139,36,9,13,5,employee,retirement,high,online,4,2,2,3,2,0.53,0.527,0.524,moderate,0.612,0.259,0.086,0.043,0.638,0.269,0.082,0.01
66,67273,10551127,0.139,0.219,50,3,10,3,employee,home_purchase,low,none,2,3,2,1,4,0.48,0.471,0.483,moderate,0.591,0.273,0.091,0.045,0.606,0.27,0.076,0.048
56,67274,10552330,0.189,0.19,33,3,18,3,employee,education,low,friends,4,4,2,3,3,0.66,0.51,0.611,moderate,0.625,0.25,0.083,0.042,0.591,0.216,0.137,0.057
65,67282,10559093,0.156,0.086,45,1,9,4,employee,retirement,medium,friends,2,2,1,2,2,0.36,0.547,0.402,moderate,0.583,0.278,0.093,0.046,0.55,0.26,0.138,0.052
70,67293,10559853,0.101,0.29,50,7,20,6,self-employed,home_purchase,high,books,3,3,1,4,2,0.52,0.438,0.486,moderate,0.625,0.25,0.083,0.042,0.624,0.224,0.093,0.059
57,67300,10561152,0.174,0.627,40,12,18,3,student,home_purchase,low,none,2,1,2,3,4,0.44,0.216,0.378,moderate,0.625,0.25,0.083,0.042,0.648,0.234,0.087,0.032
64,67307,10564150,0.203,0.281,44,1,15,4,employee,home_purchase,low,advisor,3,3,4,3,1,0.58,0.446,0.641,moderate,0.625,0.25,0.083,0.042,0.628,0.263,0.066,0.042
53,67365,10567977,0.306,0.275,29,7,7,3,employee,retirement,high,online,3,2,3,3,2,0.52,0.429,0.431,moderate,0.567,0.288,0.096,0.048,0.523,0.274,0.117,0.086
64,67415,10582353,0.13,0.045,41,9,26,2,self-employed,wealth_generation,medium,online,4,3,3,3,4,0.68,0.608,0.632,moderate,0.625,0.25,0.083,0.042,0.597,0.286,0.057,0.06
61,67421,10588998,0.044,0.113,38,8,12,1,retired,wealth_generation,medium,advisor,3,4,1,3,3,0.57,0.505,0.526,moderate,0.605,0.263,0.088,0.044,0.601,0.239,0.131,0.029
62,67510,10600447,0.331,0.264,38,13,21,1,employee,wealth_generation,low,advisor,3,2,2,2,3,0.48,0.471,0.439,moderate,0.625,0.25,0.083,0.042,0.669,0.257,0.035,0.039
56,67523,10605398,0.178,0.579,39,12,6,0,employee,wealth_generation,low,books,4,1,3,2,5,0.58,0.248,0.506,moderate,0.559,0.294,0.098,0.049,0.578,0.285,0.07,0.067
50,67527,10607886,0.28,0.428,28,1,27,3,self-employed,retirement,medium,online,4,3,3,4,3,0.68,0.366,0.553,moderate,0.625,0.25,0.083,0.042,0.621,0.249,0.044,0.086
63,67543,10610213,0.06,0.201,43,5,18,1,self-employed,retirement,low,friends,1,5,4,2,4,0.64,0.487,0.574,moderate,0.625,0.25,0.083,0.042,0.62,0.218,0.057,0.105
47,67566,10620929,0.122,0.274,29,9,24,5,employee,education,medium,online,2,2,3,4,3,0.53,0.472,0.526,moderate,0.625,0.25,0.083,0.042,0.638,0.227,0.092,0.043
58,67713,10624691,0.071,0.278,35,16,6,7,retired,income,low,online,4,3,4,5,3,0.75,0.397,0.591,moderate,0.559,0.294,0.098,0.049,0.528,0.323,0.086,0.062
65,67818,10625582,0.23,0.329,48,11,10,3,employee,retirement,medium,advisor,3,3,1,3,2,0.49,0.405,0.478,moderate,0.591,0.273,0.091,0.045,0.638,0.26,0.103,0.0
61,67830,10639601,0.246,0.33,42,3,4,3,self-employed,wealth_generation,medium,books,2,3,1,3,3,0.47,0.377,0.416,moderate,0.541,0.306,0.102,0.051,0.579,0.317,0.105,0.0
71,67839,10646689,0.153,0.376,50,4,5,2,self-employed,retirement,low,books,1,4,3,4,3,0.58,0.353,0.531,moderate,0.55,0.3,0.1,0.05,0.542,0.252,0.121,0.085
66,67849,10662152,0.086,0.03,46,10,7,4,employee,wealth_generation,medium,books,3,5,4,5,3,0.8,0.575,0.714,aggressive,0.76,0.144,0.048,0.048,0.887,0.111,0.002,0.0
56,67884,10668366,0.068,0.492,37,6,24,4,employee,retirement,low,online,2,2,2,4,5,0.55,0.331,0.504,moderate,0.625,0.25,0.083,0.042,0.622,0.222,0.067,0.089
60,67899,10672782,0.17,0.07,42,7,14,2,retired,education,low,none,5,3,4,2,3,0.71,0.536,0.659,aggressive,0.788,0.127,0.042,0.042,0.782,0.109,0.047,0.063
59,67912,10679704,0.154,0.25,41,8,8,2,employee,wealth_generation,medium,advisor,2,2,4,4,4,0.6,0.447,0.469,moderate,0.575,0.283,0.094,0.047,0.573,0.319,0.069,0.039
50,67984,10690997,0.193,0.464,30,2,24,4,employee,retirement,high,online,4,4,3,2,4,0.7,0.349,0.523,moderate,0.625,0.25,0.083,0.042,0.647,0.245,0.086,0.022
54,67991,10693319,0.114,0.255,33,12,16,3,unemployed,wealth_generation,medium,advisor,1,2,2,4,2,0.41,0.42,0.463,moderate,0.625,0.25,0.083,0.042,0.645,0.237,0.117,0.0
56,68064,10703530,0.134,0.065,40,12,21,4,employee,wealth_generation,low,none,4,3,3,3,2,0.62,0.599,0.602,moderate,0.625,0.25,0.083,0.042,0.659,0.213,0.127,0.0
47,68107,10707946,0.019,0.156,28,6,22,6,employee,wealth_generation,medium,books,4,4,3,3,2,0.67,0.543,0.566,moderate,0.625,0.25,0.083,0.042,0.592,0.259,0.083,0.066
60,68109,10714768,0.175,0.288,39,8,16,5,employee,wealth_generation,low,advisor,2,3,2,2,2,0.45,0.444,0.433,moderate,0.625,0.25,0.083,0.042,0.612,0.245,0.084,0.059
58,68115,10726018,0.138,0.082,41,9,7,2,employee,income,low,books,4,4,4,1,4,0.71,0.544,0.633,moderate,0.567,0.288,0.096,0.048,0.542,0.291,0.125,0.041
49,68225,10736782,0.264,0.232,29,3,32,5,employee,retirement,low,books,4,4,3,3,3,0.7,0.521,0.667,aggressive,0.792,0.125,0.042,0.042,0.793,0.114,0.043,0.05
62,68285,10738732,0.181,0.197,38,2,8,3,self-employed,income,medium,books,2,2,3,3,4,0.53,0.463,0.479,moderate,0.575,0.283,0.094,0.047,0.583,0.308,0.106,0.003
64,68337,10750342,0.133,0.39,46,0,15,5,employee,retirement,medium,books,3,2,2,2,4,0.51,0.379,0.454,moderate,0.625,0.25,0.083,0.042,0.607,0.274,0.06,0.059
61,68367,10797865,0.105,0.096,43,14,19,5,self-employed,retirement,medium,online,2,3,1,3,3,0.47,0.555,0.537,moderate,0.625,0.25,0.083,0.042,0.612,0.263,0.065,0.06
58,68419,10835262,0.256,0.328,34,5,5,2,retired,income,low,online,4,3,4,5,3,0.75,0.367,0.583,moderate,0.55,0.3,0.1,0.05,0.502,0.308,0.129,0.062
63,68445,10854923,0.015,0.225,45,1,13,2,employee,home_purchase,low,books,5,3,2,3,2,0.63,0.475,0.543,moderate,0.612,0.259,0.086,0.043,0.609,0.282,0.109,0.0
64,68456,10872859,0.119,0.291,45,6,9,3,self-employed,wealth_generation,medium,books,3,2,3,4,1,0.52,0.411,0.488,moderate,0.583,0.278,0.093,0.046,0.584,0.307,0.104,0.005
61,68488,10894516,0.278,0.146,37,1,7,1,self-employed,wealth_generation,medium,advisor,3,3,4,3,4,0.67,0.49,0.622,moderate,0.567,0.288,0.096,0.048,0.549,0.229,0.132,0.09
55,68533,10908264,0.184,0.299,36,1,1,4,employee,retirement,low,none,2,3,3,4,3,0.58,0.402,0.507,moderate,0.511,0.326,0.109,0.054,0.502,0.335,0.095,0.067
61,68583,10935015,0.159,0.324,41,6,20,4,self-employed,retirement,medium,online,3,3,4,3,3,0.64,0.417,0.57,moderate,0.625,0.25,0.083,0.042,0.603,0.249,0.087,0.06
67,68604,10942051,0.09,0.07,50,7,5,2,employee,retirement,low,books,4,3,4,5,1,0.69,0.546,0.617,moderate,0.55,0.3,0.1,0.05,0.517,0.26,0.142,0.081
56,68614,10942717,0.229,0.395,33,8,20,3,employee,retirement,low,advisor,2,2,2,4,1,0.43,0.386,0.353,moderate,0.625,0.25,0.083,0.042,0.641,0.251,0.053,0.055
72,68629,10945426,0.09,0.417,48,9,13,4,employee,wealth_generation,low,online,3,1,3,3,4,0.53,0.358,0.488,moderate,0.612,0.259,0.086,0.043,0.605,0.3,0.05,0.045
56,68728,10948383,0.101,0.065,37,9,14,1,unemployed,wealth_generation,high,none,3,3,1,5,3,0.58,0.521,0.527,moderate,0.619,0.254,0.085,0.042,0.618,0.258,0.11,0.014
60,68819,10955365,0.087,0.297,42,6,18,4,self-employed,education,low,online,3,4,3,3,4,0.68,0.43,0.562,moderate,0.625,0.25,0.083,0.042,0.662,0.248,0.09,0.0
55,68831,10955761,0.078,0.293,36,8,11,3,employee,retirement,low,books,2,4,5,5,5,0.8,0.429,0.659,aggressive,0.777,0.134,0.045,0.045,0.769,0.099,0.051,0.081
61,68847,10965329,0.285,0.016,39,4,9,4,employee,wealth_generation,low,friends,5,2,2,2,5,0.64,0.591,0.65,moderate,0.583,0.278,0.093,0.046,0.574,0.266,0.097,0.064
49,68861,10968899,0.173,0.202,33,6,5,4,self-employed,income,low,books,3,2,2,3,2,0.48,0.453,0.467,moderate,0.55,0.3,0.1,0.05,0.533,0.299,0.125,0.043
56,68887,10973883,0.181,0.533,39,5,13,4,employee,home_purchase,low,online,5,4,3,2,2,0.69,0.287,0.514,moderate,0.612,0.259,0.086,0.043,0.574,0.306,0.111,0.009
53,68901,10979039,0.286,0.279,33,4,12,1,employee,wealth_generation,low,advisor,3,3,2,3,3,0.56,0.44,0.557,moderate,0.605,0.263,0.088,0.044,0.526,0.252,0.18,0.042
60,68922,10979480,0.097,0.479,36,3,8,5,employee,retirement,low,none,4,5,1,4,2,0.67,0.311,0.517,moderate,0.575,0.283,0.094,0.047,0.582,0.238,0.11,0.07
65,68945,10981042,0.006,0.325,44,1,13,4,employee,retirement,medium,books,3,3,4,2,4,0.64,0.415,0.542,moderate,0.612,0.259,0.086,0.043,0.636,0.268,0.082,0.014
63,68958,10990982,0.173,0.034,45,7,10,4,self-employed,wealth_generation,low,advisor,3,4,5,3,4,0.76,0.564,0.635,moderate,0.591,0.273,0.091,0.045,0.647,0.219,0.067,0.066
45,68981,11003295,0.155,0.075,27,7,18,2,employee,wealth_generation,low,advisor,4,4,4,2,3,0.71,0.584,0.663,aggressive,0.792,0.125,0.042,0.042,0.8,0.144,0.0,0.055
72,69003,11004257,0.149,0.344,50,5,12,2,self-employed,income,medium,advisor,2,2,3,4,3,0.53,0.387,0.516,moderate,0.605,0.263,0.088,0.044,0.613,0.254,0.133,0.0
61,69007,11008794,0.043,0.279,43,17,23,5,employee,home_purchase,high,none,3,4,4,3,4,0.72,0.468,0.575,moderate,0.625,0.25,0.083,0.042,0.649,0.277,0.075,0.0
55,69018,11016277,0.144,0.106,37,7,12,3,student,wealth_generation,medium,online,4,5,3,2,3,0.72,0.501,0.611,moderate,0.605,0.263,0.088,0.044,0.581,0.238,0.114,0.067
60,69027,11022128,0.11,0.301,38,13,20,4,self-employed,wealth_generation,low,books,2,3,3,2,3,0.52,0.432,0.484,moderate,0.625,0.25,0.083,0.042,0.645,0.225,0.082,0.048
61,69059,11025917,0.107,0.387,37,7,12,3,self-employed,retirement,low,friends,3,3,2,4,4,0.62,0.362,0.533,moderate,0.605,0.263,0.088,0.044,0.645,0.274,0.075,0.006
55,69138,11034986,0.095,0.358,31,3,12,4,employee,retirement,medium,online,4,4,3,3,2,0.67,0.392,0.568,moderate,0.605,0.263,0.088,0.044,0.599,0.268,0.09,0.043
61,69155,11040848,0.12,0.164,43,17,9,1,retired,wealth_generation,low,books,3,3,2,3,2,0.53,0.469,0.507,moderate,0.583,0.278,0.093,0.046,0.539,0.26,0.132,0.069
56,69157,11062754,0.124,0.169,33,13,10,2,employee,retirement,low,none,3,3,3,4,2,0.6,0.502,0.541,moderate,0.591,0.273,0.091,0.045,0.629,0.295,0.062,0.014
57,69181,11064684,0.115,0.531,41,6,23,1,employee,retirement,low,books,3,2,4,5,3,0.65,0.304,0.553,moderate,0.625,0.25,0.083,0.042,0.631,0.251,0.07,0.048
55,69361,11093160,0.313,0.436,32,3,6,3,retired,income,low,online,3,2,3,3,4,0.58,0.311,0.409,moderate,0.559,0.294,0.098,0.049,0.546,0.293,0.039,0.123
51,69379,11093865,0.271,0.193,34,3,4,6,employee,education,low,online,3,2,2,3,2,0.48,0.472,0.511,moderate,0.541,0.306,0.102,0.051,0.558,0.3,0.091,0.052
60,69386,11095180,0.168,0.395,41,11,18,3,retired,wealth_generation,low,online,4,4,3,4,5,0.79,0.358,0.678,aggressive,0.792,0.125,0.042,0.042,0.789,0.103,0.04,0.068
63,69427,11132886,0.317,0.125,41,1,13,5,employee,home_purchase,low,friends,2,2,5,2,4,0.58,0.538,0.585,moderate,0.612,0.259,0.086,0.043,0.577,0.25,0.11,0.064
63,69433,11157694,0.341,0.142,42,8,8,2,employee,retirement,low,books,4,3,4,3,5,0.75,0.513,0.638,moderate,0.575,0.283,0.094,0.047,0.658,0.249,0.07,0.022
64,69450,11167854,0.125,0.134,40,8,10,5,self-employed,wealth_generation,low,online,3,2,4,4,3,0.62,0.506,0.583,moderate,0.591,0.273,0.091,0.045,0.546,0.253,0.113,0.088
61,69450,11169265,0.142,0.082,38,3,12,3,employee,retirement,high,online,3,3,2,2,3,0.53,0.561,0.508,moderate,0.605,0.263,0.088,0.044,0.578,0.3,0.059,0.063
56,69492,11174056,0.29,0.413,39,9,13,2,self-employed,income,medium,advisor,3,2,3,3,4,0.58,0.349,0.459,moderate,0.612,0.259,0.086,0.043,0.623,0.261,0.082,0.034
65,69493,11179739,0.175,0.288,46,9,18,4,student,income,medium,online,3,5,2,4,4,0.72,0.415,0.614,moderate,0.625,0.25,0.083,0.042,0.61,0.248,0.088,0.054
51,69532,11216322,0.093,0.169,35,5,9,3,employee,wealth_generation,medium,online,3,3,2,3,1,0.5,0.5,0.517,moderate,0.583,0.278,0.093,0.046,0.579,0.3,0.072,0.049
54,69566,11221769,0.192,0.409,32,6,15,2,student,wealth_generation,low,online,2,2,4,4,2,0.54,0.338,0.47,moderate,0.625,0.25,0.083,0.042,0.638,0.249,0.088,0.025
54,69630,11236657,0.091,0.383,35,12,19,1,retired,income,low,books,2,2,4,4,4,0.6,0.367,0.471,moderate,0.625,0.25,0.083,0.042,0.602,0.245,0.102,0.052
66,69646,11252551,0.121,0.091,43,7,19,1,employee,retirement,medium,books,5,5,2,3,4,0.79,0.578,0.776,aggressive,0.792,0.125,0.042,0.042,0.788,0.147,0.032,0.032
65,69729,11252976,0.096,0.312,48,8,7,5,employee,wealth_generation,low,none,1,3,4,3,4,0.57,0.409,0.523,moderate,0.567,0.288,0.096,0.048,0.567,0.323,0.047,0.062
62,69765,11284663,0.1,0.344,39,5,9,6,self-employed,education,medium,advisor,1,3,3,3,2,0.47,0.381,0.431,moderate,0.583,0.278,0.093,0.046,0.609,0.243,0.107,0.041
66,69789,11328747,0.005,0.342,49,2,13,1,employee,education,high,online,5,3,3,5,2,0.73,0.405,0.603,moderate,0.612,0.259,0.086,0.043,0.658,0.256,0.045,0.041
54,69847,11336896,0.246,0.345,31,23,20,3,employee,wealth_generation,low,advisor,3,2,2,3,3,0.51,0.419,0.455,moderate,0.625,0.25,0.083,0.042,0.647,0.21,0.118,0.025
62,69895,11342556,0.112,0.129,46,7,17,0,self-employed,income,high,books,5,5,3,1,3,0.74,0.531,0.63,moderate,0.625,0.25,0.083,0.042,0.662,0.196,0.075,0.067
59,69897,11343154,0.054,0.191,42,5,13,2,self-employed,retirement,low,books,4,2,5,4,2,0.68,0.481,0.675,aggressive,0.784,0.129,0.043,0.043,0.773,0.134,0.023,0.07
65,69919,11354491,0.054,0.407,45,9,28,3,self-employed,wealth_generation,high,books,2,2,2,2,2,0.4,0.384,0.368,moderate,0.625,0.25,0.083,0.042,0.606,0.262,0.101,0.031
59,69919,11359125,0.164,0.445,43,8,10,4,employee,home_purchase,low,friends,3,4,3,3,3,0.65,0.336,0.505,moderate,0.591,0.273,0.091,0.045,0.612,0.268,0.102,0.017
57,69922,11361137,0.347,0.177,37,3,19,1,self-employed,retirement,medium,books,2,4,3,3,3,0.6,0.507,0.553,moderate,0.625,0.25,0.083,0.042,0.608,0.219,0.093,0.079
63,69926,11389630,0.074,0.028,43,13,18,5,retired,home_purchase,medium,none,5,2,1,3,4,0.6,0.576,0.569,moderate,0.625,0.25,0.083,0.042,0.628,0.233,0.075,0.064
65,70004,11395027,0.059,0.416,43,1,21,2,employee,wealth_generation,medium,online,3,2,2,3,5,0.57,0.375,0.492,moderate,0.625,0.25,0.083,0.042,0.689,0.192,0.071,0.048
55,70015,11413934,0.141,0.215,38,8,28,5,employee,wealth_generation,low,advisor,5,3,3,3,3,0.7,0.523,0.617,moderate,0.625,0.25,0.083,0.042,0.606,0.241,0.137,0.016
59,70016,11431376,0.165,0.197,42,6,11,4,unemployed,wealth_generation,low,online,2,3,4,3,3,0.59,0.441,0.526,moderate,0.598,0.268,0.089,0.045,0.655,0.27,0.047,0.028
53,70039,11434468,0.112,0.203,32,4,6,2,employee,income,medium,none,3,4,4,2,3,0.66,0.471,0.575,moderate,0.559,0.294,0.098,0.049,0.548,0.295,0.128,0.029
45,70076,11438497,0.113,0.229,27,12,11,4,employee,income,medium,online,4,3,4,4,5,0.78,0.47,0.649,moderate,0.598,0.268,0.089,0.045,0.585,0.278,0.081,0.056
61,70090,11442590,0.138,0.215,38,9,19,2,employee,retirement,low,online,3,4,4,4,3,0.72,0.499,0.586,moderate,0.625,0.25,0.083,0.042,0.638,0.235,0.076,0.052
63,70143,11445864,0.116,0.283,45,10,19,2,employee,income,low,online,4,2,3,2,3,0.57,0.456,0.515,moderate,0.625,0.25,0.083,0.042,0.621,0.241,0.103,0.035
61,70153,11449551,0.261,0.076,42,5,8,1,self-employed,retirement,low,online,2,3,4,4,4,0.65,0.535,0.6,moderate,0.575,0.283,0.094,0.047,0.564,0.28,0.072,0.084
48,70235,11459269,0.033,0.539,26,15,2,3,employee,retirement,high,none,3,3,2,1,1,0.44,0.267,0.363,moderate,0.521,0.319,0.106,0.053,0.545,0.286,0.126,0.043
57,70337,11464895,0.098,0.483,41,5,11,1,employee,wealth_generation,medium,online,2,4,2,2,3,0.53,0.315,0.436,moderate,0.598,0.268,0.089,0.045,0.561,0.271,0.095,0.072
46,70349,11472836,0.222,0.48,30,7,11,3,unemployed,wealth_generation,medium,online,4,3,3,3,4,0.68,0.285,0.55,moderate,0.598,0.268,0.089,0.045,0.679,0.282,0.029,0.011
68,70362,11483764,0.229,0.43,44,15,3,0,employee,wealth_generation,low,friends,3,1,3,4,4,0.56,0.332,0.453,moderate,0.531,0.312,0.104,0.052,0.56,0.357,0.072,0.011
53,70401,11487969,0.063,0.319,32,1,17,1,employee,retirement,medium,advisor,3,3,1,1,4,0.49,0.429,0.496,moderate,0.625,0.25,0.083,0.042,0.602,0.236,0.084,0.078
67,70488,11502347,0.306,0.153,47,2,7,6,self-employed,wealth_generation,low,online,4,2,3,4,5,0.69,0.488,0.669,aggressive,0.76,0.144,0.048,0.048,0.762,0.142,0.075,0.02
65,70515,11520228,0.193,0.053,48,21,14,5,employee,retirement,medium,online,3,4,5,3,3,0.73,0.586,0.653,aggressive,0.788,0.127,0.042,0.042,0.85,0.1,0.03,0.021
54,70612,11545500,0.107,0.09,37,17,4,2,employee,wealth_generation,medium,books,2,2,4,4,4,0.6,0.533,0.585,moderate,0.541,0.306,0.102,0.051,0.583,0.307,0.095,0.015
53,70620,11549014,0.144,0.195,31,10,19,4,retired,wealth_generation,medium,books,2,3,3,1,3,0.49,0.48,0.493,moderate,0.625,0.25,0.083,0.042,0.635,0.264,0.06,0.04
62,70676,11552857,0.112,0.26,41,6,16,4,employee,retirement,high,online,5,4,1,3,3,0.67,0.463,0.589,moderate,0.625,0.25,0.083,0.042,0.606,0.247,0.065,0.083
54,70733,11563569,0.075,0.623,31,7,9,2,employee,wealth_generation,low,books,3,3,3,1,3,0.54,0.227,0.366,moderate,0.583,0.278,0.093,0.046,0.556,0.262,0.117,0.065
60,70774,11586305,0.111,0.236,42,4,14,3,employee,wealth_generation,medium,advisor,4,2,4,1,1,0.52,0.474,0.528,moderate,0.619,0.254,0.085,0.042,0.605,0.291,0.06,0.044
57,70832,11618774,0.169,0.268,39,6,6,6,employee,home_purchase,low,friends,3,2,4,3,4,0.62,0.434,0.534,moderate,0.559,0.294,0.098,0.049,0.573,0.298,0.079,0.05
49,70901,11628289,0.227,0.333,29,6,28,4,employee,wealth_generation,medium,advisor,2,3,1,3,3,0.47,0.445,0.495,moderate,0.625,0.25,0.083,0.042,0.655,0.241,0.089,0.015
46,70980,11632536,0.126,0.134,27,1,17,5,retired,retirement,low,online,4,1,3,4,5,0.64,0.511,0.588,moderate,0.625,0.25,0.083,0.042,0.654,0.227,0.079,0.04
61,71061,11639851,0.123,0.478,38,6,17,3,self-employed,retirement,medium,advisor,2,2,1,1,3,0.36,0.318,0.377,moderate,0.625,0.25,0.083,0.042,0.637,0.232,0.095,0.036
56,71090,11653063,0.147,0.269,35,6,5,4,employee,wealth_generation,medium,books,2,5,3,3,4,0.68,0.431,0.596,moderate,0.55,0.3,0.1,0.05,0.538,0.311,0.105,0.047
56,71110,11662627,0.182,0.176,33,9,2,3,employee,wealth_generation,medium,books,4,4,3,3,3,0.7,0.477,0.634,moderate,0.521,0.319,0.106,0.053,0.499,0.298,0.167,0.036
64,71190,11674431,0.206,0.481,42,7,13,4,student,retirement,low,advisor,3,2,4,3,2,0.56,0.294,0.472,moderate,0.612,0.259,0.086,0.043,0.675,0.246,0.078,0.0
67,71194,11702398,0.119,0.305,50,12,5,4,employee,wealth_generation,low,advisor,3,4,2,3,2,0.58,0.41,0.508,moderate,0.55,0.3,0.1,0.05,0.573,0.333,0.093,0.0
58,71194,11702557,0.17,0.253,34,5,17,0,employee,wealth_generation,high,online,5,3,5,3,3,0.78,0.471,0.645,moderate,0.625,0.25,0.083,0.042,0.651,0.223,0.065,0.061
57,71315,11705133,0.131,0.288,36,5,10,4,employee,retirement,low,online,3,3,3,2,3,0.57,0.432,0.528,moderate,0.591,0.273,0.091,0.045,0.557,0.249,0.11,0.084
63,71324,11807793,0.198,0.356,42,7,8,4,self-employed,wealth_generation,medium,none,1,3,2,3,3,0.46,0.373,0.446,moderate,0.575,0.283,0.094,0.047,0.61,0.258,0.132,0.0
51,71354,11813226,0.08,0.121,34,3,3,1,employee,education,medium,online,4,3,3,2,4,0.65,0.512,0.595,moderate,0.531,0.312,0.104,0.052,0.561,0.28,0.096,0.063
61,71387,11836201,0.103,0.42,37,5,32,3,employee,wealth_generation,low,friends,3,2,3,1,3,0.49,0.395,0.475,moderate,0.625,0.25,0.083,0.042,0.634,0.251,0.075,0.041
63,71449,11840179,0.139,0.515,47,9,24,6,retired,wealth_generation,high,friends,2,3,5,3,4,0.66,0.298,0.493,moderate,0.625,0.25,0.083,0.042,0.607,0.241,0.081,0.071
64,71459,11842740,0.249,0.283,43,5,4,6,student,wealth_generation,medium,friends,4,4,3,2,2,0.64,0.385,0.545,moderate,0.541,0.306,0.102,0.051,0.573,0.314,0.108,0.005
48,71523,11849679,0.167,0.328,25,14,8,5,self-employed,retirement,low,online,2,3,3,2,4,0.55,0.39,0.52,moderate,0.575,0.283,0.094,0.047,0.527,0.285,0.147,0.041
55,71565,11853178,0.296,0.417,38,8,9,1,employee,home_purchase,high,advisor,3,3,1,3,3,0.52,0.352,0.46,moderate,0.583,0.278,0.093,0.046,0.604,0.271,0.097,0.027
54,71578,11860340,0.06,0.214,36,2,8,3,retired,retirement,high,online,2,3,3,4,4,0.61,0.44,0.539,moderate,0.575,0.283,0.094,0.047,0.628,0.298,0.074,0.0
60,71700,11860342,0.145,0.62,38,6,23,2,unemployed,wealth_generation,low,advisor,4,5,3,2,3,0.72,0.225,0.549,moderate,0.625,0.25,0.083,0.042,0.639,0.258,0.088,0.015
62,71714,11861845,0.137,0.327,46,10,16,4,employee,retirement,high,friends,3,2,1,3,3,0.47,0.422,0.498,moderate,0.625,0.25,0.083,0.042,0.648,0.228,0.111,0.014
68,71937,11862064,0.173,0.232,48,8,24,5,retired,wealth_generation,medium,books,5,5,4,4,2,0.84,0.472,0.711,aggressive,0.792,0.125,0.042,0.042,0.75,0.124,0.061,0.065
57,71939,11892092,0.223,0.326,36,13,20,5,retired,retirement,low,online,3,3,3,2,3,0.57,0.405,0.457,moderate,0.625,0.25,0.083,0.042,0.6,0.271,0.087,0.042
57,71960,11931328,0.232,0.267,35,10,16,5,unemployed,education,high,online,2,5,4,4,2,0.69,0.416,0.557,moderate,0.625,0.25,0.083,0.042,0.615,0.242,0.128,0.015
66,71961,11940966,0.187,0.097,44,1,15,1,employee,retirement,low,online,1,3,3,5,4,0.59,0.564,0.61,moderate,0.625,0.25,0.083,0.042,0.663,0.256,0.056,0.025
61,71963,11970971,0.181,0.379,43,2,20,1,retired,retirement,medium,books,3,4,3,3,4,0.68,0.373,0.543,moderate,0.625,0.25,0.083,0.042,0.669,0.231,0.078,0.022
67,72006,11974629,0.282,0.282,45,9,15,6,employee,wealth_generation,medium,none,2,4,4,2,5,0.67,0.448,0.584,moderate,0.625,0.25,0.083,0.042,0.585,0.258,0.116,0.041
61,72025,11994292,0.13,0.379,45,3,6,5,employee,wealth_generation,medium,online,3,1,2,2,3,0.43,0.369,0.39,moderate,0.559,0.294,0.098,0.049,0.525,0.334,0.109,0.032
53,72210,12017376,0.229,0.121,34,8,14,3,employee,retirement,low,advisor,5,3,5,4,1,0.75,0.546,0.694,aggressive,0.788,0.127,0.042,0.042,0.762,0.105,0.063,0.07
52,72299,12018406,0.265,0.273,30,11,12,3,employee,retirement,low,friends,4,2,4,3,5,0.7,0.447,0.615,moderate,0.605,0.263,0.088,0.044,0.554,0.266,0.077,0.103
50,72312,12028435,0.151,0.365,28,8,27,3,employee,retirement,low,online,3,4,4,2,4,0.69,0.423,0.564,moderate,0.625,0.25,0.083,0.042,0.651,0.201,0.116,0.031
63,72315,12039417,0.201,0.593,44,6,11,4,employee,home_purchase,low,books,3,2,4,2,4,0.59,0.249,0.479,moderate,0.598,0.268,0.089,0.045,0.62,0.272,0.068,0.041
67,72322,12063769,0.129,0.434,50,8,2,2,self-employed,income,high,advisor,3,3,1,4,3,0.55,0.317,0.484,moderate,0.521,0.319,0.106,0.053,0.494,0.307,0.12,0.079
71,72394,12081805,0.078,0.42,48,2,7,3,employee,retirement,medium,advisor,3,2,4,3,3,0.59,0.347,0.511,moderate,0.567,0.288,0.096,0.048,0.569,0.26,0.124,0.047
65,72401,12082564,0.17,0.164,46,10,22,4,retired,wealth_generation,medium,online,2,3,3,4,2,0.55,0.509,0.541,moderate,0.625,0.25,0.083,0.042,0.624,0.274,0.088,0.014
66,72426,12083417,0.088,0.403,49,9,25,2,employee,wealth_generation,medium,books,2,5,3,3,4,0.68,0.393,0.677,aggressive,0.792,0.125,0.042,0.042,0.807,0.135,0.053,0.006
56,72434,12094213,0.145,0.129,37,7,16,9,employee,retirement,low,friends,5,2,5,3,3,0.73,0.547,0.615,moderate,0.625,0.25,0.083,0.042,0.66,0.262,0.043,0.035
53,72468,12117370,0.243,0.142,30,4,3,2,employee,wealth_generation,medium,advisor,3,4,4,3,2,0.66,0.501,0.588,moderate,0.531,0.312,0.104,0.052,0.532,0.316,0.099,0.053
65,72525,12120959,0.053,0.096,42,11,2,3,employee,wealth_generation,medium,books,3,2,4,2,3,0.56,0.525,0.546,moderate,0.521,0.319,0.106,0.053,0.542,0.313,0.088,0.057
62,72525,12128589,0.026,0.415,42,7,11,3,student,wealth_generation,medium,online,4,4,3,2,3,0.67,0.328,0.572,moderate,0.598,0.268,0.089,0.045,0.667,0.306,0.021,0.006
60,72654,12143946,0.174,0.095,43,1,38,3,employee,retirement,low,none,2,3,2,4,3,0.54,0.636,0.571,moderate,0.625,0.25,0.083,0.042,0.577,0.266,0.117,0.04
62,72774,12166337,0.119,0.112,40,14,20,2,employee,retirement,low,none,3,3,3,3,4,0.63,0.57,0.64,moderate,0.625,0.25,0.083,0.042,0.639,0.224,0.118,0.019
61,72873,12188654,0.137,0.163,43,10,23,3,employee,income,low,books,4,4,3,3,4,0.73,0.546,0.639,moderate,0.625,0.25,0.083,0.042,0.644,0.227,0.129,0.0
67,72886,12205172,0.135,0.285,46,8,14,1,employee,income,low,books,2,5,4,4,3,0.72,0.444,0.624,moderate,0.619,0.254,0.085,0.042,0.57,0.281,0.116,0.033
67,72938,12217152,0.054,0.431,43,6,19,3,employee,retirement,low,none,3,4,2,2,3,0.58,0.364,0.52,moderate,0.625,0.25,0.083,0.042,0.622,0.186,0.133,0.058
63,72963,12221785,0.004,0.23,43,16,8,2,employee,wealth_generation,low,books,2,4,4,1,3,0.58,0.463,0.515,moderate,0.575,0.283,0.094,0.047,0.581,0.263,0.083,0.073
65,72969,12223804,0.253,0.276,41,11,2,1,student,retirement,medium,advisor,3,3,4,3,4,0.67,0.385,0.58,moderate,0.521,0.319,0.106,0.053,0.46,0.326,0.119,0.095
63,72990,12226185,0.094,0.127,44,7,22,6,self-employed,education,low,online,3,2,3,2,3,0.52,0.549,0.575,moderate,0.625,0.25,0.083,0.042,0.646,0.278,0.041,0.035
57,73005,12246413,0.139,0.172,33,9,6,4,employee,retirement,low,advisor,3,2,5,4,3,0.66,0.493,0.591,moderate,0.559,0.294,0.098,0.049,0.534,0.293,0.097,0.076
64,73063,12260259,0.304,0.11,48,4,16,1,retired,wealth_generation,medium,advisor,3,4,4,5,4,0.78,0.524,0.649,moderate,0.625,0.25,0.083,0.042,0.634,0.225,0.053,0.088
51,73097,12261416,0.227,0.227,32,3,14,6,employee,wealth_generation,low,online,1,4,2,2,4,0.51,0.481,0.49,moderate,0.619,0.254,0.085,0.042,0.611,0.251,0.09,0.047
66,73129,12272374,0.062,0.292,50,4,5,2,employee,retirement,low,online,1,5,4,3,4,0.67,0.419,0.568,moderate,0.55,0.3,0.1,0.05,0.508,0.299,0.122,0.071
52,73192,12334020,0.155,0.179,28,4,6,2,employee,wealth_generation,low,friends,4,3,4,2,4,0.69,0.488,0.639,moderate,0.559,0.294,0.098,0.049,0.582,0.274,0.062,0.081
61,73198,12357010,0.201,0.408,38,10,8,1,employee,income,low,online,4,4,3,3,2,0.67,0.357,0.518,moderate,0.575,0.283,0.094,0.047,0.578,0.297,0.07,0.055
54,73199,12367979,0.194,0.565,31,2,16,4,employee,retirement,low,online,3,4,4,5,3,0.75,0.274,0.58,moderate,0.625,0.25,0.083,0.042,0.626,0.275,0.04,0.06
63,73209,12392196,0.209,0.102,41,11,2,4,employee,wealth_generation,medium,books,3,4,2,4,2,0.61,0.522,0.592,moderate,0.521,0.319,0.106,0.053,0.451,0.339,0.15,0.059
59,73337,12431663,0.145,0.023,35,7,10,1,employee,retirement,low,advisor,3,2,3,4,5,0.64,0.595,0.637,moderate,0.591,0.273,0.091,0.045,0.567,0.255,0.129,0.048
50,73354,12438255,0.083,0.376,32,5,14,0,employee,retirement,low,books,3,3,1,3,3,0.52,0.388,0.504,moderate,0.619,0.254,0.085,0.042,0.616,0.243,0.084,0.057
62,73360,12440321,0.146,0.139,40,4,5,3,self-employed,wealth_generation,low,books,3,5,4,3,2,0.71,0.492,0.632,moderate,0.55,0.3,0.1,0.05,0.54,0.314,0.103,0.044
56,73366,12453345,0.183,0.206,35,7,4,4,self-employed,income,high,friends,2,3,3,1,3,0.49,0.452,0.459,moderate,0.541,0.306,0.102,0.051,0.583,0.332,0.085,0.0
65,73473,12501181,0.175,0.221,45,4,9,5,retired,retirement,low,books,4,2,3,2,1,0.51,0.441,0.481,moderate,0.583,0.278,0.093,0.046,0.595,0.258,0.128,0.02
60,73536,12530371,0.047,0.461,36,6,8,3,employee,income,low,online,2,2,4,3,2,0.51,0.324,0.438,moderate,0.575,0.283,0.094,0.047,0.564,0.238,0.103,0.095
62,73589,12540206,0.044,0.318,43,10,14,4,self-employed,retirement,low,friends,4,4,3,3,2,0.67,0.411,0.552,moderate,0.619,0.254,0.085,0.042,0.588,0.288,0.052,0.072
54,73649,12558565,0.296,0.046,36,8,25,4,retired,income,medium,books,1,3,2,3,3,0.46,0.592,0.47,moderate,0.625,0.25,0.083,0.042,0.596,0.276,0.08,0.048
56,73681,12585446,0.076,0.019,38,10,1,4,employee,retirement,low,none,1,3,4,1,4,0.51,0.568,0.537,moderate,0.511,0.326,0.109,0.054,0.507,0.315,0.112,0.067
57,73750,12587630,0.112,0.143,40,9,21,2,self-employed,retirement,medium,none,5,3,4,2,4,0.74,0.537,0.666,aggressive,0.792,0.125,0.042,0.042,0.769,0.12,0.063,0.048
65,73764,12594818,0.21,0.193,49,11,10,1,unemployed,income,low,online,4,3,3,3,3,0.65,0.444,0.566,moderate,0.591,0.273,0.091,0.045,0.61,0.225,0.099,0.067
70,73782,12606778,0.135,0.253,50,3,14,4,retired,retirement,low,online,2,3,3,2,3,0.52,0.435,0.488,moderate,0.619,0.254,0.085,0.042,0.624,0.248,0.128,0.0
55,73796,12626157,0.084,0.403,32,21,19,5,employee,retirement,low,books,3,2,3,4,2,0.55,0.382,0.456,moderate,0.625,0.25,0.083,0.042,0.6,0.229,0.1,0.071
66,73847,12628195,0.147,0.191,45,6,13,2,student,home_purchase,low,none,3,4,2,1,2,0.52,0.461,0.424,moderate,0.612,0.259,0.086,0.043,0.641,0.239,0.093,0.027
46,73859,12662067,0.167,0.214,29,10,4,3,employee,income,medium,online,4,3,2,4,2,0.61,0.463,0.543,moderate,0.541,0.306,0.102,0.051,0.548,0.301,0.096,0.054
52,73912,12670512,0.144,0.197,29,9,5,3,employee,education,medium,online,3,4,4,3,2,0.66,0.476,0.546,moderate,0.55,0.3,0.1,0.05,0.565,0.303,0.089,0.043
54,74040,12725395,0.263,0.012,34,7,17,2,self-employed,income,low,online,4,3,3,4,2,0.65,0.606,0.643,moderate,0.625,0.25,0.083,0.042,0.661,0.224,0.114,0.0
51,74200,12760488,0.11,0.508,32,21,6,2,employee,retirement,high,online,3,3,4,5,5,0.76,0.293,0.541,moderate,0.559,0.294,0.098,0.049,0.551,0.269,0.18,0.0
50,74235,12775822,0.186,0.113,34,3,13,2,employee,wealth_generation,low,books,4,2,3,4,2,0.6,0.55,0.579,moderate,0.612,0.259,0.086,0.043,0.584,0.231,0.108,0.078
62,74261,12788316,0.063,0.181,46,6,10,3,employee,education,low,online,3,2,2,3,4,0.54,0.5,0.515,moderate,0.591,0.273,0.091,0.045,0.585,0.192,0.148,0.075
58,74280,12830123,0.132,0.107,39,2,8,3,retired,income,medium,books,4,3,3,2,4,0.65,0.503,0.569,moderate,0.575,0.283,0.094,0.047,0.603,0.267,0.1,0.03
62,74341,12843734,0.204,0.256,38,3,17,3,retired,home_purchase,medium,online,2,2,3,2,3,0.47,0.442,0.489,moderate,0.625,0.25,0.083,0.042,0.627,0.266,0.063,0.044
64,74433,12850534,0.096,0.478,43,9,16,1,employee,retirement,medium,online,2,2,3,4,3,0.53,0.329,0.416,moderate,0.625,0.25,0.083,0.042,0.614,0.286,0.1,0.0
61,74438,12850602,0.171,0.09,45,0,14,4,employee,retirement,medium,advisor,3,4,4,3,4,0.72,0.567,0.588,moderate,0.619,0.254,0.085,0.042,0.551,0.231,0.11,0.108
63,74484,12859980,0.077,0.238,40,13,9,0,self-employed,wealth_generation,high,books,3,3,4,4,2,0.64,0.447,0.526,moderate,0.583,0.278,0.093,0.046,0.609,0.288,0.06,0.044
59,74622,12884597,0.06,0.028,35,8,6,2,employee,home_purchase,low,online,3,4,1,3,3,0.57,0.58,0.62,moderate,0.559,0.294,0.098,0.049,0.548,0.321,0.053,0.078
52,74639,12934845,0.158,0.367,35,6,12,3,employee,retirement,low,advisor,5,3,3,4,3,0.73,0.391,0.586,moderate,0.605,0.263,0.088,0.044,0.644,0.252,0.066,0.037
66,74669,12946335,0.189,0.311,45,4,18,4,unemployed,retirement,medium,advisor,3,3,4,2,4,0.64,0.398,0.576,moderate,0.625,0.25,0.083,0.042,0.668,0.265,0.031,0.035
56,74692,12950903,0.064,0.335,34,2,13,5,employee,retirement,low,advisor,2,5,1,2,1,0.48,0.413,0.453,moderate,0.612,0.259,0.086,0.043,0.585,0.257,0.121,0.037
54,74800,12956455,0.263,0.249,38,14,26,0,employee,wealth_generation,low,books,5,2,4,4,2,0.69,0.499,0.65,moderate,0.625,0.25,0.083,0.042,0.632,0.21,0.106,0.052
58,74812,12972037,0.096,0.453,38,9,1,3,employee,retirement,low,books,4,2,2,1,4,0.53,0.317,0.42,moderate,0.511,0.326,0.109,0.054,0.49,0.319,0.129,0.061
54,74818,12976148,0.066,0.227,34,5,34,2,employee,retirement,low,books,1,3,3,5,3,0.56,0.535,0.559,moderate,0.625,0.25,0.083,0.042,0.614,0.283,0.082,0.021
57,74871,12979827,0.09,0.264,39,1,15,4,employee,wealth_generation,medium,online,4,4,3,4,3,0.73,0.462,0.647,moderate,0.625,0.25,0.083,0.042,0.665,0.233,0.047,0.054
62,74892,12987020,0.081,0.333,45,4,18,2,employee,wealth_generation,low,advisor,4,2,4,4,2,0.64,0.425,0.516,moderate,0.625,0.25,0.083,0.042,0.631,0.222,0.106,0.041
62,74982,12991350,0.055,0.266,46,3,8,4,employee,education,medium,books,3,1,1,3,5,0.48,0.443,0.434,moderate,0.575,0.283,0.094,0.047,0.58,0.293,0.078,0.048
54,75097,13020427,0.218,0.138,33,11,11,4,employee,wealth_generation,low,online,5,3,2,4,1,0.63,0.529,0.582,moderate,0.598,0.268,0.089,0.045,0.646,0.257,0.078,0.019
57,75168,13041463,0.152,0.192,35,10,17,5,employee,wealth_generation,high,online,3,2,3,4,1,0.52,0.513,0.531,moderate,0.625,0.25,0.083,0.042,0.669,0.232,0.076,0.022
66,75170,13064170,0.131,0.085,49,7,17,7,employee,retirement,low,advisor,3,3,3,3,4,0.63,0.58,0.586,moderate,0.625,0.25,0.083,0.042,0.611,0.216,0.156,0.017
62,75390,13065388,0.283,0.235,45,13,8,6,self-employed,retirement,medium,none,3,1,2,5,2,0.49,0.447,0.507,moderate,0.575,0.283,0.094,0.047,0.547,0.282,0.103,0.067
72,75394,13115741,0.128,0.299,50,3,8,4,unemployed,wealth_generation,low,advisor,3,2,4,3,4,0.62,0.381,0.553,moderate,0.575,0.283,0.094,0.047,0.577,0.262,0.141,0.021
67,75414,13117943,0.08,0.101,47,6,14,6,student,wealth_generation,low,books,3,3,1,2,2,0.46,0.516,0.481,moderate,0.619,0.254,0.085,0.042,0.596,0.249,0.101,0.054
66,75462,13130723,0.107,0.307,48,9,23,1,unemployed,retirement,medium,friends,2,4,5,1,1,0.56,0.412,0.514,moderate,0.625,0.25,0.083,0.042,0.603,0.254,0.036,0.107
51,75488,13131644,0.099,0.441,33,1,10,1,employee,retirement,medium,online,3,3,3,3,4,0.63,0.342,0.537,moderate,0.591,0.273,0.091,0.045,0.571,0.302,0.062,0.065
64,75576,13132890,0.153,0.2,48,5,9,3,employee,retirement,medium,online,4,4,4,2,4,0.74,0.486,0.664,aggressive,0.769,0.139,0.046,0.046,0.699,0.157,0.098,0.046
59,75632,13145069,0.111,0.153,41,7,21,7,employee,home_purchase,medium,friends,4,3,3,3,2,0.62,0.549,0.607,moderate,0.625,0.25,0.083,0.042,0.607,0.264,0.062,0.066
56,75646,13150954,0.156,0.441,32,5,15,4,retired,home_purchase,low,online,2,5,4,3,2,0.66,0.329,0.51,moderate,0.625,0.25,0.083,0.042,0.6,0.309,0.046,0.046
61,75657,13176032,0.187,0.332,44,6,9,2,employee,wealth_generation,low,friends,4,3,3,5,5,0.77,0.406,0.575,moderate,0.583,0.278,0.093,0.046,0.508,0.288,0.154,0.05
65,75702,13186049,0.213,0.093,49,8,3,4,self-employed,education,medium,books,1,3,3,3,2,0.47,0.514,0.493,moderate,0.531,0.312,0.104,0.052,0.509,0.291,0.133,0.066
63,75747,13195924,0.196,0.226,39,5,16,0,self-employed,retirement,medium,online,3,2,4,4,5,0.68,0.473,0.635,moderate,0.625,0.25,0.083,0.042,0.632,0.278,0.064,0.026
54,75760,13199825,0.091,0.324,34,2,9,3,employee,home_purchase,high,online,2,3,5,2,2,0.57,0.411,0.546,moderate,0.583,0.278,0.093,0.046,0.557,0.25,0.105,0.087
64,75828,13248263,0.065,0.286,41,2,3,2,retired,income,medium,advisor,3,4,2,5,2,0.64,0.391,0.55,moderate,0.531,0.312,0.104,0.052,0.569,0.315,0.116,0.0
56,75858,13270143,0.161,0.302,37,7,13,1,employee,retirement,low,none,4,2,3,4,3,0.63,0.433,0.538,moderate,0.612,0.259,0.086,0.043,0.599,0.259,0.105,0.037
61,75977,13311805,0.089,0.283,38,3,8,2,employee,education,high,friends,1,2,4,3,4,0.52,0.433,0.513,moderate,0.575,0.283,0.094,0.047,0.61,0.29,0.087,0.014
58,76000,13329742,0.053,0.38,38,13,8,4,unemployed,wealth_generation,low,none,2,2,2,2,3,0.43,0.337,0.36,moderate,0.575,0.283,0.094,0.047,0.598,0.274,0.1,0.029
58,76089,13330440,0.158,0.193,37,12,11,3,student,wealth_generation,high,books,2,4,4,2,3,0.61,0.456,0.53,moderate,0.598,0.268,0.089,0.045,0.612,0.269,0.097,0.022
64,76102,13335419,0.119,0.338,43,5,16,0,self-employed,wealth_generation,low,books,2,3,2,5,1,0.51,0.405,0.425,moderate,0.625,0.25,0.083,0.042,0.62,0.268,0.042,0.07
53,76135,13349401,0.207,0.608,32,12,7,3,unemployed,retirement,low,books,2,3,3,3,4,0.58,0.212,0.463,moderate,0.567,0.288,0.096,0.048,0.592,0.272,0.054,0.082
71,76141,13353797,0.116,0.219,50,7,3,4,student,home_purchase,low,friends,3,2,4,4,4,0.65,0.42,0.509,moderate,0.531,0.312,0.104,0.052,0.478,0.337,0.112,0.073
49,76161,13353857,0.313,0.377,25,2,10,6,employee,retirement,low,online,3,4,1,3,2,0.54,0.381,0.489,moderate,0.591,0.273,0.091,0.045,0.582,0.263,0.105,0.049
56,76177,13398226,0.208,0.164,34,8,3,5,unemployed,wealth_generation,low,advisor,4,2,4,4,2,0.64,0.442,0.63,moderate,0.531,0.312,0.104,0.052,0.521,0.291,0.136,0.053
62,76269,13406540,0.041,0.178,44,9,15,0,employee,income,low,friends,3,3,3,4,3,0.63,0.517,0.597,moderate,0.625,0.25,0.083,0.042,0.596,0.267,0.12,0.017
63,76271,13411356,0.155,0.481,46,1,24,2,employee,wealth_generation,low,online,1,4,4,1,3,0.53,0.342,0.426,moderate,0.625,0.25,0.083,0.042,0.624,0.235,0.078,0.063
59,76348,13433135,0.165,0.031,40,4,14,2,retired,home_purchase,medium,online,2,4,4,2,2,0.58,0.567,0.562,moderate,0.619,0.254,0.085,0.042,0.61,0.205,0.086,0.099
59,76391,13473010,0.193,0.151,36,0,7,3,employee,retirement,high,online,3,2,4,3,5,0.65,0.511,0.549,moderate,0.567,0.288,0.096,0.048,0.564,0.29,0.109,0.038
62,76404,13481239,0.153,0.253,38,4,6,4,self-employed,home_purchase,low,online,5,5,3,2,2,0.74,0.432,0.59,moderate,0.559,0.294,0.098,0.049,0.54,0.291,0.084,0.086
58,76423,13500039,0.15,0.224,41,5,7,1,employee,wealth_generation,medium,books,4,4,3,2,2,0.64,0.467,0.549,moderate,0.567,0.288,0.096,0.048,0.585,0.28,0.076,0.059
68,76434,13512479,0.127,0.307,47,8,6,6,employee,wealth_generation,low,none,3,2,2,2,3,0.48,0.415,0.429,moderate,0.559,0.294,0.098,0.049,0.547,0.263,0.1,0.091
65,76450,13588486,0.107,0.14,42,3,8,5,employee,income,medium,friends,3,2,3,3,3,0.55,0.521,0.542,moderate,0.575,0.283,0.094,0.047,0.571,0.272,0.107,0.05
65,76549,13612261,0.28,0.07,47,0,4,3,employee,home_purchase,low,books,2,3,3,3,2,0.52,0.55,0.449,moderate,0.541,0.306,0.102,0.051,0.547,0.274,0.14,0.039
54,76625,13612890,0.117,0.212,30,4,21,4,self-employed,retirement,medium,advisor,3,4,2,3,3,0.61,0.496,0.527,moderate,0.625,0.25,0.083,0.042,0.67,0.257,0.056,0.017
59,76692,13630300,0.044,0.268,40,12,20,3,employee,income,low,friends,3,4,3,3,3,0.65,0.473,0.596,moderate,0.625,0.25,0.083,0.042,0.583,0.243,0.114,0.06
58,76696,13670503,0.081,0.281,38,5,13,4,self-employed,retirement,low,none,4,4,4,4,2,0.74,0.433,0.68,aggressive,0.784,0.129,0.043,0.043,0.749,0.089,0.062,0.1
53,76733,13674036,0.237,0.296,31,6,3,5,employee,retirement,low,online,3,2,4,5,4,0.68,0.414,0.587,moderate,0.531,0.312,0.104,0.052,0.521,0.348,0.083,0.048
62,76816,13675930,0.17,0.277,42,6,18,2,retired,wealth_generation,low,books,5,3,3,2,4,0.7,0.434,0.568,moderate,0.625,0.25,0.083,0.042,0.657,0.199,0.094,0.051
56,76862,13679627,0.213,0.163,37,10,3,4,retired,education,medium,advisor,4,4,3,3,3,0.7,0.459,0.629,moderate,0.531,0.312,0.104,0.052,0.581,0.288,0.099,0.032
63,76868,13681314,0.222,0.364,44,6,4,1,employee,retirement,low,online,2,4,1,1,2,0.43,0.377,0.441,moderate,0.541,0.306,0.102,0.051,0.548,0.275,0.12,0.057
53,76909,13696280,0.226,0.082,33,1,8,3,employee,retirement,low,online,2,4,3,4,4,0.66,0.556,0.596,moderate,0.575,0.283,0.094,0.047,0.536,0.275,0.102,0.087
70,76959,13713489,0.163,0.142,50,3,10,4,employee,home_purchase,low,online,3,3,4,4,1,0.61,0.525,0.55,moderate,0.591,0.273,0.091,0.045,0.592,0.315,0.067,0.027
54,76996,13721212,0.083,0.352,30,3,9,0,retired,income,medium,books,3,4,3,2,1,0.56,0.369,0.532,moderate,0.583,0.278,0.093,0.046,0.639,0.318,0.042,0.0
61,77068,13728684,0.075,0.177,44,7,5,1,retired,wealth_generation,low,books,4,2,3,3,3,0.6,0.457,0.51,moderate,0.55,0.3,0.1,0.05,0.578,0.287,0.079,0.056
64,77068,13738432,0.168,0.257,42,0,4,1,employee,income,low,online,2,3,2,5,3,0.57,0.44,0.571,moderate,0.541,0.306,0.102,0.051,0.544,0.318,0.097,0.041
56,77111,13762956,0.127,0.196,37,4,19,3,unemployed,home_purchase,medium,books,5,2,3,3,2,0.62,0.469,0.576,moderate,0.625,0.25,0.083,0.042,0.586,0.226,0.12,0.067
65,77153,13764924,0.164,0.261,42,8,9,4,employee,retirement,medium,none,3,3,2,5,3,0.62,0.45,0.59,moderate,0.583,0.278,0.093,0.046,0.598,0.306,0.096,0.0
52,77245,13771693,0.153,0.203,30,5,6,8,employee,retirement,low,advisor,4,4,4,2,4,0.74,0.477,0.665,aggressive,0.755,0.147,0.049,0.049,0.794,0.178,0.0,0.027
68,77340,13777945,0.173,0.631,45,9,11,2,employee,home_purchase,low,books,3,5,4,2,4,0.74,0.227,0.566,moderate,0.598,0.268,0.089,0.045,0.585,0.279,0.084,0.051
60,77345,13792693,0.027,0.207,41,5,2,1,employee,wealth_generation,low,books,4,2,4,5,3,0.7,0.464,0.571,moderate,0.521,0.319,0.106,0.053,0.507,0.312,0.125,0.055
56,77387,13806670,0.027,0.306,39,18,13,3,self-employed,home_purchase,medium,books,2,4,4,3,3,0.64,0.419,0.573,moderate,0.612,0.259,0.086,0.043,0.618,0.235,0.104,0.042
58,77454,13828931,0.199,0.437,36,17,7,1,employee,education,low,advisor,4,2,3,4,5,0.69,0.339,0.588,moderate,0.567,0.288,0.096,0.048,0.608,0.288,0.101,0.003
64,77461,13839396,0.088,0.31,40,11,13,0,employee,wealth_generation,low,online,2,1,2,4,2,0.41,0.43,0.411,moderate,0.612,0.259,0.086,0.043,0.6,0.365,0.023,0.012
56,77495,13879015,0.184,0.283,35,16,13,3,unemployed,income,medium,friends,4,2,2,3,4,0.59,0.404,0.456,moderate,0.612,0.259,0.086,0.043,0.659,0.255,0.082,0.004
55,77509,13908525,0.162,0.284,33,3,18,5,employee,education,medium,none,1,3,3,2,3,0.47,0.458,0.426,moderate,0.625,0.25,0.083,0.042,0.619,0.242,0.093,0.047
58,77580,13909318,0.318,0.258,37,10,6,5,employee,retirement,low,online,3,2,3,2,2,0.49,0.445,0.425,moderate,0.559,0.294,0.098,0.049,0.539,0.271,0.138,0.053
52,77711,13917374,0.23,0.385,35,4,11,1,retired,education,low,online,4,3,4,3,2,0.66,0.354,0.526,moderate,0.598,0.268,0.089,0.045,0.623,0.28,0.095,0.001
70,77945,13921828,0.136,0.054,46,10,25,1,retired,wealth_generation,low,online,3,4,2,4,5,0.7,0.59,0.614,moderate,0.625,0.25,0.083,0.042,0.557,0.286,0.075,0.082
56,77992,13955501,0.176,0.434,36,5,16,3,student,retirement,low,advisor,4,3,5,4,3,0.76,0.33,0.569,moderate,0.625,0.25,0.083,0.042,0.641,0.264,0.095,0.0
64,78013,13970285,0.065,0.29,46,4,26,3,employee,wealth_generation,low,online,5,5,2,2,4,0.76,0.474,0.706,aggressive,0.792,0.125,0.042,0.042,0.756,0.121,0.095,0.028
61,78030,13971204,0.131,0.409,42,16,22,4,self-employed,wealth_generation,low,books,4,2,4,3,4,0.67,0.374,0.577,moderate,0.625,0.25,0.083,0.042,0.657,0.228,0.115,0.0
54,78038,13971856,0.202,0.014,35,3,13,3,student,wealth_generation,low,advisor,2,1,1,2,2,0.31,0.566,0.431,moderate,0.612,0.259,0.086,0.043,0.616,0.246,0.077,0.061
59,78044,14001965,0.177,0.423,35,10,7,0,employee,wealth_generation,high,books,3,2,3,3,3,0.55,0.348,0.503,moderate,0.567,0.288,0.096,0.048,0.629,0.25,0.121,0.0
64,78065,14022646,0.15,0.102,44,9,16,2,self-employed,wealth_generation,low,friends,4,3,4,4,3,0.72,0.551,0.614,moderate,0.625,0.25,0.083,0.042,0.67,0.193,0.083,0.053
58,78085,14050616,0.083,0.344,41,4,15,6,employee,wealth_generation,low,books,1,3,2,4,4,0.52,0.414,0.449,moderate,0.625,0.25,0.083,0.042,0.612,0.243,0.08,0.065
67,78090,14096670,0.22,0.229,46,6,13,3,employee,wealth_generation,medium,online,3,3,4,2,3,0.61,0.481,0.561,moderate,0.612,0.259,0.086,0.043,0.583,0.259,0.133,0.024
66,78108,14109503,0.107,0.327,44,2,15,5,employee,education,low,books,1,4,5,3,2,0.6,0.424,0.51,moderate,0.625,0.25,0.083,0.042,0.693,0.215,0.048,0.043
65,78236,14113391,0.225,0.306,42,14,13,3,self-employed,home_purchase,low,online,3,2,3,3,2,0.52,0.419,0.468,moderate,0.612,0.259,0.086,0.043,0.56,0.262,0.094,0.085
57,78293,14125474,0.175,0.126,37,17,12,4,employee,wealth_generation,low,online,3,3,3,4,3,0.63,0.543,0.614,moderate,0.605,0.263,0.088,0.044,0.629,0.28,0.054,0.037
53,78340,14135437,0.128,0.264,30,10,10,1,employee,retirement,low,books,3,3,3,3,4,0.63,0.452,0.587,moderate,0.591,0.273,0.091,0.045,0.549,0.32,0.058,0.072
56,78399,14138949,0.032,0.176,33,12,2,4,employee,wealth_generation,low,online,1,3,3,4,4,0.56,0.483,0.545,moderate,0.521,0.319,0.106,0.053,0.541,0.334,0.085,0.04
61,78407,14139361,0.097,0.281,42,1,20,5,self-employed,retirement,medium,online,3,4,4,3,2,0.66,0.451,0.611,moderate,0.625,0.25,0.083,0.042,0.59,0.262,0.122,0.026
63,78410,14158950,0.249,0.351,41,5,20,1,employee,wealth_generation,low,online,4,3,3,2,1,0.56,0.42,0.424,moderate,0.625,0.25,0.083,0.042,0.59,0.264,0.074,0.072
46,78497,14199491,0.224,0.078,22,4,13,2,employee,income,low,online,5,3,2,2,3,0.63,0.576,0.669,aggressive,0.784,0.129,0.043,0.043,0.77,0.107,0.068,0.056
59,78519,14217426,0.168,0.265,40,7,7,3,employee,home_purchase,low,books,4,4,4,2,3,0.71,0.444,0.628,moderate,0.567,0.288,0.096,0.048,0.581,0.313,0.069,0.037
60,78805,14223171,0.146,0.302,36,3,2,4,retired,wealth_generation,medium,online,3,3,4,5,3,0.7,0.382,0.562,moderate,0.521,0.319,0.106,0.053,0.553,0.316,0.122,0.01
58,78895,14238829,0.183,0.184,39,7,1,4,employee,education,low,online,2,2,3,2,3,0.47,0.476,0.428,moderate,0.511,0.326,0.109,0.054,0.514,0.337,0.091,0.058
67,78924,14256948,0.146,0.505,50,9,3,4,employee,education,low,online,3,5,3,3,2,0.67,0.292,0.514,moderate,0.531,0.312,0.104,0.052,0.623,0.326,0.022,0.029
62,78953,14258051,0.182,0.266,43,2,9,4,employee,wealth_generation,low,online,2,4,4,3,1,0.58,0.448,0.503,moderate,0.583,0.278,0.093,0.046,0.543,0.313,0.132,0.012
67,79029,14285599,0.114,0.135,50,2,6,3,employee,home_purchase,low,friends,4,4,3,4,3,0.73,0.52,0.682,aggressive,0.755,0.147,0.049,0.049,0.791,0.149,0.032,0.029
58,79040,14297180,0.231,0.095,37,1,7,4,self-employed,retirement,low,friends,3,1,4,1,5,0.54,0.529,0.556,moderate,0.567,0.288,0.096,0.048,0.591,0.329,0.079,0.001
65,79044,14346364,0.194,0.274,42,10,15,0,retired,wealth_generation,low,advisor,5,1,5,3,3,0.68,0.429,0.56,moderate,0.625,0.25,0.083,0.042,0.612,0.255,0.077,0.057
69,79075,14442707,0.119,0.214,48,4,24,1,employee,retirement,low,online,2,3,2,2,4,0.51,0.52,0.472,moderate,0.625,0.25,0.083,0.042,0.646,0.235,0.119,0.0
67,79091,14521178,0.228,0.14,43,3,6,3,employee,retirement,low,advisor,4,4,2,2,1,0.57,0.517,0.541,moderate,0.559,0.294,0.098,0.049,0.556,0.325,0.104,0.016
53,79144,14557328,0.151,0.036,32,11,11,4,employee,income,low,advisor,4,5,4,3,3,0.79,0.596,0.742,aggressive,0.777,0.134,0.045,0.045,0.801,0.116,0.04,0.044
58,79258,14597850,0.083,0.283,36,2,29,5,retired,wealth_generation,medium,friends,3,4,5,2,2,0.67,0.458,0.602,moderate,0.625,0.25,0.083,0.042,0.636,0.223,0.066,0.075
57,79276,14600800,0.05,0.295,37,6,22,4,retired,education,medium,online,3,3,4,3,2,0.61,0.434,0.497,moderate,0.625,0.25,0.083,0.042,0.615,0.27,0.116,0.0
62,79308,14621013,0.194,0.114,39,10,9,3,retired,home_purchase,low,online,2,2,3,4,3,0.53,0.506,0.505,moderate,0.583,0.278,0.093,0.046,0.503,0.308,0.099,0.09
64,79473,14632820,0.24,0.296,47,7,8,2,employee,income,low,online,4,2,2,3,4,0.59,0.428,0.555,moderate,0.575,0.283,0.094,0.047,0.571,0.283,0.105,0.04
54,79502,14651154,0.221,0.503,37,7,7,3,employee,retirement,low,none,4,2,5,1,3,0.62,0.3,0.488,moderate,0.567,0.288,0.096,0.048,0.606,0.272,0.085,0.037
60,79620,14691781,0.184,0.556,37,2,5,0,employee,education,high,advisor,3,3,4,3,2,0.61,0.266,0.471,moderate,0.55,0.3,0.1,0.05,0.502,0.288,0.115,0.096
47,79683,14725312,0.073,0.437,26,3,11,4,unemployed,wealth_generation,medium,books,3,3,4,4,2,0.64,0.314,0.566,moderate,0.598,0.268,0.089,0.045,0.648,0.301,0.051,0.0
68,79788,14733286,0.057,0.385,50,8,9,1,employee,wealth_generation,low,none,5,3,2,3,1,0.6,0.376,0.478,moderate,0.583,0.278,0.093,0.046,0.61,0.276,0.1,0.014
56,79897,14734385,0.122,0.147,35,0,16,1,employee,retirement,medium,none,3,4,3,3,3,0.65,0.542,0.64,moderate,0.625,0.25,0.083,0.042,0.615,0.231,0.096,0.059
60,79897,14773328,0.236,0.122,37,13,7,4,student,education,low,advisor,4,2,4,3,2,0.61,0.487,0.548,moderate,0.567,0.288,0.096,0.048,0.564,0.249,0.09,0.097
58,79906,14782777,0.293,0.239,37,5,16,0,employee,retirement,low,online,3,3,2,2,3,0.53,0.484,0.5,moderate,0.625,0.25,0.083,0.042,0.628,0.237,0.11,0.026
66,79921,14805156,0.1,0.303,42,6,8,4,employee,retirement,low,books,2,4,3,3,4,0.63,0.424,0.553,moderate,0.575,0.283,0.094,0.047,0.562,0.269,0.127,0.042
42,79927,14812560,0.209,0.411,21,4,13,4,student,education,low,books,4,2,2,4,3,0.59,0.339,0.499,moderate,0.612,0.259,0.086,0.043,0.611,0.282,0.07,0.037
59,79982,14821909,0.168,0.157,41,13,14,5,employee,retirement,low,books,2,4,3,5,3,0.66,0.53,0.626,moderate,0.619,0.254,0.085,0.042,0.62,0.233,0.116,0.03
59,80017,14843220,0.026,0.252,35,8,15,1,employee,wealth_generation,medium,online,3,5,3,2,2,0.64,0.473,0.569,moderate,0.625,0.25,0.083,0.042,0.587,0.298,0.076,0.039
57,80020,14845016,0.161,0.314,37,6,5,0,employee,retirement,high,online,3,3,4,1,3,0.58,0.411,0.533,moderate,0.55,0.3,0.1,0.05,0.573,0.286,0.059,0.082
70,80096,14891402,0.221,0.239,49,8,7,5,employee,home_purchase,medium,online,4,3,4,1,3,0.63,0.46,0.566,moderate,0.567,0.288,0.096,0.048,0.621,0.254,0.081,0.045
54,80263,14898940,0.108,0.243,35,5,7,2,employee,income,medium,online,3,4,2,3,3,0.61,0.459,0.533,moderate,0.567,0.288,0.096,0.048,0.542,0.302,0.083,0.073
64,80339,14909248,0.253,0.154,46,6,13,6,retired,home_purchase,medium,books,3,3,3,2,3,0.57,0.495,0.503,moderate,0.612,0.259,0.086,0.043,0.634,0.227,0.064,0.074
62,80372,14933188,0.098,0.585,42,5,3,2,employee,wealth_generation,low,friends,2,2,3,1,3,0.44,0.246,0.381,moderate,0.531,0.312,0.104,0.052,0.524,0.324,0.122,0.031
67,80467,14934910,0.05,0.25,49,5,12,4,self-employed,retirement,low,books,3,3,5,3,3,0.68,0.452,0.598,moderate,0.605,0.263,0.088,0.044,0.606,0.261,0.067,0.067
55,80484,14939437,0.078,0.271,38,4,3,1,student,wealth_generation,low,books,4,2,4,2,4,0.64,0.395,0.522,moderate,0.531,0.312,0.104,0.052,0.553,0.331,0.09,0.027
55,80522,14956051,0.23,0.152,34,1,8,3,employee,income,low,online,3,4,2,2,2,0.55,0.517,0.494,moderate,0.575,0.283,0.094,0.047,0.618,0.27,0.073,0.039
66,80567,14979951,0.137,0.264,43,1,15,5,employee,wealth_generation,medium,friends,1,3,2,4,2,0.46,0.466,0.445,moderate,0.625,0.25,0.083,0.042,0.603,0.256,0.069,0.073
62,80790,15023835,0.218,0.167,44,3,10,4,retired,retirement,low,friends,5,2,2,2,3,0.58,0.48,0.481,moderate,0.591,0.273,0.091,0.045,0.622,0.272,0.066,0.039
50,80834,15049540,0.159,0.144,29,4,7,4,retired,retirement,medium,advisor,3,3,3,4,2,0.6,0.484,0.583,moderate,0.567,0.288,0.096,0.048,0.538,0.325,0.083,0.053
56,80861,15073117,0.149,0.176,32,13,13,2,retired,wealth_generation,low,online,3,4,2,5,5,0.73,0.483,0.628,moderate,0.612,0.259,0.086,0.043,0.626,0.299,0.075,0.0
62,80868,15116965,0.221,0.004,46,8,16,6,employee,wealth_generation,low,friends,3,2,2,3,4,0.54,0.634,0.586,moderate,0.625,0.25,0.083,0.042,0.609,0.275,0.092,0.024
65,81141,15119168,0.138,0.284,47,16,7,4,employee,retirement,medium,books,1,2,3,2,3,0.42,0.434,0.413,moderate,0.567,0.288,0.096,0.048,0.598,0.282,0.096,0.024
55,81165,15122099,0.22,0.218,38,5,8,1,retired,wealth_generation,medium,advisor,3,3,2,3,4,0.59,0.445,0.585,moderate,0.575,0.283,0.094,0.047,0.556,0.282,0.092,0.07
42,81297,15124713,0.059,0.445,19,5,14,0,employee,income,low,online,2,3,3,4,3,0.58,0.349,0.509,moderate,0.619,0.254,0.085,0.042,0.614,0.279,0.083,0.024
63,81352,15161937,0.18,0.046,39,10,25,0,self-employed,retirement,low,friends,3,3,3,4,3,0.63,0.618,0.614,moderate,0.625,0.25,0.083,0.042,0.633,0.268,0.051,0.048
52,81367,15195646,0.195,0.048,31,8,6,1,employee,home_purchase,low,advisor,4,4,2,3,3,0.66,0.574,0.615,moderate,0.559,0.294,0.098,0.049,0.568,0.308,0.12,0.004
47,81415,15215228,0.254,0.435,29,7,14,6,self-employed,wealth_generation,low,online,3,3,3,3,3,0.6,0.345,0.479,moderate,0.619,0.254,0.085,0.042,0.602,0.307,0.025,0.066
43,81501,15236475,0.096,0.106,20,7,21,2,retired,wealth_generation,medium,books,4,3,3,3,3,0.65,0.549,0.605,moderate,0.625,0.25,0.083,0.042,0.593,0.23,0.085,0.092
64,81582,15242989,0.174,0.003,42,8,11,2,employee,income,low,none,3,1,2,4,3,0.49,0.618,0.553,moderate,0.598,0.268,0.089,0.045,0.591,0.263,0.127,0.019
60,81741,15264373,0.14,0.133,43,10,8,3,employee,wealth_generation,low,friends,2,3,2,2,4,0.51,0.529,0.528,moderate,0.575,0.283,0.094,0.047,0.626,0.293,0.028,0.053
58,81775,15278822,0.13,0.394,36,9,14,3,self-employed,retirement,high,none,3,4,5,3,2,0.7,0.37,0.56,moderate,0.619,0.254,0.085,0.042,0.593,0.249,0.101,0.057
68,81874,15327257,0.061,0.383,50,16,2,2,employee,home_purchase,medium,none,3,2,3,3,5,0.61,0.364,0.555,moderate,0.521,0.319,0.106,0.053,0.505,0.343,0.092,0.06
63,81876,15352044,0.071,0.201,40,15,9,1,employee,retirement,medium,friends,3,3,4,4,4,0.7,0.49,0.556,moderate,0.583,0.278,0.093,0.046,0.625,0.242,0.078,0.055
69,81937,15400420,0.23,0.322,49,6,7,1,retired,income,medium,books,2,4,5,4,4,0.74,0.384,0.58,moderate,0.567,0.288,0.096,0.048,0.536,0.27,0.153,0.041
51,82130,15467401,0.206,0.262,27,1,6,4,retired,retirement,medium,online,3,5,3,3,3,0.7,0.416,0.607,moderate,0.559,0.294,0.098,0.049,0.625,0.293,0.062,0.02
59,82170,15467550,0.13,0.45,41,0,5,3,employee,retirement,low,books,2,3,2,2,2,0.45,0.33,0.444,moderate,0.55,0.3,0.1,0.05,0.579,0.29,0.103,0.029
50,82208,15477671,0.228,0.059,28,2,16,6,self-employed,income,low,books,5,5,5,3,3,0.88,0.581,0.766,aggressive,0.792,0.125,0.042,0.042,0.707,0.145,0.095,0.053
58,82394,15519342,0.051,0.389,35,1,24,3,unemployed,home_purchase,low,books,4,2,2,1,4,0.53,0.37,0.511,moderate,0.625,0.25,0.083,0.042,0.653,0.212,0.135,0.0
58,82419,15536144,0.178,0.129,42,5,9,3,employee,retirement,low,friends,2,4,3,3,3,0.6,0.535,0.625,moderate,0.583,0.278,0.093,0.046,0.553,0.293,0.136,0.018
63,82489,15556575,0.241,0.22,42,1,2,6,employee,education,low,online,3,3,4,3,3,0.64,0.461,0.558,moderate,0.521,0.319,0.106,0.053,0.517,0.31,0.083,0.089
60,82547,15565036,0.231,0.139,43,8,16,3,self-employed,retirement,low,online,3,2,4,2,4,0.59,0.532,0.541,moderate,0.625,0.25,0.083,0.042,0.666,0.222,0.08,0.031
63,82549,15581254,0.128,0.336,40,3,12,3,employee,retirement,low,advisor,4,2,3,4,3,0.63,0.415,0.518,moderate,0.605,0.263,0.088,0.044,0.577,0.299,0.091,0.033
64,82581,15590580,0.205,0.326,43,7,16,3,employee,retirement,low,books,3,3,3,3,3,0.6,0.43,0.489,moderate,0.625,0.25,0.083,0.042,0.628,0.265,0.032,0.076
72,82641,15615951,0.139,0.276,50,2,14,4,employee,retirement,low,advisor,3,2,3,1,3,0.49,0.457,0.44,moderate,0.619,0.254,0.085,0.042,0.632,0.254,0.073,0.041
58,82660,15632392,0.231,0.334,39,12,21,3,self-employed,wealth_generation,medium,online,3,2,2,3,3,0.51,0.423,0.447,moderate,0.625,0.25,0.083,0.042,0.651,0.22,0.108,0.021
54,82666,15649665,0.159,0.311,32,11,5,4,employee,wealth_generation,high,advisor,3,1,3,4,3,0.53,0.414,0.449,moderate,0.55,0.3,0.1,0.05,0.528,0.279,0.132,0.061
61,82725,15660124,0.21,0.369,37,5,5,3,employee,wealth_generation,low,online,2,3,3,4,3,0.58,0.379,0.53,moderate,0.55,0.3,0.1,0.05,0.549,0.304,0.144,0.003
55,82777,15666603,0.05,0.161,38,14,9,3,employee,wealth_generation,low,online,1,1,2,3,3,0.36,0.516,0.409,moderate,0.583,0.278,0.093,0.046,0.66,0.267,0.063,0.009
68,82780,15674841,0.171,0.234,44,3,11,5,employee,wealth_generation,low,books,3,2,5,3,3,0.63,0.476,0.527,moderate,0.598,0.268,0.089,0.045,0.587,0.281,0.131,0.0
58,82880,15678338,0.163,0.12,37,11,22,3,employee,retirement,low,none,2,3,3,3,1,0.49,0.58,0.514,moderate,0.625,0.25,0.083,0.042,0.685,0.238,0.049,0.027
56,82906,15678623,0.175,0.234,39,7,21,2,retired,retirement,low,online,3,4,4,4,3,0.72,0.471,0.628,moderate,0.625,0.25,0.083,0.042,0.672,0.247,0.05,0.031
57,82956,15689884,0.193,0.336,34,4,20,4,self-employed,education,high,friends,5,3,1,3,4,0.65,0.42,0.55,moderate,0.625,0.25,0.083,0.042,0.637,0.26,0.067,0.036
64,82992,15721667,0.263,0.331,45,1,6,6,employee,retirement,low,online,2,3,4,2,3,0.56,0.404,0.491,moderate,0.559,0.294,0.098,0.049,0.543,0.305,0.126,0.026
59,83098,15750723,0.215,0.339,36,3,16,4,employee,retirement,low,online,4,2,3,2,3,0.57,0.422,0.456,moderate,0.625,0.25,0.083,0.042,0.555,0.243,0.145,0.057
56,83521,15843817,0.094,0.189,34,12,9,2,employee,wealth_generation,medium,friends,3,4,3,2,4,0.65,0.499,0.617,moderate,0.583,0.278,0.093,0.046,0.595,0.254,0.128,0.022
69,83568,15863025,0.227,0.319,47,8,22,7,employee,wealth_generation,low,online,4,1,4,3,3,0.59,0.449,0.523,moderate,0.625,0.25,0.083,0.042,0.651,0.251,0.085,0.014
54,83573,15961238,0.067,0.211,32,3,6,2,student,retirement,low,advisor,4,3,4,4,3,0.72,0.438,0.568,moderate,0.559,0.294,0.098,0.049,0.573,0.3,0.087,0.041
60,83574,15992495,0.177,0.493,43,6,5,7,self-employed,education,medium,online,3,4,3,4,2,0.65,0.295,0.505,moderate,0.55,0.3,0.1,0.05,0.575,0.323,0.082,0.02
63,83711,16082001,0.247,0.202,40,2,19,2,self-employed,home_purchase,low,books,2,2,5,1,4,0.55,0.502,0.516,moderate,0.625,0.25,0.083,0.042,0.581,0.253,0.122,0.044
50,83782,16096485,0.059,0.297,33,2,15,10,employee,income,medium,online,3,2,2,3,3,0.51,0.447,0.489,moderate,0.625,0.25,0.083,0.042,0.606,0.256,0.087,0.052
62,83788,16100844,0.234,0.357,44,14,18,1,employee,wealth_generation,low,books,3,1,3,2,4,0.5,0.415,0.543,moderate,0.625,0.25,0.083,0.042,0.658,0.245,0.059,0.039
53,83992,16120340,0.219,0.452,31,6,5,4,self-employed,retirement,low,online,3,2,4,3,3,0.59,0.319,0.459,moderate,0.55,0.3,0.1,0.05,0.586,0.304,0.104,0.006
64,83998,16135867,0.154,0.237,42,5,20,4,retired,wealth_generation,low,online,3,4,3,4,3,0.68,0.468,0.617,moderate,0.625,0.25,0.083,0.042,0.619,0.266,0.07,0.045
54,84098,16136746,0.115,0.209,32,15,15,4,employee,retirement,medium,advisor,2,5,3,4,4,0.71,0.503,0.617,moderate,0.625,0.25,0.083,0.042,0.63,0.255,0.062,0.053
64,84169,16137176,0.135,0.234,45,5,14,5,student,income,medium,online,5,3,4,2,3,0.71,0.446,0.593,moderate,0.619,0.254,0.085,0.042,0.619,0.281,0.1,0.0
66,84261,16153947,0.3,0.195,46,5,13,3,self-employed,retirement,low,books,2,4,4,3,2,0.61,0.491,0.6,moderate,0.612,0.259,0.086,0.043,0.626,0.265,0.074,0.034
65,84356,16162499,0.09,0.316,43,4,17,1,retired,income,low,books,2,2,3,1,3,0.44,0.412,0.434,moderate,0.625,0.25,0.083,0.042,0.673,0.24,0.067,0.02
61,84379,16172044,0.169,0.478,38,7,10,2,employee,income,medium,advisor,2,4,2,5,4,0.65,0.323,0.568,moderate,0.591,0.273,0.091,0.045,0.607,0.288,0.056,0.049
58,84527,16189976,0.052,0.106,40,7,4,4,unemployed,education,low,none,3,3,3,2,4,0.6,0.482,0.551,moderate,0.541,0.306,0.102,0.051,0.541,0.336,0.088,0.035
56,84532,16200718,0.094,0.281,35,0,12,4,retired,retirement,low,books,3,2,4,2,4,0.59,0.421,0.563,moderate,0.605,0.263,0.088,0.044,0.605,0.241,0.105,0.05
68,84589,16231586,0.209,0.444,44,9,16,2,retired,wealth_generation,low,advisor,3,2,4,4,3,0.62,0.333,0.495,moderate,0.625,0.25,0.083,0.042,0.592,0.25,0.093,0.065
55,84596,16318203,0.113,0.09,35,11,5,2,unemployed,wealth_generation,low,friends,4,2,3,2,3,0.57,0.494,0.519,moderate,0.55,0.3,0.1,0.05,0.569,0.293,0.079,0.059
53,84670,16336276,0.326,0.257,34,8,6,3,self-employed,home_purchase,medium,advisor,4,3,5,2,3,0.7,0.435,0.607,moderate,0.559,0.294,0.098,0.049,0.56,0.273,0.111,0.055
63,84673,16383045,0.153,0.42,39,13,15,4,employee,retirement,low,advisor,1,2,3,5,3,0.51,0.369,0.457,moderate,0.625,0.25,0.083,0.042,0.623,0.238,0.139,0.0
55,84726,16446694,0.156,0.447,36,4,7,5,retired,wealth_generation,low,books,4,2,3,2,2,0.54,0.315,0.41,moderate,0.567,0.288,0.096,0.048,0.548,0.297,0.132,0.023
54,84731,16447991,0.029,0.264,36,3,5,1,employee,wealth_generation,medium,books,2,2,5,3,2,0.55,0.443,0.513,moderate,0.55,0.3,0.1,0.05,0.587,0.256,0.096,0.061
51,84817,16506305,0.288,0.03,29,9,20,6,self-employed,retirement,low,online,2,4,2,4,4,0.62,0.614,0.595,moderate,0.625,0.25,0.083,0.042,0.659,0.271,0.027,0.042
57,84829,16507476,0.082,0.093,37,3,5,6,employee,wealth_generation,low,books,3,2,2,3,3,0.51,0.546,0.549,moderate,0.55,0.3,0.1,0.05,0.536,0.301,0.092,0.072
59,84838,16560010,0.161,0.291,43,1,9,0,employee,retirement,low,online,4,3,3,4,4,0.71,0.437,0.581,moderate,0.583,0.278,0.093,0.046,0.605,0.296,0.098,0.0
61,84841,16566097,0.133,0.104,38,1,10,3,employee,wealth_generation,medium,advisor,2,3,4,3,2,0.56,0.555,0.547,moderate,0.591,0.273,0.091,0.045,0.576,0.264,0.103,0.058
65,85114,16586795,0.137,0.118,49,10,11,4,student,retirement,low,books,3,2,3,2,2,0.49,0.505,0.465,moderate,0.598,0.268,0.089,0.045,0.584,0.252,0.098,0.065
63,85236,16611875,0.182,0.367,39,0,9,3,employee,retirement,low,advisor,5,3,4,3,2,0.71,0.39,0.612,moderate,0.583,0.278,0.093,0.046,0.532,0.271,0.14,0.057
58,85422,16706147,0.186,0.357,42,4,21,4,employee,wealth_generation,medium,books,2,2,5,3,3,0.58,0.423,0.53,moderate,0.625,0.25,0.083,0.042,0.616,0.223,0.094,0.067
58,85549,16764603,0.077,0.406,39,2,14,3,employee,wealth_generation,low,friends,4,4,4,2,2,0.68,0.377,0.627,moderate,0.619,0.254,0.085,0.042,0.664,0.197,0.069,0.07
63,85659,16907490,0.153,0.094,44,10,9,2,employee,retirement,medium,advisor,2,1,2,1,4,0.38,0.559,0.49,moderate,0.583,0.278,0.093,0.046,0.582,0.273,0.119,0.026
67,86034,16953369,0.216,0.142,43,7,9,1,retired,wealth_generation,medium,online,4,2,2,5,4,0.65,0.495,0.575,moderate,0.583,0.278,0.093,0.046,0.573,0.333,0.081,0.013
60,86050,16972843,0.142,0.4,44,3,11,2,retired,wealth_generation,low,online,3,2,3,2,3,0.52,0.351,0.406,moderate,0.598,0.268,0.089,0.045,0.536,0.29,0.094,0.08
57,86102,17114240,0.08,0.344,33,10,2,4,self-employed,retirement,low,books,2,1,2,2,5,0.44,0.376,0.396,moderate,0.521,0.319,0.106,0.053,0.516,0.323,0.08,0.081
54,86233,17134326,0.116,0.385,35,10,22,2,employee,wealth_generation,low,online,5,2,3,2,5,0.68,0.407,0.566,moderate,0.625,0.25,0.083,0.042,0.625,0.321,0.052,0.001
51,86297,17145975,0.093,0.6,29,7,6,5,employee,retirement,medium,friends,1,3,4,2,3,0.51,0.243,0.349,conservative,0.314,0.49,0.147,0.049,0.323,0.466,0.131,0.08
63,86316,17147668,0.068,0.42,39,4,15,3,self-employed,income,medium,books,4,2,4,1,1,0.52,0.359,0.43,moderate,0.625,0.25,0.083,0.042,0.651,0.246,0.072,0.031
63,86399,17156601,0.129,0.266,41,8,17,3,employee,retirement,low,online,4,2,3,2,3,0.57,0.473,0.562,moderate,0.625,0.25,0.083,0.042,0.702,0.198,0.089,0.01
63,86413,17214546,0.161,0.19,46,15,18,5,retired,education,low,books,1,4,4,2,1,0.5,0.493,0.471,moderate,0.625,0.25,0.083,0.042,0.627,0.241,0.085,0.047
59,86568,17214893,0.048,0.284,38,1,5,2,retired,wealth_generation,low,books,3,3,2,4,4,0.62,0.404,0.507,moderate,0.55,0.3,0.1,0.05,0.547,0.269,0.132,0.053
68,86696,17302716,0.174,0.31,47,4,12,2,employee,wealth_generation,low,online,3,4,1,3,3,0.57,0.433,0.531,moderate,0.605,0.263,0.088,0.044,0.608,0.261,0.07,0.061
57,86809,17324126,0.348,0.199,39,4,3,7,self-employed,income,low,online,4,3,4,3,2,0.66,0.463,0.565,moderate,0.531,0.312,0.104,0.052,0.494,0.344,0.075,0.087
65,86948,17350422,0.295,0.367,46,8,18,3,employee,home_purchase,medium,online,4,3,3,2,4,0.65,0.411,0.555,moderate,0.625,0.25,0.083,0.042,0.636,0.252,0.058,0.054
59,86998,17357838,0.228,0.085,38,9,11,2,retired,retirement,low,online,2,5,3,3,4,0.68,0.535,0.634,moderate,0.598,0.268,0.089,0.045,0.6,0.286,0.062,0.052
56,87022,17360950,0.105,0.371,35,3,5,1,self-employed,income,low,online,3,4,3,4,3,0.68,0.368,0.537,moderate,0.55,0.3,0.1,0.05,0.556,0.289,0.104,0.05
63,87031,17406594,0.02,0.037,47,3,16,5,employee,retirement,medium,online,4,4,1,3,5,0.68,0.618,0.678,aggressive,0.792,0.125,0.042,0.042,0.761,0.142,0.053,0.044
62,87046,17482978,0.229,0.258,39,14,8,4,employee,retirement,low,books,4,5,2,3,3,0.71,0.456,0.629,moderate,0.575,0.283,0.094,0.047,0.551,0.266,0.122,0.061
62,87049,17525616,0.04,0.418,38,10,4,1,employee,wealth_generation,low,books,2,2,5,4,4,0.64,0.35,0.534,moderate,0.541,0.306,0.102,0.051,0.546,0.343,0.085,0.026
60,87092,17556212,0.091,0.081,43,15,11,6,employee,income,low,books,3,3,4,4,2,0.64,0.574,0.659,aggressive,0.777,0.134,0.045,0.045,0.749,0.162,0.028,0.062
59,87110,17569232,0.162,0.265,40,12,7,3,employee,wealth_generation,high,books,3,3,2,2,3,0.53,0.449,0.524,moderate,0.567,0.288,0.096,0.048,0.59,0.291,0.09,0.03
74,87139,17603605,0.084,0.124,50,5,24,8,employee,home_purchase,low,books,3,3,4,4,5,0.73,0.587,0.664,aggressive,0.792,0.125,0.042,0.042,0.75,0.111,0.069,0.07
67,87169,17627030,0.229,0.442,50,2,9,2,employee,income,low,advisor,4,2,4,3,2,0.61,0.345,0.481,moderate,0.583,0.278,0.093,0.046,0.542,0.273,0.098,0.087
64,87214,17693085,0.213,0.399,42,8,13,3,retired,education,low,books,4,4,2,3,3,0.66,0.356,0.543,moderate,0.612,0.259,0.086,0.043,0.596,0.263,0.08,0.06
60,87273,17696862,0.207,0.48,39,5,24,2,employee,wealth_generation,medium,advisor,2,2,2,4,3,0.49,0.348,0.431,moderate,0.625,0.25,0.083,0.042,0.617,0.217,0.145,0.022
66,87427,17724696,0.224,0.427,43,6,9,3,retired,wealth_generation,high,online,2,3,4,2,1,0.5,0.332,0.431,moderate,0.583,0.278,0.093,0.046,0.578,0.307,0.099,0.015
63,87472,17731048,0.094,0.351,41,6,9,2,employee,retirement,high,books,4,4,2,3,2,0.63,0.402,0.522,moderate,0.583,0.278,0.093,0.046,0.61,0.27,0.057,0.063
60,87527,17736301,0.201,0.136,44,15,5,2,employee,wealth_generation,low,online,4,4,4,3,3,0.74,0.523,0.654,aggressive,0.75,0.15,0.05,0.05,0.736,0.165,0.025,0.074
58,87557,17791936,0.124,0.186,38,1,23,2,unemployed,retirement,high,books,2,3,3,3,3,0.55,0.493,0.574,moderate,0.625,0.25,0.083,0.042,0.639,0.269,0.075,0.017
59,87604,17801926,0.187,0.258,38,3,18,2,unemployed,retirement,low,books,1,4,2,1,2,0.42,0.437,0.448,moderate,0.625,0.25,0.083,0.042,0.63,0.26,0.075,0.035
40,87811,17880178,0.067,0.291,18,8,6,7,employee,wealth_generation,low,books,3,5,3,3,3,0.7,0.431,0.597,moderate,0.559,0.294,0.098,0.049,0.578,0.306,0.074,0.042
61,87824,17885796,0.195,0.372,42,13,8,0,employee,home_purchase,medium,advisor,1,3,3,3,3,0.5,0.386,0.492,moderate,0.575,0.283,0.094,0.047,0.598,0.327,0.028,0.047
57,87826,17894325,0.304,0.155,33,14,22,3,employee,wealth_generation,medium,online,4,2,3,2,2,0.54,0.56,0.57,moderate,0.625,0.25,0.083,0.042,0.67,0.265,0.065,0.0
69,87918,17911529,0.034,0.107,50,7,12,4,employee,retirement,low,online,5,1,2,3,2,0.53,0.562,0.533,moderate,0.605,0.263,0.088,0.044,0.581,0.275,0.079,0.065
60,87935,17950272,0.057,0.253,42,1,12,4,employee,education,low,online,3,2,1,2,3,0.44,0.47,0.451,moderate,0.605,0.263,0.088,0.044,0.6,0.257,0.1,0.043
52,87942,18051720,0.067,0.123,35,5,14,4,employee,income,high,books,3,4,2,2,3,0.58,0.558,0.598,moderate,0.619,0.254,0.085,0.042,0.59,0.246,0.078,0.087
59,88050,18079493,0.14,0.332,42,14,17,5,retired,education,low,books,2,3,3,3,3,0.55,0.405,0.499,moderate,0.625,0.25,0.083,0.042,0.582,0.253,0.095,0.069
53,88174,18088228,0.111,0.286,37,7,23,6,retired,retirement,medium,online,1,4,1,1,3,0.41,0.447,0.438,moderate,0.625,0.25,0.083,0.042,0.625,0.239,0.081,0.055
62,88180,18101412,0.221,0.353,44,10,18,4,unemployed,retirement,medium,online,3,3,2,3,4,0.59,0.382,0.469,moderate,0.625,0.25,0.083,0.042,0.638,0.19,0.104,0.068
61,88320,18181734,0.148,0.065,41,4,23,5,employee,wealth_generation,low,none,2,2,2,4,3,0.49,0.624,0.528,moderate,0.625,0.25,0.083,0.042,0.65,0.252,0.071,0.027
65,88377,18230057,0.15,0.525,44,0,18,3,employee,retirement,low,advisor,4,5,4,3,5,0.85,0.309,0.632,moderate,0.625,0.25,0.083,0.042,0.665,0.281,0.037,0.017
55,88462,18249759,0.198,0.0,32,8,2,4,employee,wealth_generation,low,books,2,3,4,1,2,0.5,0.596,0.572,moderate,0.521,0.319,0.106,0.053,0.525,0.308,0.128,0.038
60,88680,18254022,0.126,0.195,41,12,4,3,retired,retirement,low,online,4,3,4,1,2,0.6,0.453,0.598,moderate,0.541,0.306,0.102,0.051,0.581,0.272,0.071,0.076
51,88710,18351324,0.124,0.326,35,20,20,2,employee,wealth_generation,medium,books,4,2,4,3,2,0.61,0.443,0.516,moderate,0.625,0.25,0.083,0.042,0.566,0.254,0.113,0.068
64,88835,18354286,0.208,0.05,40,12,2,2,retired,education,low,online,3,4,3,4,1,0.62,0.529,0.565,moderate,0.521,0.319,0.106,0.053,0.535,0.287,0.164,0.014
63,89016,18363190,0.214,0.079,45,7,17,3,employee,education,low,online,5,5,4,3,3,0.84,0.596,0.756,aggressive,0.792,0.125,0.042,0.042,0.825,0.117,0.033,0.025
62,89340,18369930,0.014,0.074,39,8,19,2,employee,home_purchase,low,online,3,4,4,2,3,0.66,0.605,0.702,aggressive,0.792,0.125,0.042,0.042,0.799,0.106,0.055,0.04
60,89357,18439502,0.074,0.289,41,11,10,3,employee,education,low,books,4,3,3,4,4,0.71,0.444,0.574,moderate,0.591,0.273,0.091,0.045,0.631,0.276,0.093,0.0
62,89363,18442782,0.093,0.443,44,0,9,2,retired,retirement,low,online,4,2,2,2,2,0.5,0.323,0.37,moderate,0.583,0.278,0.093,0.046,0.508,0.299,0.122,0.071
69,89449,18483939,0.124,0.279,50,16,6,3,employee,income,low,advisor,3,3,3,3,2,0.57,0.44,0.523,moderate,0.559,0.294,0.098,0.049,0.563,0.3,0.109,0.029
58,89463,18492233,0.111,0.297,39,7,2,6,employee,education,low,online,3,5,4,3,1,0.68,0.42,0.535,moderate,0.521,0.319,0.106,0.053,0.519,0.273,0.171,0.036
60,89570,18531990,0.187,0.203,41,16,16,3,self-employed,retirement,low,online,2,3,4,3,3,0.59,0.497,0.57,moderate,0.625,0.25,0.083,0.042,0.562,0.328,0.048,0.062
53,89675,18556178,0.227,0.024,31,10,3,2,retired,wealth_generation,high,online,4,2,4,3,4,0.67,0.547,0.644,moderate,0.531,0.312,0.104,0.052,0.497,0.305,0.128,0.07
54,89889,18733308,0.087,0.027,37,2,23,2,employee,wealth_generation,high,friends,5,2,3,4,3,0.68,0.65,0.662,aggressive,0.792,0.125,0.042,0.042,0.748,0.136,0.051,0.065
60,90022,18743424,0.165,0.437,37,2,8,5,employee,wealth_generation,low,books,3,3,1,4,2,0.52,0.348,0.438,moderate,0.575,0.283,0.094,0.047,0.609,0.273,0.072,0.046
66,90138,18778414,0.127,0.092,49,5,17,6,retired,wealth_generation,low,advisor,1,4,3,2,4,0.55,0.552,0.53,moderate,0.625,0.25,0.083,0.042,0.637,0.252,0.075,0.037
58,90158,18778844,0.154,0.781,42,4,3,5,retired,retirement,low,books,4,3,3,3,3,0.65,0.123,0.441,moderate,0.531,0.312,0.104,0.052,0.621,0.292,0.023,0.064
58,90636,18795601,0.177,0.126,35,6,12,2,retired,income,low,advisor,2,4,4,3,5,0.7,0.517,0.587,moderate,0.605,0.263,0.088,0.044,0.576,0.295,0.082,0.046
57,90689,18800394,0.251,0.324,38,8,9,3,retired,wealth_generation,medium,advisor,3,5,3,4,3,0.73,0.393,0.581,moderate,0.583,0.278,0.093,0.046,0.529,0.272,0.128,0.071
56,90699,18815635,0.087,0.499,35,6,2,7,employee,wealth_generation,medium,advisor,1,3,2,2,3,0.43,0.299,0.356,moderate,0.521,0.319,0.106,0.053,0.529,0.284,0.122,0.065
61,90721,19015049,0.054,0.209,45,1,14,2,employee,wealth_generation,low,none,2,3,3,2,3,0.52,0.505,0.522,moderate,0.619,0.254,0.085,0.042,0.624,0.25,0.097,0.03
51,90746,19024693,0.178,0.35,33,17,23,1,retired,wealth_generation,medium,none,2,2,1,1,3,0.36,0.409,0.39,moderate,0.625,0.25,0.083,0.042,0.6,0.261,0.09,0.049
67,90769,19067737,0.132,0.205,45,6,1,2,self-employed,wealth_generation,high,books,3,4,5,4,4,0.79,0.457,0.699,aggressive,0.728,0.163,0.054,0.054,0.747,0.103,0.074,0.076
56,90822,19069382,0.079,0.187,34,12,7,7,employee,retirement,low,advisor,4,3,3,5,3,0.71,0.5,0.596,moderate,0.567,0.288,0.096,0.048,0.549,0.309,0.091,0.052
64,90852,19089513,0.065,0.144,41,1,15,3,self-employed,wealth_generation,high,advisor,3,4,3,3,2,0.62,0.532,0.575,moderate,0.625,0.25,0.083,0.042,0.656,0.27,0.038,0.036
52,90985,19192665,0.165,0.393,35,11,20,6,employee,retirement,medium,advisor,3,3,3,4,2,0.6,0.4,0.548,moderate,0.625,0.25,0.083,0.042,0.654,0.245,0.071,0.03
64,91057,19270976,0.113,0.168,42,3,6,1,employee,education,low,online,4,1,4,4,4,0.65,0.509,0.608,moderate,0.559,0.294,0.098,0.049,0.551,0.305,0.07,0.074
64,91103,19329246,0.375,0.179,45,9,3,5,employee,education,medium,books,4,3,4,2,2,0.63,0.494,0.556,moderate,0.531,0.312,0.104,0.052,0.504,0.302,0.121,0.073
62,91133,19366359,0.135,0.714,41,9,1,1,employee,home_purchase,low,online,5,3,4,3,4,0.77,0.17,0.49,moderate,0.511,0.326,0.109,0.054,0.497,0.35,0.118,0.035
54,91158,19366785,0.093,0.196,35,14,6,2,retired,education,low,none,1,3,3,4,2,0.5,0.46,0.539,moderate,0.559,0.294,0.098,0.049,0.544,0.314,0.11,0.032
61,91161,19390316,0.179,0.231,37,4,3,4,student,retirement,medium,online,4,2,3,1,2,0.51,0.424,0.428,moderate,0.531,0.312,0.104,0.052,0.511,0.278,0.123,0.088
52,91203,19411298,0.1,0.602,36,2,9,3,self-employed,retirement,medium,advisor,3,4,3,2,1,0.56,0.24,0.394,moderate,0.583,0.278,0.093,0.046,0.601,0.326,0.068,0.005
58,91233,19447282,0.152,0.212,42,12,10,4,employee,wealth_generation,low,books,4,2,2,4,3,0.59,0.493,0.557,moderate,0.591,0.273,0.091,0.045,0.592,0.288,0.092,0.029
66,91313,19466055,0.15,0.211,46,5,11,7,employee,retirement,low,books,3,3,4,3,1,0.58,0.496,0.575,moderate,0.598,0.268,0.089,0.045,0.54,0.229,0.136,0.095
64,91346,19699573,0.144,0.397,44,3,5,1,self-employed,wealth_generation,low,online,2,3,4,2,3,0.56,0.355,0.452,moderate,0.55,0.3,0.1,0.05,0.584,0.307,0.064,0.044
60,91350,19816061,0.218,0.19,37,6,11,2,employee,home_purchase,low,books,3,4,2,3,5,0.67,0.51,0.626,moderate,0.598,0.268,0.089,0.045,0.556,0.23,0.121,0.093
54,91478,19856413,0.094,0.158,32,2,1,4,employee,education,low,advisor,4,4,3,3,3,0.7,0.501,0.59,moderate,0.511,0.326,0.109,0.054,0.5,0.352,0.116,0.032
63,91566,19867182,0.256,0.231,45,4,7,6,retired,retirement,low,friends,4,4,2,5,4,0.75,0.443,0.651,aggressive,0.76,0.144,0.048,0.048,0.731,0.176,0.06,0.032
60,91658,19893218,0.217,0.335,37,5,9,5,employee,wealth_generation,medium,online,2,3,3,4,2,0.55,0.414,0.52,moderate,0.583,0.278,0.093,0.046,0.558,0.248,0.11,0.083
46,91719,19901197,0.12,0.048,27,4,4,3,employee,retirement,low,advisor,2,4,4,1,4,0.61,0.577,0.57,moderate,0.541,0.306,0.102,0.051,0.508,0.316,0.091,0.084
64,91871,19982125,0.084,0.213,46,6,18,4,employee,retirement,low,books,2,2,3,3,2,0.47,0.514,0.514,moderate,0.625,0.25,0.083,0.042,0.57,0.269,0.144,0.017
59,91954,20076500,0.108,0.203,42,5,6,2,retired,wealth_generation,medium,online,2,4,1,2,4,0.52,0.456,0.465,moderate,0.559,0.294,0.098,0.049,0.536,0.312,0.087,0.065
67,92114,20078159,0.12,0.163,43,10,16,0,retired,education,low,advisor,3,2,1,2,1,0.38,0.508,0.357,moderate,0.625,0.25,0.083,0.042,0.621,0.206,0.107,0.065
53,92175,20149293,0.164,0.316,31,14,11,4,self-employed,home_purchase,low,none,3,3,3,4,4,0.66,0.417,0.558,moderate,0.598,0.268,0.089,0.045,0.585,0.262,0.086,0.067
40,92382,20280060,0.035,0.181,20,2,11,5,employee,wealth_generation,medium,books,3,3,2,3,3,0.56,0.516,0.554,moderate,0.598,0.268,0.089,0.045,0.625,0.282,0.056,0.036
61,92712,20306846,0.261,0.298,37,11,14,3,employee,retirement,low,none,4,2,2,3,1,0.5,0.45,0.503,moderate,0.619,0.254,0.085,0.042,0.581,0.233,0.108,0.078
61,92737,20369252,0.058,0.261,43,15,2,3,employee,retirement,low,books,3,4,5,3,4,0.76,0.444,0.666,aggressive,0.734,0.16,0.053,0.053,0.72,0.191,0.052,0.036
49,92877,20401849,0.108,0.151,28,9,3,3,employee,wealth_generation,low,online,3,5,3,3,4,0.73,0.512,0.612,moderate,0.531,0.312,0.104,0.052,0.503,0.307,0.081,0.109
54,93066,20449707,0.062,0.172,31,22,8,3,employee,wealth_generation,low,advisor,3,2,2,4,3,0.54,0.514,0.529,moderate,0.575,0.283,0.094,0.047,0.616,0.262,0.091,0.031
75,93152,20505554,0.103,0.129,50,5,10,5,employee,wealth_generation,low,friends,3,4,4,3,4,0.72,0.546,0.637,moderate,0.591,0.273,0.091,0.045,0.603,0.276,0.086,0.035
58,93316,20604033,0.23,0.059,39,12,10,3,employee,home_purchase,medium,online,2,4,1,3,4,0.55,0.59,0.566,moderate,0.591,0.273,0.091,0.045,0.576,0.257,0.122,0.045
64,93442,20689078,0.176,0.303,48,9,15,0,retired,retirement,high,books,2,3,3,2,4,0.55,0.421,0.568,moderate,0.625,0.25,0.083,0.042,0.661,0.251,0.084,0.004
56,93637,20692666,0.096,0.324,33,4,1,5,student,income,low,online,3,1,3,4,3,0.53,0.37,0.46,moderate,0.511,0.326,0.109,0.054,0.494,0.356,0.086,0.063
47,93684,20709457,0.242,0.127,29,9,24,4,employee,income,high,none,2,2,3,2,4,0.5,0.589,0.506,moderate,0.625,0.25,0.083,0.042,0.627,0.245,0.07,0.058
58,93819,20767912,0.219,0.301,37,7,5,4,self-employed,retirement,low,books,4,4,1,3,4,0.65,0.413,0.547,moderate,0.55,0.3,0.1,0.05,0.556,0.331,0.111,0.002
58,93937,20818839,0.207,0.568,39,3,7,6,employee,retirement,low,friends,2,3,2,4,3,0.54,0.267,0.456,moderate,0.567,0.288,0.096,0.048,0.526,0.283,0.122,0.069
57,94058,20891917,0.234,0.073,36,3,21,2,unemployed,wealth_generation,low,online,3,2,5,3,4,0.66,0.561,0.635,moderate,0.625,0.25,0.083,0.042,0.662,0.249,0.065,0.025
59,94102,20947931,0.177,0.256,41,9,1,3,employee,education,medium,advisor,3,2,1,3,4,0.5,0.445,0.509,moderate,0.511,0.326,0.109,0.054,0.46,0.368,0.154,0.017
61,94251,21036451,0.153,0.349,39,9,29,4,employee,wealth_generation,low,books,1,5,4,3,3,0.64,0.451,0.62,moderate,0.625,0.25,0.083,0.042,0.626,0.242,0.073,0.059
59,94456,21075486,0.128,0.05,42,7,2,2,employee,retirement,medium,books,4,2,3,3,5,0.66,0.571,0.679,aggressive,0.734,0.16,0.053,0.053,0.701,0.142,0.067,0.091
52,94609,21249655,0.095,0.37,32,7,4,5,employee,wealth_generation,medium,online,3,3,3,2,4,0.6,0.383,0.489,moderate,0.541,0.306,0.102,0.051,0.561,0.3,0.071,0.068
62,94785,21339710,0.164,0.56,44,3,7,4,employee,wealth_generation,high,online,2,1,3,2,3,0.42,0.272,0.383,moderate,0.567,0.288,0.096,0.048,0.515,0.268,0.133,0.084
48,94799,21344686,0.249,0.082,28,6,10,4,self-employed,retirement,medium,books,4,3,3,1,4,0.62,0.558,0.543,moderate,0.591,0.273,0.091,0.045,0.626,0.327,0.022,0.026
47,94814,21373156,0.172,0.394,29,13,12,5,employee,education,high,advisor,3,5,4,2,4,0.74,0.385,0.631,moderate,0.605,0.263,0.088,0.044,0.613,0.258,0.12,0.009
64,94866,21461299,0.264,0.215,40,12,4,2,employee,education,low,advisor,2,4,4,5,3,0.7,0.477,0.565,moderate,0.541,0.306,0.102,0.051,0.572,0.32,0.106,0.003
63,94899,21462982,0.125,0.116,40,9,3,4,employee,retirement,low,friends,4,4,3,1,3,0.64,0.535,0.552,moderate,0.531,0.312,0.104,0.052,0.592,0.275,0.063,0.071
59,95130,21528375,0.193,0.257,42,22,2,5,employee,wealth_generation,low,friends,4,3,2,3,4,0.64,0.447,0.557,moderate,0.521,0.319,0.106,0.053,0.559,0.318,0.082,0.04
51,95202,21604602,0.183,0.071,28,13,7,5,employee,wealth_generation,low,online,3,3,3,3,1,0.54,0.575,0.582,moderate,0.567,0.288,0.096,0.048,0.575,0.269,0.132,0.024
55,95249,21629771,0.188,0.267,32,2,22,3,employee,wealth_generation,low,advisor,3,3,3,2,3,0.57,0.491,0.51,moderate,0.625,0.25,0.083,0.042,0.58,0.299,0.063,0.057
58,95763,21640424,0.182,0.024,40,5,9,3,retired,wealth_generation,low,online,5,3,3,5,2,0.73,0.572,0.651,aggressive,0.769,0.139,0.046,0.046,0.782,0.119,0.065,0.034
50,95865,21670064,0.095,0.347,30,2,17,1,self-employed,wealth_generation,medium,none,3,5,3,4,3,0.73,0.413,0.578,moderate,0.625,0.25,0.083,0.042,0.581,0.239,0.131,0.049
55,95949,21705297,0.074,0.255,38,6,6,5,retired,retirement,medium,books,2,3,3,2,1,0.46,0.429,0.452,moderate,0.559,0.294,0.098,0.049,0.572,0.289,0.08,0.058
63,96037,21804148,0.313,0.244,42,11,3,3,employee,wealth_generation,medium,advisor,3,2,4,4,2,0.59,0.458,0.565,moderate,0.531,0.312,0.104,0.052,0.517,0.294,0.125,0.064
68,96424,21837472,0.034,0.141,50,2,12,4,retired,retirement,medium,online,3,2,3,2,3,0.52,0.512,0.517,moderate,0.605,0.263,0.088,0.044,0.568,0.281,0.085,0.067
57,96818,21857622,0.147,0.209,38,13,18,1,retired,retirement,low,advisor,1,4,4,3,2,0.56,0.488,0.513,moderate,0.625,0.25,0.083,0.042,0.643,0.238,0.074,0.045
64,96873,21890326,0.138,0.135,46,7,21,4,employee,retirement,low,friends,1,4,5,3,2,0.6,0.577,0.637,moderate,0.625,0.25,0.083,0.042,0.64,0.298,0.061,0.0
48,96918,22103099,0.125,0.35,32,10,12,1,self-employed,retirement,low,advisor,2,4,3,2,5,0.63,0.401,0.569,moderate,0.605,0.263,0.088,0.044,0.598,0.275,0.076,0.05
63,97050,22116624,0.214,0.143,40,1,8,6,employee,retirement,low,friends,4,4,2,4,4,0.72,0.534,0.622,moderate,0.575,0.283,0.094,0.047,0.561,0.259,0.113,0.067
55,97055,22121629,0.205,0.302,32,1,4,5,employee,retirement,low,friends,3,4,4,3,2,0.66,0.426,0.54,moderate,0.541,0.306,0.102,0.051,0.536,0.31,0.11,0.045
61,97554,22145251,0.256,0.177,45,8,14,2,employee,education,high,books,2,1,4,2,3,0.46,0.53,0.476,moderate,0.619,0.254,0.085,0.042,0.603,0.216,0.115,0.065
58,97651,22225749,0.133,0.317,37,12,7,4,employee,retirement,low,books,1,5,2,3,1,0.5,0.423,0.499,moderate,0.567,0.288,0.096,0.048,0.486,0.291,0.112,0.112
67,97810,22241743,0.166,0.274,50,13,19,4,retired,wealth_generation,low,online,4,4,3,3,4,0.73,0.451,0.541,moderate,0.625,0.25,0.083,0.042,0.61,0.216,0.117,0.057
54,97815,22247463,0.251,0.232,30,9,13,5,employee,wealth_generation,low,advisor,2,4,3,1,5,0.6,0.492,0.596,moderate,0.612,0.259,0.086,0.043,0.573,0.32,0.076,0.031
63,98025,22329332,0.351,0.324,47,3,19,4,employee,retirement,medium,books,3,3,3,2,3,0.57,0.447,0.51,moderate,0.625,0.25,0.083,0.042,0.592,0.29,0.063,0.054
58,98033,22477430,0.301,0.229,40,3,13,8,employee,home_purchase,medium,none,4,4,4,2,2,0.68,0.494,0.569,moderate,0.612,0.259,0.086,0.043,0.546,0.241,0.13,0.082
59,98061,22488254,0.198,0.393,35,13,17,2,employee,wealth_generation,medium,books,3,4,2,3,3,0.61,0.397,0.529,moderate,0.625,0.25,0.083,0.042,0.602,0.273,0.087,0.039
58,98143,22521580,0.073,0.348,42,2,8,1,employee,wealth_generation,medium,friends,3,4,2,2,4,0.61,0.407,0.537,moderate,0.575,0.283,0.094,0.047,0.572,0.296,0.069,0.062
54,98144,22563136,0.021,0.274,37,9,11,4,student,wealth_generation,low,online,4,3,3,3,3,0.65,0.424,0.586,moderate,0.598,0.268,0.089,0.045,0.613,0.214,0.106,0.066
59,98638,22571664,0.227,0.428,40,7,2,5,retired,retirement,low,books,3,3,4,4,4,0.7,0.322,0.583,moderate,0.521,0.319,0.106,0.053,0.571,0.286,0.111,0.032
59,98754,22604885,0.231,0.397,37,6,13,2,employee,wealth_generation,low,advisor,3,3,3,4,3,0.63,0.387,0.543,moderate,0.612,0.259,0.086,0.043,0.621,0.276,0.081,0.021
61,98802,22675494,0.205,0.27,38,6,12,2,employee,retirement,low,online,3,3,4,3,3,0.64,0.466,0.585,moderate,0.605,0.263,0.088,0.044,0.611,0.265,0.075,0.05
60,99423,22736102,0.108,0.068,44,15,16,5,employee,retirement,low,books,2,3,5,4,2,0.63,0.607,0.623,moderate,0.625,0.25,0.083,0.042,0.629,0.224,0.087,0.06
64,99499,22792559,0.181,0.283,48,12,16,4,employee,wealth_generation,low,books,2,2,5,2,1,0.49,0.468,0.501,moderate,0.625,0.25,0.083,0.042,0.573,0.3,0.076,0.051
65,99572,22807133,0.116,0.207,45,12,14,2,employee,retirement,low,advisor,2,3,2,3,3,0.51,0.512,0.493,moderate,0.619,0.254,0.085,0.042,0.61,0.266,0.1,0.024
53,100007,22807267,0.143,0.273,30,5,3,5,employee,retirement,medium,online,2,2,4,3,1,0.48,0.442,0.453,moderate,0.531,0.312,0.104,0.052,0.552,0.311,0.089,0.048
65,100259,22901024,0.13,0.314,49,2,21,1,self-employed,wealth_generation,low,online,1,1,3,3,3,0.4,0.446,0.371,moderate,0.625,0.25,0.083,0.042,0.609,0.285,0.058,0.048
52,100340,22916393,0.26,0.313,34,23,2,1,employee,retirement,low,none,2,4,3,2,2,0.54,0.416,0.54,moderate,0.521,0.319,0.106,0.053,0.503,0.297,0.134,0.066
63,100350,22939493,0.098,0.324,42,2,18,2,retired,education,medium,books,2,3,3,3,2,0.52,0.419,0.461,moderate,0.625,0.25,0.083,0.042,0.512,0.261,0.137,0.09
63,100354,23018752,0.168,0.326,47,7,11,5,employee,education,low,books,2,3,4,5,3,0.65,0.428,0.594,moderate,0.598,0.268,0.089,0.045,0.646,0.248,0.099,0.006
48,100571,23026712,0.126,0.096,30,4,18,4,employee,retirement,medium,none,2,4,3,2,3,0.57,0.596,0.618,moderate,0.625,0.25,0.083,0.042,0.575,0.234,0.132,0.059
60,101237,23150835,0.186,0.139,44,7,11,3,unemployed,wealth_generation,low,books,3,4,3,2,1,0.56,0.496,0.488,moderate,0.598,0.268,0.089,0.045,0.568,0.306,0.087,0.04
57,101427,23167411,0.166,0.307,38,4,14,1,employee,income,medium,online,2,2,5,3,3,0.58,0.448,0.531,moderate,0.619,0.254,0.085,0.042,0.597,0.228,0.064,0.11
55,101491,23312745,0.266,0.226,31,13,9,4,employee,retirement,medium,online,4,4,3,4,2,0.7,0.487,0.635,moderate,0.583,0.278,0.093,0.046,0.611,0.292,0.093,0.004
68,101517,23420017,0.059,0.363,48,17,16,4,employee,retirement,medium,books,3,2,3,4,4,0.61,0.416,0.516,moderate,0.625,0.25,0.083,0.042,0.633,0.227,0.074,0.066
56,101629,23449627,0.095,0.105,38,5,7,8,employee,wealth_generation,low,friends,4,5,3,2,3,0.72,0.558,0.614,moderate,0.567,0.288,0.096,0.048,0.532,0.291,0.105,0.072
55,102122,23472356,0.21,0.139,33,1,16,5,unemployed,wealth_generation,high,books,2,2,3,5,4,0.59,0.511,0.603,moderate,0.625,0.25,0.083,0.042,0.664,0.222,0.097,0.017
60,102604,23590118,0.127,0.28,39,9,6,1,employee,retirement,low,online,3,1,2,4,3,0.49,0.446,0.492,moderate,0.559,0.294,0.098,0.049,0.565,0.321,0.102,0.012
64,102652,23681700,0.08,0.259,40,5,16,4,self-employed,retirement,low,advisor,5,3,3,3,3,0.7,0.47,0.609,moderate,0.625,0.25,0.083,0.042,0.613,0.249,0.059,0.079
59,102816,23686682,0.154,0.172,40,19,8,2,retired,wealth_generation,medium,online,2,4,3,3,3,0.6,0.486,0.523,moderate,0.575,0.283,0.094,0.047,0.546,0.271,0.089,0.094
66,102984,23772957,0.184,0.226,47,1,7,7,employee,retirement,medium,friends,4,5,5,3,2,0.8,0.483,0.643,moderate,0.567,0.288,0.096,0.048,0.577,0.262,0.117,0.044
63,103039,23795855,0.034,0.04,39,2,18,0,self-employed,income,high,books,1,3,2,3,3,0.46,0.615,0.527,moderate,0.625,0.25,0.083,0.042,0.678,0.24,0.082,0.0
46,103139,23809294,0.111,0.042,29,9,18,2,student,retirement,low,online,4,2,2,3,3,0.56,0.585,0.556,moderate,0.625,0.25,0.083,0.042,0.666,0.239,0.046,0.048
56,103187,23842403,0.222,0.087,39,10,15,3,employee,wealth_generation,low,advisor,3,5,1,4,4,0.68,0.595,0.652,aggressive,0.792,0.125,0.042,0.042,0.778,0.108,0.102,0.013
56,103274,23890295,0.157,0.287,32,6,22,1,self-employed,retirement,low,friends,2,3,5,2,2,0.57,0.467,0.54,moderate,0.625,0.25,0.083,0.042,0.611,0.217,0.124,0.048
62,103404,23999989,0.029,0.419,40,4,5,2,employee,wealth_generation,low,online,3,4,4,4,4,0.75,0.359,0.58,moderate,0.55,0.3,0.1,0.05,0.546,0.292,0.1,0.063
44,103920,24031504,0.109,0.169,24,4,7,3,employee,wealth_generation,low,advisor,1,3,4,4,2,0.54,0.519,0.582,moderate,0.567,0.288,0.096,0.048,0.549,0.271,0.118,0.061
75,103943,24052884,0.181,0.039,50,5,8,3,unemployed,retirement,low,books,2,2,3,4,3,0.53,0.545,0.514,moderate,0.575,0.283,0.094,0.047,0.547,0.288,0.087,0.078
63,103982,24091601,0.089,0.339,39,3,8,3,employee,wealth_generation,medium,advisor,2,3,2,2,3,0.48,0.415,0.426,moderate,0.575,0.283,0.094,0.047,0.591,0.298,0.073,0.038
60,104244,24126642,0.227,0.414,40,12,8,5,employee,retirement,medium,none,2,2,5,1,2,0.49,0.368,0.454,moderate,0.575,0.283,0.094,0.047,0.552,0.285,0.095,0.068
67,104321,24193382,0.189,0.112,43,1,15,3,employee,home_purchase,low,friends,3,4,3,3,2,0.62,0.579,0.618,moderate,0.625,0.25,0.083,0.042,0.656,0.246,0.016,0.082
74,104603,24274549,0.147,0.218,50,5,7,6,retired,income,low,advisor,4,2,3,3,3,0.6,0.457,0.513,moderate,0.567,0.288,0.096,0.048,0.523,0.234,0.198,0.045
65,104763,24382529,0.261,0.123,44,10,8,1,employee,home_purchase,low,online,5,4,3,5,5,0.87,0.551,0.732,aggressive,0.764,0.142,0.047,0.047,0.76,0.131,0.079,0.03
65,105171,24417284,0.132,0.094,45,0,13,2,student,home_purchase,low,none,4,3,2,1,3,0.55,0.54,0.5,moderate,0.612,0.259,0.086,0.043,0.581,0.303,0.088,0.029
60,105316,24440897,0.098,0.314,40,13,6,4,self-employed,wealth_generation,low,online,4,2,3,3,4,0.63,0.413,0.526,moderate,0.559,0.294,0.098,0.049,0.578,0.294,0.087,0.041
59,105686,24473107,0.186,0.53,39,9,9,2,employee,retirement,medium,advisor,2,2,3,2,4,0.5,0.297,0.443,moderate,0.583,0.278,0.093,0.046,0.535,0.28,0.095,0.09
57,105761,24551033,0.167,0.326,41,1,3,2,self-employed,retirement,medium,books,3,2,2,4,3,0.54,0.399,0.445,moderate,0.531,0.312,0.104,0.052,0.567,0.33,0.058,0.045
55,106308,24635580,0.12,0.578,35,13,24,6,unemployed,home_purchase,medium,online,4,2,3,3,5,0.66,0.263,0.469,moderate,0.625,0.25,0.083,0.042,0.612,0.244,0.098,0.047
55,106317,24717784,0.122,0.235,37,6,8,3,employee,retirement,medium,advisor,2,4,3,5,4,0.69,0.481,0.582,moderate,0.575,0.283,0.094,0.047,0.554,0.327,0.078,0.042
51,106320,24793869,0.133,0.445,30,9,19,2,employee,retirement,low,books,3,2,2,3,4,0.54,0.37,0.506,moderate,0.625,0.25,0.083,0.042,0.628,0.245,0.101,0.026
59,106714,24799851,0.111,0.146,35,13,12,5,employee,wealth_generation,low,books,4,3,3,4,2,0.65,0.549,0.64,moderate,0.605,0.263,0.088,0.044,0.633,0.25,0.077,0.04
49,107130,24803572,0.196,0.101,31,13,6,1,employee,retirement,low,books,1,4,2,3,3,0.51,0.56,0.467,moderate,0.559,0.294,0.098,0.049,0.542,0.292,0.098,0.067
61,107450,24956875,0.183,0.336,45,5,6,3,unemployed,wealth_generation,medium,books,3,4,5,2,3,0.7,0.374,0.516,moderate,0.559,0.294,0.098,0.049,0.537,0.307,0.105,0.051
59,107553,25077359,0.142,0.213,36,3,15,1,employee,education,medium,online,3,3,2,2,2,0.5,0.515,0.509,moderate,0.625,0.25,0.083,0.042,0.608,0.268,0.045,0.08
60,108051,25141677,0.133,0.192,36,4,25,2,employee,income,low,online,3,3,1,3,3,0.52,0.555,0.486,moderate,0.625,0.25,0.083,0.042,0.631,0.233,0.069,0.068
56,108120,25186149,0.126,0.323,37,10,6,1,employee,retirement,low,friends,2,3,3,3,3,0.55,0.422,0.535,moderate,0.559,0.294,0.098,0.049,0.539,0.31,0.126,0.025
75,108124,25208433,0.109,0.198,50,15,4,6,employee,retirement,low,online,2,2,5,3,3,0.58,0.494,0.48,moderate,0.541,0.306,0.102,0.051,0.507,0.31,0.132,0.051
68,108224,25291508,0.053,0.285,50,1,9,1,employee,education,low,books,5,3,3,5,1,0.7,0.453,0.579,moderate,0.583,0.278,0.093,0.046,0.651,0.258,0.04,0.051
52,108581,25303854,0.106,0.185,29,0,9,3,employee,retirement,low,none,4,3,2,3,3,0.61,0.516,0.579,moderate,0.583,0.278,0.093,0.046,0.563,0.269,0.089,0.079
61,108621,25374525,0.117,0.373,43,11,18,2,employee,wealth_generation,low,books,5,3,4,2,3,0.71,0.417,0.637,moderate,0.625,0.25,0.083,0.042,0.585,0.214,0.106,0.095
56,108624,25471600,0.162,0.19,37,5,11,3,unemployed,education,medium,online,3,2,4,3,4,0.62,0.47,0.56,moderate,0.598,0.268,0.089,0.045,0.533,0.272,0.136,0.059
53,109243,25582700,0.212,0.272,31,4,3,3,employee,wealth_generation,low,none,2,4,3,3,4,0.63,0.447,0.566,moderate,0.531,0.312,0.104,0.052,0.544,0.342,0.08,0.034
51,109363,25637976,0.133,0.028,34,3,22,3,employee,retirement,low,friends,3,4,2,3,2,0.58,0.659,0.617,moderate,0.625,0.25,0.083,0.042,0.633,0.259,0.095,0.013
62,109607,25640697,0.279,0.377,46,5,9,4,unemployed,retirement,low,online,2,3,3,4,2,0.55,0.358,0.501,moderate,0.583,0.278,0.093,0.046,0.586,0.254,0.074,0.087
55,109914,25644346,0.227,0.303,36,17,14,6,employee,retirement,low,online,4,3,3,4,2,0.65,0.454,0.581,moderate,0.619,0.254,0.085,0.042,0.612,0.253,0.092,0.043
65,110436,25658054,0.324,0.14,42,18,14,2,self-employed,wealth_generation,low,none,5,3,2,3,2,0.63,0.544,0.618,moderate,0.619,0.254,0.085,0.042,0.612,0.258,0.108,0.022
65,110461,25669306,0.244,0.15,49,4,3,0,employee,retirement,low,online,1,4,4,2,4,0.59,0.522,0.586,moderate,0.531,0.312,0.104,0.052,0.53,0.285,0.144,0.042
68,110718,25691756,0.176,0.17,50,16,1,6,retired,wealth_generation,low,friends,4,3,4,3,4,0.72,0.471,0.653,aggressive,0.728,0.163,0.054,0.054,0.755,0.114,0.043,0.088
54,111250,25809249,0.172,0.287,35,4,3,7,employee,income,medium,books,2,3,3,2,2,0.49,0.439,0.404,moderate,0.531,0.312,0.104,0.052,0.594,0.264,0.073,0.069
62,111271,25833601,0.069,0.276,43,12,24,3,retired,home_purchase,low,online,1,3,3,2,4,0.5,0.467,0.441,moderate,0.625,0.25,0.083,0.042,0.551,0.289,0.091,0.068
63,111353,25965112,0.199,0.175,45,3,17,3,retired,retirement,low,books,3,2,3,3,1,0.49,0.514,0.52,moderate,0.625,0.25,0.083,0.042,0.609,0.231,0.056,0.104
57,111532,26007377,0.173,0.332,39,12,4,1,retired,education,low,friends,3,5,4,3,3,0.74,0.386,0.657,aggressive,0.745,0.153,0.051,0.051,0.755,0.14,0.062,0.043
55,111658,26043382,0.154,0.437,33,5,13,3,employee,wealth_generation,low,advisor,4,3,3,5,3,0.71,0.365,0.582,moderate,0.612,0.259,0.086,0.043,0.589,0.267,0.094,0.049
69,111799,26292510,0.193,0.048,46,3,13,2,unemployed,retirement,low,advisor,4,3,3,1,4,0.62,0.561,0.589,moderate,0.612,0.259,0.086,0.043,0.599,0.229,0.089,0.083
61,111871,26364208,0.142,0.229,42,15,1,8,self-employed,retirement,high,advisor,4,3,4,3,2,0.66,0.454,0.607,moderate,0.511,0.326,0.109,0.054,0.527,0.319,0.072,0.081
63,112059,26381642,0.158,0.293,40,3,10,2,student,home_purchase,low,none,2,3,1,4,3,0.5,0.417,0.506,moderate,0.591,0.273,0.091,0.045,0.559,0.257,0.123,0.06
55,112216,26436556,0.133,0.29,32,20,15,3,employee,wealth_generation,medium,friends,3,2,4,3,3,0.59,0.466,0.56,moderate,0.625,0.25,0.083,0.042,0.659,0.256,0.04,0.046
52,112267,26497063,0.198,0.025,31,2,6,4,employee,wealth_generation,low,online,4,4,4,3,2,0.71,0.611,0.669,aggressive,0.755,0.147,0.049,0.049,0.823,0.121,0.0,0.057
56,112375,26931011,0.244,0.148,40,0,19,2,employee,wealth_generation,medium,online,3,3,3,3,3,0.6,0.571,0.59,moderate,0.625,0.25,0.083,0.042,0.585,0.232,0.117,0.066
59,112392,27113728,0.231,0.063,37,13,14,3,employee,retirement,low,advisor,5,4,2,3,2,0.68,0.612,0.661,aggressive,0.788,0.127,0.042,0.042,0.785,0.151,0.031,0.033
53,112398,27304358,0.215,0.284,31,8,1,7,unemployed,retirement,medium,online,4,5,3,4,5,0.84,0.393,0.701,aggressive,0.728,0.163,0.054,0.054,0.751,0.197,0.003,0.049
59,112418,27305486,0.013,0.313,39,6,19,3,employee,wealth_generation,low,online,3,3,5,2,2,0.62,0.461,0.569,moderate,0.625,0.25,0.083,0.042,0.644,0.249,0.089,0.018
49,112622,27328194,0.26,0.124,28,1,2,6,self-employed,retirement,low,friends,2,4,2,4,4,0.62,0.52,0.593,moderate,0.521,0.319,0.106,0.053,0.498,0.313,0.119,0.071
53,112748,27337672,0.107,0.198,29,7,20,1,employee,wealth_generation,low,none,2,2,4,3,1,0.48,0.54,0.533,moderate,0.625,0.25,0.083,0.042,0.614,0.224,0.072,0.09
64,113020,27521925,0.249,0.197,46,5,8,1,employee,retirement,medium,none,5,4,3,3,4,0.78,0.509,0.67,aggressive,0.764,0.142,0.047,0.047,0.754,0.124,0.07,0.051
63,113269,27865797,0.089,0.392,44,6,15,6,self-employed,income,low,online,3,3,3,2,3,0.57,0.388,0.505,moderate,0.625,0.25,0.083,0.042,0.629,0.24,0.067,0.063
57,113838,27875101,0.141,0.141,33,8,17,1,employee,wealth_generation,low,advisor,3,2,3,3,5,0.61,0.571,0.653,aggressive,0.792,0.125,0.042,0.042,0.799,0.117,0.072,0.012
53,113866,27957310,0.206,0.276,36,8,7,4,employee,retirement,medium,online,2,4,4,4,3,0.67,0.456,0.565,moderate,0.567,0.288,0.096,0.048,0.515,0.294,0.123,0.068
53,114172,28192841,0.181,0.373,29,16,9,3,employee,retirement,low,online,3,5,3,3,3,0.7,0.4,0.563,moderate,0.583,0.278,0.093,0.046,0.491,0.28,0.126,0.103
57,114301,28457718,0.137,0.398,37,9,11,3,employee,wealth_generation,low,books,4,1,2,2,5,0.54,0.388,0.454,moderate,0.598,0.268,0.089,0.045,0.629,0.257,0.11,0.004
63,114703,28674502,0.189,0.321,45,5,13,4,retired,retirement,low,friends,3,3,3,2,4,0.6,0.415,0.536,moderate,0.612,0.259,0.086,0.043,0.575,0.259,0.11,0.056
65,115153,29006581,0.163,0.185,42,4,8,4,self-employed,wealth_generation,low,none,3,4,2,3,2,0.58,0.501,0.56,moderate,0.575,0.283,0.094,0.047,0.562,0.289,0.095,0.053
57,115228,29031460,0.108,0.394,33,6,30,6,self-employed,income,low,online,3,4,3,3,3,0.65,0.418,0.5,moderate,0.625,0.25,0.083,0.042,0.611,0.247,0.098,0.044
53,115602,29058393,0.182,0.353,37,4,16,2,unemployed,home_purchase,low,online,5,2,3,3,2,0.62,0.39,0.557,moderate,0.625,0.25,0.083,0.042,0.584,0.243,0.093,0.079
61,115984,29425365,0.09,0.337,41,5,7,4,self-employed,income,low,books,3,3,3,3,2,0.57,0.406,0.472,moderate,0.567,0.288,0.096,0.048,0.588,0.268,0.124,0.02
55,116604,29451910,0.193,0.068,31,12,14,2,employee,retirement,medium,online,1,3,2,3,2,0.43,0.612,0.516,moderate,0.619,0.254,0.085,0.042,0.587,0.266,0.136,0.012
56,116645,29453347,0.003,0.048,39,12,10,4,retired,wealth_generation,low,online,2,3,4,4,3,0.62,0.574,0.605,moderate,0.591,0.273,0.091,0.045,0.519,0.302,0.131,0.048
67,116833,29455285,0.163,0.333,50,8,19,1,employee,wealth_generation,medium,advisor,3,3,4,1,2,0.55,0.449,0.425,moderate,0.625,0.25,0.083,0.042,0.668,0.249,0.082,0.0
64,117544,29570241,0.134,0.493,41,8,8,3,employee,education,low,books,4,1,4,4,4,0.65,0.323,0.448,moderate,0.575,0.283,0.094,0.047,0.518,0.258,0.141,0.083
60,118025,29741408,0.114,0.368,39,6,6,2,employee,wealth_generation,low,advisor,2,2,3,5,5,0.62,0.398,0.498,moderate,0.559,0.294,0.098,0.049,0.595,0.275,0.086,0.044
52,118208,29810757,0.156,0.399,35,8,2,2,employee,retirement,low,none,3,1,3,3,3,0.5,0.371,0.484,moderate,0.521,0.319,0.106,0.053,0.567,0.277,0.103,0.053
61,118369,30089468,0.182,0.275,43,11,28,4,employee,retirement,medium,online,1,3,1,1,3,0.36,0.511,0.364,moderate,0.625,0.25,0.083,0.042,0.639,0.306,0.016,0.039
66,118894,30186176,0.296,0.187,46,10,9,2,employee,education,low,advisor,5,2,3,4,4,0.71,0.521,0.668,aggressive,0.769,0.139,0.046,0.046,0.755,0.179,0.066,0.0
57,119075,30194082,0.229,0.326,41,1,6,4,self-employed,wealth_generation,low,books,3,2,4,2,2,0.53,0.412,0.43,moderate,0.559,0.294,0.098,0.049,0.59,0.276,0.105,0.029
68,119495,30287752,0.198,0.34,50,10,11,3,employee,retirement,medium,online,4,1,3,4,5,0.64,0.427,0.489,moderate,0.598,0.268,0.089,0.045,0.616,0.244,0.07,0.07
67,119909,30366934,0.149,0.325,50,10,8,1,employee,education,medium,online,3,3,4,2,3,0.61,0.431,0.547,moderate,0.575,0.283,0.094,0.047,0.626,0.266,0.024,0.084
69,120355,30995538,0.132,0.496,47,2,7,3,retired,retirement,low,online,3,3,1,2,1,0.43,0.3,0.377,moderate,0.567,0.288,0.096,0.048,0.605,0.288,0.066,0.041
61,120789,31276368,0.027,0.211,39,2,13,5,employee,wealth_generation,low,friends,1,2,3,3,1,0.39,0.517,0.388,moderate,0.612,0.259,0.086,0.043,0.57,0.262,0.144,0.023
63,120831,31295275,0.125,0.045,43,11,3,8,retired,retirement,medium,advisor,2,1,3,2,4,0.45,0.556,0.456,moderate,0.531,0.312,0.104,0.052,0.596,0.31,0.094,0.0
68,121143,32105529,0.234,0.454,47,7,11,3,employee,wealth_generation,low,online,3,2,3,2,4,0.55,0.355,0.481,moderate,0.598,0.268,0.089,0.045,0.579,0.222,0.134,0.065
62,121345,32121790,0.13,0.124,44,11,9,1,employee,wealth_generation,low,advisor,3,3,4,2,1,0.55,0.563,0.544,moderate,0.583,0.278,0.093,0.046,0.638,0.24,0.086,0.036
56,121559,32275676,0.146,0.334,39,3,12,1,retired,income,low,online,3,4,1,3,4,0.6,0.408,0.542,moderate,0.605,0.263,0.088,0.044,0.634,0.235,0.121,0.011
57,121918,32565079,0.107,0.426,33,1,8,5,employee,retirement,low,advisor,4,4,3,3,2,0.67,0.367,0.539,moderate,0.575,0.283,0.094,0.047,0.529,0.305,0.095,0.071
61,122217,32874739,0.107,0.189,44,2,13,4,retired,education,high,advisor,2,1,3,3,3,0.45,0.5,0.5,moderate,0.612,0.259,0.086,0.043,0.609,0.29,0.1,0.0
52,122428,33126642,0.043,0.398,36,6,3,2,employee,income,medium,friends,3,4,2,3,3,0.61,0.375,0.482,moderate,0.531,0.312,0.104,0.052,0.543,0.317,0.114,0.026
59,122445,33249687,0.176,0.198,35,7,9,3,unemployed,retirement,medium,online,3,1,2,2,3,0.43,0.468,0.463,moderate,0.583,0.278,0.093,0.046,0.588,0.28,0.084,0.048
66,122501,33366040,0.143,0.378,43,12,7,5,self-employed,retirement,low,online,3,5,4,3,3,0.74,0.383,0.559,moderate,0.567,0.288,0.096,0.048,0.591,0.234,0.119,0.056
46,122747,33421658,0.174,0.069,23,10,10,3,retired,income,high,advisor,4,4,3,5,2,0.73,0.565,0.673,aggressive,0.773,0.136,0.045,0.045,0.761,0.151,0.051,0.037
69,123911,33531679,0.162,0.317,47,20,10,4,employee,wealth_generation,low,online,3,5,4,3,3,0.74,0.442,0.64,moderate,0.591,0.273,0.091,0.045,0.646,0.26,0.041,0.053
66,124555,33665066,0.219,0.325,42,1,14,2,self-employed,home_purchase,low,none,3,5,4,3,1,0.68,0.433,0.549,moderate,0.619,0.254,0.085,0.042,0.674,0.23,0.032,0.064
57,125457,34085145,0.206,0.256,39,2,14,4,retired,education,medium,advisor,2,3,3,4,3,0.58,0.463,0.544,moderate,0.619,0.254,0.085,0.042,0.645,0.233,0.042,0.08
63,126969,34336116,0.211,0.33,40,1,10,3,unemployed,retirement,low,books,4,2,2,4,5,0.65,0.395,0.565,moderate,0.591,0.273,0.091,0.045,0.551,0.247,0.15,0.052
60,127057,34336614,0.153,0.468,44,7,6,3,employee,retirement,low,friends,3,4,4,4,4,0.75,0.338,0.6,moderate,0.559,0.294,0.098,0.049,0.603,0.294,0.096,0.007
67,127878,34564145,0.124,0.35,50,4,13,4,employee,education,low,books,3,5,2,2,5,0.69,0.429,0.563,moderate,0.612,0.259,0.086,0.043,0.559,0.295,0.088,0.059
65,128098,34846538,0.271,0.518,44,9,25,3,self-employed,wealth_generation,high,none,3,2,2,2,5,0.54,0.328,0.444,moderate,0.625,0.25,0.083,0.042,0.562,0.301,0.105,0.032
51,129068,35276271,0.039,0.241,28,2,6,3,employee,wealth_generation,medium,friends,3,2,5,3,3,0.63,0.483,0.623,moderate,0.559,0.294,0.098,0.049,0.571,0.227,0.162,0.041
63,129090,35516223,0.076,0.269,40,2,3,2,employee,wealth_generation,low,online,4,4,4,3,2,0.71,0.458,0.583,moderate,0.531,0.312,0.104,0.052,0.528,0.314,0.07,0.088
58,129923,35653984,0.137,0.171,42,6,7,7,employee,retirement,low,friends,2,3,3,3,3,0.55,0.531,0.547,moderate,0.567,0.288,0.096,0.048,0.676,0.268,0.056,0.0
60,130279,35706924,0.176,0.581,44,5,10,6,employee,retirement,low,advisor,4,2,3,2,3,0.57,0.273,0.445,moderate,0.591,0.273,0.091,0.045,0.625,0.285,0.057,0.032
55,130427,35845008,0.008,0.058,31,12,8,3,self-employed,retirement,medium,friends,2,3,2,2,4,0.51,0.588,0.551,moderate,0.575,0.283,0.094,0.047,0.607,0.284,0.079,0.029
70,130429,35850897,0.199,0.208,46,12,19,0,employee,retirement,low,online,2,4,4,4,3,0.67,0.54,0.66,aggressive,0.792,0.125,0.042,0.042,0.785,0.101,0.087,0.027
66,131374,35951751,0.165,0.185,44,2,11,1,employee,education,high,books,2,1,2,2,3,0.38,0.534,0.424,moderate,0.598,0.268,0.089,0.045,0.593,0.29,0.087,0.031
55,131938,36195866,0.15,0.218,39,11,7,5,employee,retirement,low,advisor,2,3,3,3,3,0.55,0.501,0.542,moderate,0.567,0.288,0.096,0.048,0.572,0.268,0.088,0.072
51,133382,36250054,0.138,0.462,34,7,24,6,student,wealth_generation,low,online,4,3,4,3,4,0.72,0.349,0.593,moderate,0.625,0.25,0.083,0.042,0.586,0.282,0.092,0.04
57,133529,36319870,0.157,0.211,34,7,4,1,employee,wealth_generation,low,friends,3,3,3,3,5,0.66,0.498,0.585,moderate,0.541,0.306,0.102,0.051,0.542,0.266,0.13,0.062
62,133667,36591237,0.079,0.462,39,1,4,4,employee,wealth_generation,medium,friends,4,5,1,3,4,0.7,0.34,0.531,moderate,0.541,0.306,0.102,0.051,0.587,0.313,0.087,0.013
61,134583,37077628,0.062,0.231,41,10,7,4,self-employed,retirement,medium,books,3,4,3,4,1,0.62,0.478,0.566,moderate,0.567,0.288,0.096,0.048,0.563,0.328,0.107,0.002
67,135047,37963943,0.111,0.413,50,1,3,2,self-employed,wealth_generation,low,none,3,3,2,3,1,0.5,0.358,0.444,moderate,0.531,0.312,0.104,0.052,0.488,0.361,0.101,0.05
64,135523,38007525,0.196,0.267,46,4,16,3,employee,wealth_generation,low,online,2,4,3,3,4,0.63,0.494,0.526,moderate,0.625,0.25,0.083,0.042,0.615,0.256,0.103,0.026
65,136062,38623414,0.17,0.19,45,1,8,4,self-employed,retirement,low,none,4,5,1,4,2,0.67,0.508,0.582,moderate,0.575,0.283,0.094,0.047,0.584,0.23,0.129,0.056
61,136306,39546847,0.149,0.241,43,7,16,1,self-employed,retirement,low,online,3,4,5,3,3,0.73,0.497,0.659,aggressive,0.792,0.125,0.042,0.042,0.717,0.163,0.051,0.068
51,137355,39747142,0.167,0.232,35,8,17,2,employee,home_purchase,low,advisor,2,1,2,4,3,0.44,0.521,0.459,moderate,0.625,0.25,0.083,0.042,0.619,0.25,0.084,0.048
58,139061,39788900,0.165,0.169,37,13,7,0,retired,wealth_generation,high,books,5,2,4,3,4,0.72,0.503,0.647,moderate,0.567,0.288,0.096,0.048,0.615,0.327,0.027,0.031
66,139916,39856541,0.114,0.181,46,10,12,6,employee,retirement,medium,online,3,3,4,1,3,0.58,0.542,0.533,moderate,0.605,0.263,0.088,0.044,0.562,0.261,0.11,0.066
59,140495,40400294,0.058,0.137,41,16,12,4,unemployed,wealth_generation,low,books,1,3,3,4,3,0.53,0.52,0.53,moderate,0.605,0.263,0.088,0.044,0.637,0.256,0.107,0.0
63,143014,40605708,0.252,0.199,39,10,20,3,employee,education,low,friends,3,2,3,4,2,0.55,0.553,0.555,moderate,0.625,0.25,0.083,0.042,0.632,0.292,0.036,0.04
58,143426,43280259,0.173,0.305,35,4,2,4,employee,retirement,high,advisor,1,1,1,3,2,0.29,0.439,0.358,moderate,0.521,0.319,0.106,0.053,0.505,0.309,0.131,0.056
53,143506,43815785,0.194,0.218,31,7,8,8,employee,income,low,online,3,3,1,4,4,0.58,0.509,0.54,moderate,0.575,0.283,0.094,0.047,0.581,0.282,0.085,0.052
59,143701,44354288,0.146,0.34,42,6,20,2,self-employed,education,low,online,5,4,5,3,4,0.86,0.444,0.698,aggressive,0.792,0.125,0.042,0.042,0.805,0.12,0.034,0.041
61,144061,44501607,0.208,0.587,41,7,7,1,employee,wealth_generation,low,online,3,4,3,1,1,0.53,0.268,0.482,moderate,0.567,0.288,0.096,0.048,0.582,0.28,0.066,0.072
56,146014,44604333,0.17,0.215,36,7,5,2,unemployed,income,low,books,5,3,4,2,2,0.68,0.457,0.603,moderate,0.55,0.3,0.1,0.05,0.58,0.268,0.096,0.056
58,146049,44990641,0.039,0.246,37,9,13,6,employee,retirement,low,books,3,4,4,3,4,0.72,0.505,0.678,aggressive,0.784,0.129,0.043,0.043,0.754,0.145,0.084,0.017
54,146775,45525166,0.25,0.126,33,1,8,3,self-employed,education,low,friends,3,4,4,2,3,0.66,0.553,0.612,moderate,0.575,0.283,0.094,0.047,0.577,0.309,0.067,0.046
66,148490,45814438,0.114,0.22,48,10,11,5,employee,wealth_generation,low,advisor,2,4,3,2,1,0.51,0.518,0.435,moderate,0.598,0.268,0.089,0.045,0.652,0.218,0.101,0.029
58,149432,45867136,0.072,0.346,39,2,18,2,employee,wealth_generation,medium,online,4,3,3,4,2,0.65,0.449,0.592,moderate,0.625,0.25,0.083,0.042,0.654,0.305,0.041,0.0
68,150386,46166601,0.054,0.151,50,0,12,3,retired,wealth_generation,high,online,2,4,4,4,5,0.73,0.533,0.71,aggressive,0.781,0.132,0.044,0.044,0.729,0.143,0.04,0.087
69,150585,46564737,0.199,0.135,50,7,12,1,employee,retirement,low,none,4,4,4,3,2,0.71,0.578,0.661,aggressive,0.781,0.132,0.044,0.044,0.752,0.107,0.101,0.04
59,150745,47095625,0.195,0.214,39,8,7,3,retired,retirement,medium,books,3,4,2,2,2,0.55,0.48,0.505,moderate,0.567,0.288,0.096,0.048,0.567,0.281,0.091,0.06
53,151653,47849451,0.194,0.392,34,1,17,2,employee,wealth_generation,medium,friends,4,3,3,2,3,0.62,0.417,0.542,moderate,0.625,0.25,0.083,0.042,0.6,0.302,0.098,0.0
47,152325,48231618,0.262,0.304,25,7,16,3,self-employed,income,low,books,3,3,5,3,2,0.65,0.461,0.609,moderate,0.625,0.25,0.083,0.042,0.622,0.241,0.117,0.021
51,154843,48318064,0.123,0.512,29,7,7,5,employee,retirement,low,friends,2,2,3,4,2,0.5,0.319,0.432,moderate,0.567,0.288,0.096,0.048,0.655,0.303,0.037,0.005
51,154946,48343411,0.165,0.45,32,1,8,6,unemployed,retirement,medium,none,2,4,2,4,2,0.56,0.328,0.447,moderate,0.575,0.283,0.094,0.047,0.582,0.277,0.108,0.034
68,155298,49572415,0.177,0.119,50,9,17,2,employee,retirement,high,online,3,2,3,3,2,0.52,0.605,0.525,moderate,0.625,0.25,0.083,0.042,0.656,0.267,0.034,0.043
60,157439,50126886,0.314,0.047,41,3,9,4,employee,wealth_generation,medium,advisor,2,3,2,3,3,0.51,0.63,0.579,moderate,0.583,0.278,0.093,0.046,0.52,0.291,0.105,0.084
62,160184,50151886,0.116,0.223,39,11,10,5,employee,wealth_generation,low,books,2,4,4,4,4,0.7,0.517,0.721,aggressive,0.773,0.136,0.045,0.045,0.783,0.161,0.0,0.056
46,160598,50341414,0.288,0.267,29,4,9,1,retired,retirement,low,online,3,3,3,2,3,0.57,0.456,0.489,moderate,0.583,0.278,0.093,0.046,0.57,0.265,0.143,0.022
52,161245,51226288,0.075,0.265,32,6,5,4,employee,retirement,medium,online,3,4,1,3,4,0.6,0.477,0.57,moderate,0.55,0.3,0.1,0.05,0.56,0.298,0.126,0.017
65,161286,51895233,0.209,0.11,43,13,9,4,employee,wealth_generation,low,friends,2,3,1,3,2,0.44,0.59,0.52,moderate,0.583,0.278,0.093,0.046,0.626,0.28,0.054,0.04
61,162275,54068106,0.18,0.105,40,11,18,2,retired,wealth_generation,medium,online,2,3,2,3,3,0.51,0.585,0.507,moderate,0.625,0.25,0.083,0.042,0.626,0.272,0.102,0.0
59,166475,58968170,0.224,0.051,35,11,11,0,retired,home_purchase,low,online,3,3,1,3,1,0.46,0.6,0.54,moderate,0.598,0.268,0.089,0.045,0.635,0.254,0.111,0.0
63,167540,60843797,0.024,0.411,46,2,11,2,employee,wealth_generation,low,none,3,5,4,2,2,0.68,0.397,0.628,moderate,0.598,0.268,0.089,0.045,0.598,0.278,0.077,0.048
69,168672,62121644,0.05,0.497,50,1,5,4,self-employed,wealth_generation,low,books,3,4,4,5,2,0.72,0.319,0.588,moderate,0.55,0.3,0.1,0.05,0.544,0.272,0.118,0.066
58,171668,62390872,0.047,0.1,36,8,5,2,employee,education,medium,advisor,3,1,3,3,3,0.5,0.589,0.525,moderate,0.55,0.3,0.1,0.05,0.562,0.237,0.107,0.093
60,171679,65620593,0.171,0.149,37,5,2,2,student,income,low,advisor,4,2,2,2,3,0.53,0.506,0.48,moderate,0.521,0.319,0.106,0.053,0.53,0.314,0.085,0.071
61,175582,66360749,0.173,0.083,41,14,1,4,employee,home_purchase,high,online,4,2,2,3,5,0.62,0.589,0.621,moderate,0.511,0.326,0.109,0.054,0.471,0.338,0.139,0.052
74,180772,68075782,0.257,0.429,50,5,11,3,employee,education,low,books,3,4,3,2,2,0.59,0.388,0.505,moderate,0.598,0.268,0.089,0.045,0.598,0.281,0.105,0.015
47,181679,69214199,0.147,0.514,28,5,10,1,self-employed,wealth_generation,medium,friends,3,4,2,3,2,0.58,0.319,0.495,moderate,0.591,0.273,0.091,0.045,0.553,0.285,0.115,0.047
64,182494,73238938,0.046,0.17,40,7,7,3,retired,income,medium,advisor,3,1,5,3,3,0.58,0.52,0.547,moderate,0.567,0.288,0.096,0.048,0.621,0.256,0.12,0.003
59,182519,74019804,0.092,0.187,40,11,29,10,employee,retirement,medium,books,4,3,3,5,4,0.74,0.603,0.658,aggressive,0.792,0.125,0.042,0.042,0.82,0.109,0.063,0.008
63,183262,76894780,0.008,0.209,45,4,10,2,employee,wealth_generation,medium,online,2,3,4,2,3,0.56,0.536,0.553,moderate,0.591,0.273,0.091,0.045,0.554,0.287,0.091,0.067
56,188347,80679207,0.213,0.26,32,15,17,2,employee,retirement,low,books,3,4,4,4,3,0.72,0.521,0.675,aggressive,0.792,0.125,0.042,0.042,0.826,0.11,0.064,0.0
59,199598,82751087,0.224,0.328,37,7,6,1,retired,wealth_generation,low,advisor,2,3,2,2,4,0.51,0.423,0.5,moderate,0.559,0.294,0.098,0.049,0.578,0.326,0.096,0.0
64,201737,89855727,0.38,0.261,40,12,7,2,retired,wealth_generation,low,friends,2,2,4,4,2,0.54,0.469,0.503,moderate,0.567,0.288,0.096,0.048,0.619,0.223,0.082,0.076
75,206235,92831912,0.136,0.502,50,7,13,4,retired,retirement,low,online,2,5,3,2,3,0.62,0.327,0.467,moderate,0.612,0.259,0.086,0.043,0.611,0.279,0.063,0.047
64,232712,100522996,0.018,0.09,46,10,1,7,employee,retirement,low,advisor,4,2,2,3,2,0.53,0.602,0.55,moderate,0.511,0.326,0.109,0.054,0.535,0.302,0.119,0.045
54,252958,110630009,0.098,0.381,31,1,2,4,employee,wealth_generation,low,advisor,2,3,1,3,4,0.5,0.415,0.457,moderate,0.521,0.319,0.106,0.053,0.554,0.351,0.073,0.022
